捷星日本,GK051,KIX,TPE,2024-10-28,2024-10-29,23:35,01:30,0,3469,0,168
捷星日本,GK051,KIX,TPE,2024-10-29,2024-10-30,23:35,01:30,0,3469,0,168
捷星日本,GK051,KIX,TPE,2024-10-30,2024-10-31,23:35,01:30,0,3469,0,168
捷星日本,GK051,KIX,TPE,2024-10-31,2024-11-01,23:35,01:30,0,3469,0,168
捷星日本,GK051,KIX,TPE,2024-11-01,2024-11-02,23:35,01:30,0,3469,0,168
捷星日本,GK051,KIX,TPE,2024-11-02,2024-11-03,23:35,01:30,0,3469,0,168
捷星日本,GK051,KIX,TPE,2024-11-03,2024-11-04,23:35,01:30,0,3469,0,168
捷星日本,GK011,NRT,TPE,2024-10-28,2024-10-29,22:50,01:40,0,3526,0,180
捷星日本,GK011,NRT,TPE,2024-10-29,2024-10-30,22:50,01:40,0,3526,0,180
捷星日本,GK011,NRT,TPE,2024-10-30,2024-10-31,22:50,01:40,0,3526,0,180
捷星日本,GK011,NRT,TPE,2024-10-31,2024-11-01,22:50,01:40,0,3526,0,180
捷星日本,GK011,NRT,TPE,2024-11-01,2024-11-02,22:50,01:40,0,3526,0,180
捷星日本,GK011,NRT,TPE,2024-11-02,2024-11-03,22:50,01:40,0,3526,0,180
捷星日本,GK011,NRT,TPE,2024-11-03,2024-11-04,22:50,01:40,0,3526,0,180
捷星日本,GK013,NRT,TPE,2024-10-28,2024-10-28,09:15,12:05,0,3526,0,180
捷星日本,GK013,NRT,TPE,2024-10-29,2024-10-29,09:20,12:10,0,3526,0,180
捷星日本,GK013,NRT,TPE,2024-10-30,2024-10-30,09:20,12:10,0,3526,0,180
捷星日本,GK013,NRT,TPE,2024-10-31,2024-10-31,09:20,12:10,0,3526,0,180
捷星日本,GK013,NRT,TPE,2024-11-01,2024-11-01,09:20,12:10,0,3526,0,180
捷星日本,GK013,NRT,TPE,2024-11-02,2024-11-02,09:20,12:10,0,3526,0,180
捷星日本,GK013,NRT,TPE,2024-11-03,2024-11-03,09:20,12:10,0,3526,0,180
捷星日本,GK051,KIX,TPE,2024-11-05,2024-11-06,23:35,01:30,0,3469,0,168
捷星日本,GK051,KIX,TPE,2024-11-06,2024-11-07,23:35,01:30,0,3469,0,168
捷星日本,GK051,KIX,TPE,2024-11-07,2024-11-08,23:35,01:30,0,3469,0,168
捷星日本,GK051,KIX,TPE,2024-11-08,2024-11-09,23:35,01:30,0,3469,0,168
捷星日本,GK051,KIX,TPE,2024-11-09,2024-11-10,23:35,01:30,0,3469,0,168
捷星日本,GK051,KIX,TPE,2024-11-10,2024-11-11,23:35,01:30,0,3469,0,168
捷星日本,GK051,KIX,TPE,2024-11-04,2024-11-05,23:35,01:30,0,3469,0,168
捷星日本,GK011,NRT,TPE,2024-11-05,2024-11-06,22:50,01:40,0,3526,0,180
捷星日本,GK011,NRT,TPE,2024-11-06,2024-11-07,22:50,01:40,0,3526,0,180
捷星日本,GK011,NRT,TPE,2024-11-07,2024-11-08,22:50,01:40,0,3526,0,180
捷星日本,GK011,NRT,TPE,2024-11-08,2024-11-09,22:50,01:40,0,3526,0,180
捷星日本,GK011,NRT,TPE,2024-11-09,2024-11-10,22:50,01:40,0,3526,0,180
捷星日本,GK011,NRT,TPE,2024-11-10,2024-11-11,22:50,01:40,0,3526,0,180
捷星日本,GK011,NRT,TPE,2024-11-04,2024-11-04,22:50,01:40,0,3526,0,180
捷星日本,GK013,NRT,TPE,2024-11-05,2024-11-05,09:15,12:05,0,3526,0,180
捷星日本,GK013,NRT,TPE,2024-11-06,2024-11-06,09:20,12:10,0,3526,0,180
捷星日本,GK013,NRT,TPE,2024-11-07,2024-11-07,09:20,12:10,0,3526,0,180
捷星日本,GK013,NRT,TPE,2024-11-08,2024-11-08,09:20,12:10,0,3526,0,180
捷星日本,GK013,NRT,TPE,2024-11-09,2024-11-09,09:20,12:10,0,3526,0,180
捷星日本,GK013,NRT,TPE,2024-11-10,2024-11-10,09:20,12:10,0,3526,0,180
捷星日本,GK013,NRT,TPE,2024-11-12,2024-11-13,09:20,12:10,0,3526,0,180
捷星日本,GK051,KIX,TPE,2024-11-12,2024-11-13,23:35,01:30,0,3469,0,168
捷星日本,GK051,KIX,TPE,2024-11-13,2024-11-14,23:35,01:30,0,3469,0,168
捷星日本,GK051,KIX,TPE,2024-11-14,2024-11-15,23:35,01:30,0,3469,0,168
捷星日本,GK051,KIX,TPE,2024-11-15,2024-11-16,23:35,01:30,0,3469,0,168
捷星日本,GK051,KIX,TPE,2024-11-16,2024-11-17,23:35,01:30,0,3469,0,168
捷星日本,GK051,KIX,TPE,2024-11-17,2024-11-18,23:35,01:30,0,3469,0,168
捷星日本,GK051,KIX,TPE,2024-11-11,2024-11-12,23:35,01:30,0,3469,0,168
捷星日本,GK011,NRT,TPE,2024-11-12,2024-11-13,22:50,01:40,0,3526,0,180
捷星日本,GK011,NRT,TPE,2024-11-13,2024-11-14,22:50,01:40,0,3526,0,180
捷星日本,GK011,NRT,TPE,2024-11-14,2024-11-15,22:50,01:40,0,3526,0,180
捷星日本,GK011,NRT,TPE,2024-11-15,2024-11-16,22:50,01:40,0,3526,0,180
捷星日本,GK011,NRT,TPE,2024-11-16,2024-11-17,22:50,01:40,0,3526,0,180
捷星日本,GK011,NRT,TPE,2024-11-17,2024-11-18,22:50,01:40,0,3526,0,180
捷星日本,GK011,NRT,TPE,2024-11-11,2024-11-11,22:50,01:40,0,3526,0,180
捷星日本,GK013,NRT,TPE,2024-11-12,2024-11-12,09:15,12:05,0,3526,0,180
捷星日本,GK013,NRT,TPE,2024-11-13,2024-11-13,09:20,12:10,0,3526,0,180
捷星日本,GK013,NRT,TPE,2024-11-14,2024-11-14,09:20,12:10,0,3526,0,180
捷星日本,GK013,NRT,TPE,2024-11-15,2024-11-15,09:20,12:10,0,3526,0,180
捷星日本,GK013,NRT,TPE,2024-11-16,2024-11-16,09:20,12:10,0,3526,0,180
捷星日本,GK013,NRT,TPE,2024-11-17,2024-11-17,09:20,12:10,0,3526,0,180
捷星日本,GK013,NRT,TPE,2024-11-19,2024-11-20,09:20,12:10,0,3526,0,180
捷星日本,GK051,KIX,TPE,2024-11-19,2024-11-20,23:35,01:30,0,3469,0,168
捷星日本,GK051,KIX,TPE,2024-11-20,2024-11-21,23:35,01:30,0,3469,0,168
捷星日本,GK051,KIX,TPE,2024-11-21,2024-11-22,23:35,01:30,0,3469,0,168
捷星日本,GK051,KIX,TPE,2024-11-22,2024-11-23,23:35,01:30,0,3469,0,168
捷星日本,GK051,KIX,TPE,2024-11-23,2024-11-24,23:35,01:30,0,3469,0,168
捷星日本,GK051,KIX,TPE,2024-11-24,2024-11-25,23:35,01:30,0,3469,0,168
捷星日本,GK051,KIX,TPE,2024-11-18,2024-11-19,23:35,01:30,0,3469,0,168
捷星日本,GK011,NRT,TPE,2024-11-19,2024-11-20,22:50,01:40,0,3526,0,180
捷星日本,GK011,NRT,TPE,2024-11-20,2024-11-21,22:50,01:40,0,3526,0,180
捷星日本,GK011,NRT,TPE,2024-11-21,2024-11-22,22:50,01:40,0,3526,0,180
捷星日本,GK011,NRT,TPE,2024-11-22,2024-11-23,22:50,01:40,0,3526,0,180
捷星日本,GK011,NRT,TPE,2024-11-23,2024-11-24,22:50,01:40,0,3526,0,180
捷星日本,GK011,NRT,TPE,2024-11-24,2024-11-25,22:50,01:40,0,3526,0,180
捷星日本,GK011,NRT,TPE,2024-11-18,2024-11-18,22:50,01:40,0,3526,0,180
捷星日本,GK013,NRT,TPE,2024-11-19,2024-11-19,09:15,12:05,0,3526,0,180
捷星日本,GK013,NRT,TPE,2024-11-20,2024-11-20,09:20,12:10,0,3526,0,180
捷星日本,GK013,NRT,TPE,2024-11-21,2024-11-21,09:20,12:10,0,3526,0,180
捷星日本,GK013,NRT,TPE,2024-11-22,2024-11-22,09:20,12:10,0,3526,0,180
捷星日本,GK013,NRT,TPE,2024-11-23,2024-11-23,09:20,12:10,0,3526,0,180
捷星日本,GK013,NRT,TPE,2024-11-24,2024-11-24,09:20,12:10,0,3526,0,180
捷星日本,GK013,NRT,TPE,2024-11-26,2024-11-27,09:20,12:10,0,3526,0,180
捷星日本,GK051,KIX,TPE,2024-11-26,2024-11-27,23:35,01:30,0,3469,0,168
捷星日本,GK051,KIX,TPE,2024-11-27,2024-11-28,23:35,01:30,0,3469,0,168
捷星日本,GK051,KIX,TPE,2024-11-28,2024-11-29,23:35,01:30,0,3469,0,168
捷星日本,GK051,KIX,TPE,2024-11-29,2024-11-30,23:35,01:30,0,3469,0,168
捷星日本,GK051,KIX,TPE,2024-11-30,2024-12-01,23:35,01:30,0,3469,0,168
捷星日本,GK051,KIX,TPE,2024-12-01,2024-12-02,23:35,01:30,0,3469,0,168
捷星日本,GK051,KIX,TPE,2024-11-25,2024-11-26,23:35,01:30,0,3469,0,168
捷星日本,GK011,NRT,TPE,2024-11-26,2024-11-27,22:50,01:40,0,3526,0,180
捷星日本,GK011,NRT,TPE,2024-11-27,2024-11-28,22:50,01:40,0,3526,0,180
捷星日本,GK011,NRT,TPE,2024-11-28,2024-11-29,22:50,01:40,0,3526,0,180
捷星日本,GK011,NRT,TPE,2024-11-29,2024-11-30,22:50,01:40,0,3526,0,180
捷星日本,GK011,NRT,TPE,2024-11-30,2024-12-01,22:50,01:40,0,3526,0,180
捷星日本,GK011,NRT,TPE,2024-12-01,2024-12-02,22:50,01:40,0,3526,0,180
捷星日本,GK011,NRT,TPE,2024-11-25,2024-11-25,22:50,01:40,0,3526,0,180
捷星日本,GK013,NRT,TPE,2024-11-26,2024-11-26,09:15,12:05,0,3526,0,180
捷星日本,GK013,NRT,TPE,2024-11-27,2024-11-27,09:20,12:10,0,3526,0,180
捷星日本,GK013,NRT,TPE,2024-11-28,2024-11-28,09:20,12:10,0,3526,0,180
捷星日本,GK013,NRT,TPE,2024-11-29,2024-11-29,09:20,12:10,0,3526,0,180
捷星日本,GK013,NRT,TPE,2024-11-30,2024-11-30,09:20,12:10,0,3526,0,180
捷星日本,GK013,NRT,TPE,2024-12-01,2024-12-01,09:20,12:10,0,3526,0,180
捷星日本,GK013,NRT,TPE,2024-12-03,2024-12-04,09:20,12:10,0,3526,0,180
捷星日本,GK051,KIX,TPE,2024-12-03,2024-12-04,23:35,01:30,0,3469,0,168
捷星日本,GK051,KIX,TPE,2024-12-04,2024-12-05,23:35,01:30,0,3469,0,168
捷星日本,GK051,KIX,TPE,2024-12-05,2024-12-06,23:35,01:30,0,3469,0,168
捷星日本,GK051,KIX,TPE,2024-12-06,2024-12-07,23:35,01:30,0,3469,0,168
捷星日本,GK051,KIX,TPE,2024-12-07,2024-12-08,23:35,01:30,0,3469,0,168
捷星日本,GK051,KIX,TPE,2024-12-08,2024-12-09,23:35,01:30,0,3469,0,168
捷星日本,GK051,KIX,TPE,2024-12-02,2024-12-03,23:35,01:30,0,3469,0,168
捷星日本,GK011,NRT,TPE,2024-12-03,2024-12-04,22:50,01:40,0,3526,0,180
捷星日本,GK011,NRT,TPE,2024-12-04,2024-12-05,22:50,01:40,0,3526,0,180
捷星日本,GK011,NRT,TPE,2024-12-05,2024-12-06,22:50,01:40,0,3526,0,180
捷星日本,GK011,NRT,TPE,2024-12-06,2024-12-07,22:50,01:40,0,3526,0,180
捷星日本,GK011,NRT,TPE,2024-12-07,2024-12-08,22:50,01:40,0,3526,0,180
捷星日本,GK011,NRT,TPE,2024-12-08,2024-12-09,22:50,01:40,0,3526,0,180
捷星日本,GK011,NRT,TPE,2024-12-02,2024-12-02,22:50,01:40,0,3526,0,180
捷星日本,GK013,NRT,TPE,2024-12-03,2024-12-03,09:15,12:05,0,3526,0,180
捷星日本,GK013,NRT,TPE,2024-12-04,2024-12-04,09:20,12:10,0,3526,0,180
捷星日本,GK013,NRT,TPE,2024-12-05,2024-12-05,09:20,12:10,0,3526,0,180
捷星日本,GK013,NRT,TPE,2024-12-06,2024-12-06,09:20,12:10,0,3526,0,180
捷星日本,GK013,NRT,TPE,2024-12-07,2024-12-07,09:20,12:10,0,3526,0,180
捷星日本,GK013,NRT,TPE,2024-12-08,2024-12-08,09:20,12:10,0,3526,0,180
捷星日本,GK013,NRT,TPE,2024-12-10,2024-12-11,09:20,12:10,0,3526,0,180
捷星日本,GK051,KIX,TPE,2024-12-10,2024-12-11,23:35,01:30,0,3469,0,168
捷星日本,GK051,KIX,TPE,2024-12-11,2024-12-12,23:35,01:30,0,3469,0,168
捷星日本,GK051,KIX,TPE,2024-12-12,2024-12-13,23:35,01:30,0,3469,0,168
捷星日本,GK051,KIX,TPE,2024-12-13,2024-12-14,23:35,01:30,0,3469,0,168
捷星日本,GK051,KIX,TPE,2024-12-14,2024-12-15,23:35,01:30,0,3469,0,168
捷星日本,GK051,KIX,TPE,2024-12-15,2024-12-16,23:35,01:30,0,3469,0,168
捷星日本,GK051,KIX,TPE,2024-12-09,2024-12-10,23:35,01:30,0,3469,0,168
捷星日本,GK011,NRT,TPE,2024-12-10,2024-12-11,22:50,01:40,0,3526,0,180
捷星日本,GK011,NRT,TPE,2024-12-11,2024-12-12,22:50,01:40,0,3526,0,180
捷星日本,GK011,NRT,TPE,2024-12-12,2024-12-13,22:50,01:40,0,3526,0,180
捷星日本,GK011,NRT,TPE,2024-12-13,2024-12-14,22:50,01:40,0,3526,0,180
捷星日本,GK011,NRT,TPE,2024-12-14,2024-12-15,22:50,01:40,0,3526,0,180
捷星日本,GK011,NRT,TPE,2024-12-15,2024-12-16,22:50,01:40,0,3526,0,180
捷星日本,GK011,NRT,TPE,2024-12-09,2024-12-09,22:50,01:40,0,3526,0,180
捷星日本,GK013,NRT,TPE,2024-12-10,2024-12-10,09:15,12:05,0,3526,0,180
捷星日本,GK013,NRT,TPE,2024-12-11,2024-12-11,09:20,12:10,0,3526,0,180
捷星日本,GK013,NRT,TPE,2024-12-12,2024-12-12,09:20,12:10,0,3526,0,180
捷星日本,GK013,NRT,TPE,2024-12-13,2024-12-13,09:20,12:10,0,3526,0,180
捷星日本,GK013,NRT,TPE,2024-12-14,2024-12-14,09:20,12:10,0,3526,0,180
捷星日本,GK013,NRT,TPE,2024-12-15,2024-12-15,09:20,12:10,0,3526,0,180
捷星日本,GK013,NRT,TPE,2024-12-17,2024-12-18,09:20,12:10,0,3526,0,180
捷星日本,GK051,KIX,TPE,2024-12-17,2024-12-18,23:35,01:30,0,3469,0,168
捷星日本,GK051,KIX,TPE,2024-12-18,2024-12-19,23:35,01:30,0,3469,0,168
捷星日本,GK051,KIX,TPE,2024-12-19,2024-12-20,23:35,01:30,0,3469,0,168
捷星日本,GK051,KIX,TPE,2024-12-20,2024-12-21,23:35,01:30,0,3469,0,168
捷星日本,GK051,KIX,TPE,2024-12-21,2024-12-22,23:35,01:30,0,3469,0,168
捷星日本,GK051,KIX,TPE,2024-12-22,2024-12-23,23:35,01:30,0,3469,0,168
捷星日本,GK051,KIX,TPE,2024-12-16,2024-12-17,23:35,01:30,0,3469,0,168
捷星日本,GK011,NRT,TPE,2024-12-17,2024-12-18,22:50,01:40,0,3526,0,180
捷星日本,GK011,NRT,TPE,2024-12-18,2024-12-19,22:50,01:40,0,3526,0,180
捷星日本,GK011,NRT,TPE,2024-12-19,2024-12-20,22:50,01:40,0,3526,0,180
捷星日本,GK011,NRT,TPE,2024-12-20,2024-12-21,22:50,01:40,0,3526,0,180
捷星日本,GK011,NRT,TPE,2024-12-21,2024-12-22,22:50,01:40,0,3526,0,180
捷星日本,GK011,NRT,TPE,2024-12-22,2024-12-23,22:50,01:40,0,3526,0,180
捷星日本,GK011,NRT,TPE,2024-12-16,2024-12-16,22:50,01:40,0,3526,0,180
捷星日本,GK013,NRT,TPE,2024-12-17,2024-12-17,09:15,12:05,0,3526,0,180
捷星日本,GK013,NRT,TPE,2024-12-18,2024-12-18,09:20,12:10,0,3526,0,180
捷星日本,GK013,NRT,TPE,2024-12-19,2024-12-19,09:20,12:10,0,3526,0,180
捷星日本,GK013,NRT,TPE,2024-12-20,2024-12-20,09:20,12:10,0,3526,0,180
捷星日本,GK013,NRT,TPE,2024-12-21,2024-12-21,09:20,12:10,0,3526,0,180
捷星日本,GK013,NRT,TPE,2024-12-22,2024-12-22,09:20,12:10,0,3526,0,180
捷星日本,GK013,NRT,TPE,2024-12-24,2024-12-25,09:20,12:10,0,3526,0,180
捷星日本,GK051,KIX,TPE,2024-12-24,2024-12-25,23:35,01:30,0,3469,0,168
捷星日本,GK051,KIX,TPE,2024-12-25,2024-12-26,23:35,01:30,0,3469,0,168
捷星日本,GK051,KIX,TPE,2024-12-26,2024-12-27,23:35,01:30,0,3469,0,168
捷星日本,GK051,KIX,TPE,2024-12-27,2024-12-28,23:35,01:30,0,3469,0,168
捷星日本,GK051,KIX,TPE,2024-12-28,2024-12-29,23:35,01:30,0,3469,0,168
捷星日本,GK051,KIX,TPE,2024-12-29,2024-12-30,23:35,01:30,0,3469,0,168
捷星日本,GK051,KIX,TPE,2024-12-23,2024-12-24,23:35,01:30,0,3469,0,168
捷星日本,GK011,NRT,TPE,2024-12-24,2024-12-25,22:50,01:40,0,3526,0,180
捷星日本,GK011,NRT,TPE,2024-12-25,2024-12-26,22:50,01:40,0,3526,0,180
捷星日本,GK011,NRT,TPE,2024-12-26,2024-12-27,22:50,01:40,0,3526,0,180
捷星日本,GK011,NRT,TPE,2024-12-27,2024-12-28,22:50,01:40,0,3526,0,180
捷星日本,GK011,NRT,TPE,2024-12-28,2024-12-29,22:50,01:40,0,3526,0,180
捷星日本,GK011,NRT,TPE,2024-12-29,2024-12-30,22:50,01:40,0,3526,0,180
捷星日本,GK011,NRT,TPE,2024-12-23,2024-12-23,22:50,01:40,0,3526,0,180
捷星日本,GK013,NRT,TPE,2024-12-24,2024-12-24,09:15,12:05,0,3526,0,180
捷星日本,GK013,NRT,TPE,2024-12-25,2024-12-25,09:20,12:10,0,3526,0,180
捷星日本,GK013,NRT,TPE,2024-12-26,2024-12-26,09:20,12:10,0,3526,0,180
捷星日本,GK013,NRT,TPE,2024-12-27,2024-12-27,09:20,12:10,0,3526,0,180
捷星日本,GK013,NRT,TPE,2024-12-28,2024-12-28,09:20,12:10,0,3526,0,180
捷星日本,GK013,NRT,TPE,2024-12-29,2024-12-29,09:20,12:10,0,3526,0,180
捷星日本,GK013,NRT,TPE,2024-12-31,2025-01-01,09:20,12:10,0,3526,0,180
捷星日本,GK051,KIX,TPE,2024-12-31,2025-01-01,23:35,01:30,0,3469,0,168
捷星日本,GK051,KIX,TPE,2025-01-01,2025-01-02,23:35,01:30,0,3469,0,168
捷星日本,GK051,KIX,TPE,2025-01-02,2025-01-03,23:35,01:30,0,3469,0,168
捷星日本,GK051,KIX,TPE,2025-01-03,2025-01-04,23:35,01:30,0,3469,0,168
捷星日本,GK051,KIX,TPE,2025-01-04,2025-01-05,23:35,01:30,0,3469,0,168
捷星日本,GK051,KIX,TPE,2025-01-05,2025-01-06,23:35,01:30,0,3469,0,168
捷星日本,GK051,KIX,TPE,2024-12-30,2024-12-31,23:35,01:30,0,3469,0,168
捷星日本,GK011,NRT,TPE,2024-12-31,2025-01-01,22:50,01:40,0,3526,0,180
捷星日本,GK011,NRT,TPE,2025-01-01,2025-01-02,22:50,01:40,0,3526,0,180
捷星日本,GK011,NRT,TPE,2025-01-02,2025-01-03,22:50,01:40,0,3526,0,180
捷星日本,GK011,NRT,TPE,2025-01-03,2025-01-04,22:50,01:40,0,3526,0,180
捷星日本,GK011,NRT,TPE,2025-01-04,2025-01-05,22:50,01:40,0,3526,0,180
捷星日本,GK011,NRT,TPE,2025-01-05,2025-01-06,22:50,01:40,0,3526,0,180
捷星日本,GK011,NRT,TPE,2024-12-30,2024-12-30,22:50,01:40,0,3526,0,180
捷星日本,GK013,NRT,TPE,2024-12-31,2024-12-31,09:15,12:05,0,3526,0,180
捷星日本,GK013,NRT,TPE,2025-01-01,2025-01-01,09:20,12:10,0,3526,0,180
捷星日本,GK013,NRT,TPE,2025-01-02,2025-01-02,09:20,12:10,0,3526,0,180
捷星日本,GK013,NRT,TPE,2025-01-03,2025-01-03,09:20,12:10,0,3526,0,180
捷星日本,GK013,NRT,TPE,2025-01-04,2025-01-04,09:20,12:10,0,3526,0,180
捷星日本,GK013,NRT,TPE,2025-01-05,2025-01-05,09:20,12:10,0,3526,0,180
捷星日本,GK013,NRT,TPE,2025-01-07,2025-01-08,09:20,12:10,0,3526,0,180
捷星日本,GK051,KIX,TPE,2025-01-07,2025-01-08,23:35,01:30,0,3469,0,168
捷星日本,GK051,KIX,TPE,2025-01-08,2025-01-09,23:35,01:30,0,3469,0,168
捷星日本,GK051,KIX,TPE,2025-01-09,2025-01-10,23:35,01:30,0,3469,0,168
捷星日本,GK051,KIX,TPE,2025-01-10,2025-01-11,23:35,01:30,0,3469,0,168
捷星日本,GK051,KIX,TPE,2025-01-11,2025-01-12,23:35,01:30,0,3469,0,168
捷星日本,GK051,KIX,TPE,2025-01-12,2025-01-13,23:35,01:30,0,3469,0,168
捷星日本,GK051,KIX,TPE,2025-01-06,2025-01-07,23:35,01:30,0,3469,0,168
捷星日本,GK011,NRT,TPE,2025-01-07,2025-01-08,22:50,01:40,0,3526,0,180
捷星日本,GK011,NRT,TPE,2025-01-08,2025-01-09,22:50,01:40,0,3526,0,180
捷星日本,GK011,NRT,TPE,2025-01-09,2025-01-10,22:50,01:40,0,3526,0,180
捷星日本,GK011,NRT,TPE,2025-01-10,2025-01-11,22:50,01:40,0,3526,0,180
捷星日本,GK011,NRT,TPE,2025-01-11,2025-01-12,22:50,01:40,0,3526,0,180
捷星日本,GK011,NRT,TPE,2025-01-12,2025-01-13,22:50,01:40,0,3526,0,180
捷星日本,GK011,NRT,TPE,2025-01-06,2025-01-06,22:50,01:40,0,3526,0,180
捷星日本,GK013,NRT,TPE,2025-01-07,2025-01-07,09:15,12:05,0,3526,0,180
捷星日本,GK013,NRT,TPE,2025-01-08,2025-01-08,09:20,12:10,0,3526,0,180
捷星日本,GK013,NRT,TPE,2025-01-09,2025-01-09,09:20,12:10,0,3526,0,180
捷星日本,GK013,NRT,TPE,2025-01-10,2025-01-10,09:20,12:10,0,3526,0,180
捷星日本,GK013,NRT,TPE,2025-01-11,2025-01-11,09:20,12:10,0,3526,0,180
捷星日本,GK013,NRT,TPE,2025-01-12,2025-01-12,09:20,12:10,0,3526,0,180
捷星日本,GK013,NRT,TPE,2025-01-14,2025-01-15,09:20,12:10,0,3526,0,180
捷星日本,GK051,KIX,TPE,2025-01-14,2025-01-15,23:35,01:30,0,3469,0,168
捷星日本,GK051,KIX,TPE,2025-01-15,2025-01-16,23:35,01:30,0,3469,0,168
捷星日本,GK051,KIX,TPE,2025-01-16,2025-01-17,23:35,01:30,0,3469,0,168
捷星日本,GK051,KIX,TPE,2025-01-17,2025-01-18,23:35,01:30,0,3469,0,168
捷星日本,GK051,KIX,TPE,2025-01-18,2025-01-19,23:35,01:30,0,3469,0,168
捷星日本,GK051,KIX,TPE,2025-01-19,2025-01-20,23:35,01:30,0,3469,0,168
捷星日本,GK051,KIX,TPE,2025-01-13,2025-01-14,23:35,01:30,0,3469,0,168
捷星日本,GK011,NRT,TPE,2025-01-14,2025-01-15,22:50,01:40,0,3526,0,180
捷星日本,GK011,NRT,TPE,2025-01-15,2025-01-16,22:50,01:40,0,3526,0,180
捷星日本,GK011,NRT,TPE,2025-01-16,2025-01-17,22:50,01:40,0,3526,0,180
捷星日本,GK011,NRT,TPE,2025-01-17,2025-01-18,22:50,01:40,0,3526,0,180
捷星日本,GK011,NRT,TPE,2025-01-18,2025-01-19,22:50,01:40,0,3526,0,180
捷星日本,GK011,NRT,TPE,2025-01-19,2025-01-20,22:50,01:40,0,3526,0,180
捷星日本,GK011,NRT,TPE,2025-01-13,2025-01-13,22:50,01:40,0,3526,0,180
捷星日本,GK013,NRT,TPE,2025-01-14,2025-01-14,09:15,12:05,0,3526,0,180
捷星日本,GK013,NRT,TPE,2025-01-15,2025-01-15,09:20,12:10,0,3526,0,180
捷星日本,GK013,NRT,TPE,2025-01-16,2025-01-16,09:20,12:10,0,3526,0,180
捷星日本,GK013,NRT,TPE,2025-01-17,2025-01-17,09:20,12:10,0,3526,0,180
捷星日本,GK013,NRT,TPE,2025-01-18,2025-01-18,09:20,12:10,0,3526,0,180
捷星日本,GK013,NRT,TPE,2025-01-19,2025-01-19,09:20,12:10,0,3526,0,180
捷星日本,GK013,NRT,TPE,2025-01-21,2025-01-22,09:20,12:10,0,3526,0,180
捷星日本,GK051,KIX,TPE,2025-01-21,2025-01-22,23:35,01:30,0,3469,0,168
捷星日本,GK051,KIX,TPE,2025-01-22,2025-01-23,23:35,01:30,0,3469,0,168
捷星日本,GK051,KIX,TPE,2025-01-23,2025-01-24,23:35,01:30,0,3469,0,168
捷星日本,GK051,KIX,TPE,2025-01-24,2025-01-25,23:35,01:30,0,3469,0,168
捷星日本,GK051,KIX,TPE,2025-01-25,2025-01-26,23:35,01:30,0,3469,0,168
捷星日本,GK051,KIX,TPE,2025-01-26,2025-01-27,23:35,01:30,0,3469,0,168
捷星日本,GK051,KIX,TPE,2025-01-20,2025-01-21,23:35,01:30,0,3469,0,168
捷星日本,GK011,NRT,TPE,2025-01-21,2025-01-22,22:50,01:40,0,3526,0,180
捷星日本,GK011,NRT,TPE,2025-01-22,2025-01-23,22:50,01:40,0,3526,0,180
捷星日本,GK011,NRT,TPE,2025-01-23,2025-01-24,22:50,01:40,0,3526,0,180
捷星日本,GK011,NRT,TPE,2025-01-24,2025-01-25,22:50,01:40,0,3526,0,180
捷星日本,GK011,NRT,TPE,2025-01-25,2025-01-26,22:50,01:40,0,3526,0,180
捷星日本,GK011,NRT,TPE,2025-01-26,2025-01-27,22:50,01:40,0,3526,0,180
捷星日本,GK011,NRT,TPE,2025-01-20,2025-01-20,22:50,01:40,0,3526,0,180
捷星日本,GK013,NRT,TPE,2025-01-21,2025-01-21,09:15,12:05,0,3526,0,180
捷星日本,GK013,NRT,TPE,2025-01-22,2025-01-22,09:20,12:10,0,3526,0,180
捷星日本,GK013,NRT,TPE,2025-01-23,2025-01-23,09:20,12:10,0,3526,0,180
捷星日本,GK013,NRT,TPE,2025-01-24,2025-01-24,09:20,12:10,0,3526,0,180
捷星日本,GK013,NRT,TPE,2025-01-25,2025-01-25,09:20,12:10,0,3526,0,180
捷星日本,GK013,NRT,TPE,2025-01-26,2025-01-26,09:20,12:10,0,3526,0,180
捷星日本,GK013,NRT,TPE,2025-01-28,2025-01-29,09:20,12:10,0,3526,0,180
捷星日本,GK051,KIX,TPE,2025-01-28,2025-01-29,23:35,01:30,0,3469,0,168
捷星日本,GK051,KIX,TPE,2025-01-29,2025-01-30,23:35,01:30,0,3469,0,168
捷星日本,GK051,KIX,TPE,2025-01-30,2025-01-31,23:35,01:30,0,3469,0,168
捷星日本,GK051,KIX,TPE,2025-01-31,2025-02-01,23:35,01:30,0,3469,0,168
捷星日本,GK051,KIX,TPE,2025-02-01,2025-02-02,23:35,01:30,0,3469,0,168
捷星日本,GK051,KIX,TPE,2025-02-02,2025-02-03,23:35,01:30,0,3469,0,168
捷星日本,GK051,KIX,TPE,2025-01-27,2025-01-28,23:35,01:30,0,3469,0,168
捷星日本,GK011,NRT,TPE,2025-01-28,2025-01-29,22:50,01:40,0,3526,0,180
捷星日本,GK011,NRT,TPE,2025-01-29,2025-01-30,22:50,01:40,0,3526,0,180
捷星日本,GK011,NRT,TPE,2025-01-30,2025-01-31,22:50,01:40,0,3526,0,180
捷星日本,GK011,NRT,TPE,2025-01-31,2025-02-01,22:50,01:40,0,3526,0,180
捷星日本,GK011,NRT,TPE,2025-02-01,2025-02-02,22:50,01:40,0,3526,0,180
捷星日本,GK011,NRT,TPE,2025-02-02,2025-02-03,22:50,01:40,0,3526,0,180
捷星日本,GK011,NRT,TPE,2025-01-27,2025-01-27,22:50,01:40,0,3526,0,180
捷星日本,GK013,NRT,TPE,2025-01-28,2025-01-28,09:15,12:05,0,3526,0,180
捷星日本,GK013,NRT,TPE,2025-01-29,2025-01-29,09:20,12:10,0,3526,0,180
捷星日本,GK013,NRT,TPE,2025-01-30,2025-01-30,09:20,12:10,0,3526,0,180
捷星日本,GK013,NRT,TPE,2025-01-31,2025-01-31,09:20,12:10,0,3526,0,180
捷星日本,GK013,NRT,TPE,2025-02-01,2025-02-01,09:20,12:10,0,3526,0,180
捷星日本,GK013,NRT,TPE,2025-02-02,2025-02-02,09:20,12:10,0,3526,0,180
捷星日本,GK013,NRT,TPE,2025-02-04,2025-02-05,09:20,12:10,0,3526,0,180
捷星日本,GK051,KIX,TPE,2025-02-04,2025-02-05,23:35,01:30,0,3469,0,168
捷星日本,GK051,KIX,TPE,2025-02-05,2025-02-06,23:35,01:30,0,3469,0,168
捷星日本,GK051,KIX,TPE,2025-02-06,2025-02-07,23:35,01:30,0,3469,0,168
捷星日本,GK051,KIX,TPE,2025-02-07,2025-02-08,23:35,01:30,0,3469,0,168
捷星日本,GK051,KIX,TPE,2025-02-08,2025-02-09,23:35,01:30,0,3469,0,168
捷星日本,GK051,KIX,TPE,2025-02-09,2025-02-10,23:35,01:30,0,3469,0,168
捷星日本,GK051,KIX,TPE,2025-02-03,2025-02-04,23:35,01:30,0,3469,0,168
捷星日本,GK011,NRT,TPE,2025-02-04,2025-02-05,22:50,01:40,0,3526,0,180
捷星日本,GK011,NRT,TPE,2025-02-05,2025-02-06,22:50,01:40,0,3526,0,180
捷星日本,GK011,NRT,TPE,2025-02-06,2025-02-07,22:50,01:40,0,3526,0,180
捷星日本,GK011,NRT,TPE,2025-02-07,2025-02-08,22:50,01:40,0,3526,0,180
捷星日本,GK011,NRT,TPE,2025-02-08,2025-02-09,22:50,01:40,0,3526,0,180
捷星日本,GK011,NRT,TPE,2025-02-09,2025-02-10,22:50,01:40,0,3526,0,180
捷星日本,GK011,NRT,TPE,2025-02-03,2025-02-03,22:50,01:40,0,3526,0,180
捷星日本,GK013,NRT,TPE,2025-02-04,2025-02-04,09:15,12:05,0,3526,0,180
捷星日本,GK013,NRT,TPE,2025-02-05,2025-02-05,09:20,12:10,0,3526,0,180
捷星日本,GK013,NRT,TPE,2025-02-06,2025-02-06,09:20,12:10,0,3526,0,180
捷星日本,GK013,NRT,TPE,2025-02-07,2025-02-07,09:20,12:10,0,3526,0,180
捷星日本,GK013,NRT,TPE,2025-02-08,2025-02-08,09:20,12:10,0,3526,0,180
捷星日本,GK013,NRT,TPE,2025-02-09,2025-02-09,09:20,12:10,0,3526,0,180
捷星日本,GK013,NRT,TPE,2025-02-11,2025-02-12,09:20,12:10,0,3526,0,180
捷星日本,GK051,KIX,TPE,2025-02-11,2025-02-12,23:35,01:30,0,3469,0,168
捷星日本,GK051,KIX,TPE,2025-02-12,2025-02-13,23:35,01:30,0,3469,0,168
捷星日本,GK051,KIX,TPE,2025-02-13,2025-02-14,23:35,01:30,0,3469,0,168
捷星日本,GK051,KIX,TPE,2025-02-14,2025-02-15,23:35,01:30,0,3469,0,168
捷星日本,GK051,KIX,TPE,2025-02-15,2025-02-16,23:35,01:30,0,3469,0,168
捷星日本,GK051,KIX,TPE,2025-02-16,2025-02-17,23:35,01:30,0,3469,0,168
捷星日本,GK051,KIX,TPE,2025-02-10,2025-02-11,23:35,01:30,0,3469,0,168
捷星日本,GK011,NRT,TPE,2025-02-11,2025-02-12,22:50,01:40,0,3526,0,180
捷星日本,GK011,NRT,TPE,2025-02-12,2025-02-13,22:50,01:40,0,3526,0,180
捷星日本,GK011,NRT,TPE,2025-02-13,2025-02-14,22:50,01:40,0,3526,0,180
捷星日本,GK011,NRT,TPE,2025-02-14,2025-02-15,22:50,01:40,0,3526,0,180
捷星日本,GK011,NRT,TPE,2025-02-15,2025-02-16,22:50,01:40,0,3526,0,180
捷星日本,GK011,NRT,TPE,2025-02-16,2025-02-17,22:50,01:40,0,3526,0,180
捷星日本,GK011,NRT,TPE,2025-02-10,2025-02-10,22:50,01:40,0,3526,0,180
捷星日本,GK013,NRT,TPE,2025-02-11,2025-02-11,09:15,12:05,0,3526,0,180
捷星日本,GK013,NRT,TPE,2025-02-12,2025-02-12,09:20,12:10,0,3526,0,180
捷星日本,GK013,NRT,TPE,2025-02-13,2025-02-13,09:20,12:10,0,3526,0,180
捷星日本,GK013,NRT,TPE,2025-02-14,2025-02-14,09:20,12:10,0,3526,0,180
捷星日本,GK013,NRT,TPE,2025-02-15,2025-02-15,09:20,12:10,0,3526,0,180
捷星日本,GK013,NRT,TPE,2025-02-16,2025-02-16,09:20,12:10,0,3526,0,180
捷星日本,GK013,NRT,TPE,2025-02-18,2025-02-19,09:20,12:10,0,3526,0,180
捷星日本,GK051,KIX,TPE,2025-02-18,2025-02-19,23:35,01:30,0,3469,0,168
捷星日本,GK051,KIX,TPE,2025-02-19,2025-02-20,23:35,01:30,0,3469,0,168
捷星日本,GK051,KIX,TPE,2025-02-20,2025-02-21,23:35,01:30,0,3469,0,168
捷星日本,GK051,KIX,TPE,2025-02-21,2025-02-22,23:35,01:30,0,3469,0,168
捷星日本,GK051,KIX,TPE,2025-02-22,2025-02-23,23:35,01:30,0,3469,0,168
捷星日本,GK051,KIX,TPE,2025-02-23,2025-02-24,23:35,01:30,0,3469,0,168
捷星日本,GK051,KIX,TPE,2025-02-17,2025-02-18,23:35,01:30,0,3469,0,168
捷星日本,GK011,NRT,TPE,2025-02-18,2025-02-19,22:50,01:40,0,3526,0,180
捷星日本,GK011,NRT,TPE,2025-02-19,2025-02-20,22:50,01:40,0,3526,0,180
捷星日本,GK011,NRT,TPE,2025-02-20,2025-02-21,22:50,01:40,0,3526,0,180
捷星日本,GK011,NRT,TPE,2025-02-21,2025-02-22,22:50,01:40,0,3526,0,180
捷星日本,GK011,NRT,TPE,2025-02-22,2025-02-23,22:50,01:40,0,3526,0,180
捷星日本,GK011,NRT,TPE,2025-02-23,2025-02-24,22:50,01:40,0,3526,0,180
捷星日本,GK011,NRT,TPE,2025-02-17,2025-02-17,22:50,01:40,0,3526,0,180
捷星日本,GK013,NRT,TPE,2025-02-18,2025-02-18,09:15,12:05,0,3526,0,180
捷星日本,GK013,NRT,TPE,2025-02-19,2025-02-19,09:20,12:10,0,3526,0,180
捷星日本,GK013,NRT,TPE,2025-02-20,2025-02-20,09:20,12:10,0,3526,0,180
捷星日本,GK013,NRT,TPE,2025-02-21,2025-02-21,09:20,12:10,0,3526,0,180
捷星日本,GK013,NRT,TPE,2025-02-22,2025-02-22,09:20,12:10,0,3526,0,180
捷星日本,GK013,NRT,TPE,2025-02-23,2025-02-23,09:20,12:10,0,3526,0,180
捷星日本,GK013,NRT,TPE,2025-02-25,2025-02-26,09:20,12:10,0,3526,0,180
捷星日本,GK051,KIX,TPE,2025-02-25,2025-02-26,23:35,01:30,0,3469,0,168
捷星日本,GK051,KIX,TPE,2025-02-26,2025-02-27,23:35,01:30,0,3469,0,168
捷星日本,GK051,KIX,TPE,2025-02-27,2025-02-28,23:35,01:30,0,3469,0,168
捷星日本,GK051,KIX,TPE,2025-02-28,2025-03-01,23:35,01:30,0,3469,0,168
捷星日本,GK051,KIX,TPE,2025-03-01,2025-03-02,23:35,01:30,0,3469,0,168
捷星日本,GK051,KIX,TPE,2025-03-02,2025-03-03,23:35,01:30,0,3469,0,168
捷星日本,GK051,KIX,TPE,2025-02-24,2025-02-25,23:35,01:30,0,3469,0,168
捷星日本,GK011,NRT,TPE,2025-02-25,2025-02-26,22:50,01:40,0,3526,0,180
捷星日本,GK011,NRT,TPE,2025-02-26,2025-02-27,22:50,01:40,0,3526,0,180
捷星日本,GK011,NRT,TPE,2025-02-27,2025-02-28,22:50,01:40,0,3526,0,180
捷星日本,GK011,NRT,TPE,2025-02-28,2025-03-01,22:50,01:40,0,3526,0,180
捷星日本,GK011,NRT,TPE,2025-03-01,2025-03-02,22:50,01:40,0,3526,0,180
捷星日本,GK011,NRT,TPE,2025-03-02,2025-03-03,22:50,01:40,0,3526,0,180
捷星日本,GK011,NRT,TPE,2025-02-24,2025-02-24,22:50,01:40,0,3526,0,180
捷星日本,GK013,NRT,TPE,2025-02-25,2025-02-25,09:15,12:05,0,3526,0,180
捷星日本,GK013,NRT,TPE,2025-02-26,2025-02-26,09:20,12:10,0,3526,0,180
捷星日本,GK013,NRT,TPE,2025-02-27,2025-02-27,09:20,12:10,0,3526,0,180
捷星日本,GK013,NRT,TPE,2025-02-28,2025-02-28,09:20,12:10,0,3526,0,180
捷星日本,GK013,NRT,TPE,2025-03-01,2025-03-01,09:20,12:10,0,3526,0,180
捷星日本,GK013,NRT,TPE,2025-03-02,2025-03-02,09:20,12:10,0,3526,0,180
捷星日本,GK013,NRT,TPE,2025-03-04,2025-03-05,09:20,12:10,0,3526,0,180
捷星日本,GK051,KIX,TPE,2025-03-04,2025-03-05,23:35,01:30,0,3469,0,168
捷星日本,GK051,KIX,TPE,2025-03-05,2025-03-06,23:35,01:30,0,3469,0,168
捷星日本,GK051,KIX,TPE,2025-03-06,2025-03-07,23:35,01:30,0,3469,0,168
捷星日本,GK051,KIX,TPE,2025-03-07,2025-03-08,23:35,01:30,0,3469,0,168
捷星日本,GK051,KIX,TPE,2025-03-08,2025-03-09,23:35,01:30,0,3469,0,168
捷星日本,GK051,KIX,TPE,2025-03-09,2025-03-10,23:35,01:30,0,3469,0,168
捷星日本,GK051,KIX,TPE,2025-03-03,2025-03-04,23:35,01:30,0,3469,0,168
捷星日本,GK011,NRT,TPE,2025-03-04,2025-03-05,22:50,01:40,0,3526,0,180
捷星日本,GK011,NRT,TPE,2025-03-05,2025-03-06,22:50,01:40,0,3526,0,180
捷星日本,GK011,NRT,TPE,2025-03-06,2025-03-07,22:50,01:40,0,3526,0,180
捷星日本,GK011,NRT,TPE,2025-03-07,2025-03-08,22:50,01:40,0,3526,0,180
捷星日本,GK011,NRT,TPE,2025-03-08,2025-03-09,22:50,01:40,0,3526,0,180
捷星日本,GK011,NRT,TPE,2025-03-09,2025-03-10,22:50,01:40,0,3526,0,180
捷星日本,GK011,NRT,TPE,2025-03-03,2025-03-03,22:50,01:40,0,3526,0,180
捷星日本,GK013,NRT,TPE,2025-03-04,2025-03-04,09:15,12:05,0,3526,0,180
捷星日本,GK013,NRT,TPE,2025-03-05,2025-03-05,09:20,12:10,0,3526,0,180
捷星日本,GK013,NRT,TPE,2025-03-06,2025-03-06,09:20,12:10,0,3526,0,180
捷星日本,GK013,NRT,TPE,2025-03-07,2025-03-07,09:20,12:10,0,3526,0,180
捷星日本,GK013,NRT,TPE,2025-03-08,2025-03-08,09:20,12:10,0,3526,0,180
捷星日本,GK013,NRT,TPE,2025-03-09,2025-03-09,09:20,12:10,0,3526,0,180
捷星日本,GK013,NRT,TPE,2025-03-11,2025-03-12,09:20,12:10,0,3526,0,180
捷星日本,GK051,KIX,TPE,2025-03-11,2025-03-12,23:35,01:30,0,3469,0,168
捷星日本,GK051,KIX,TPE,2025-03-12,2025-03-13,23:35,01:30,0,3469,0,168
捷星日本,GK051,KIX,TPE,2025-03-13,2025-03-14,23:35,01:30,0,3469,0,168
捷星日本,GK051,KIX,TPE,2025-03-14,2025-03-15,23:35,01:30,0,3469,0,168
捷星日本,GK051,KIX,TPE,2025-03-15,2025-03-16,23:35,01:30,0,3469,0,168
捷星日本,GK051,KIX,TPE,2025-03-16,2025-03-17,23:35,01:30,0,3469,0,168
捷星日本,GK051,KIX,TPE,2025-03-10,2025-03-11,23:35,01:30,0,3469,0,168
捷星日本,GK011,NRT,TPE,2025-03-11,2025-03-12,22:50,01:40,0,3526,0,180
捷星日本,GK011,NRT,TPE,2025-03-12,2025-03-13,22:50,01:40,0,3526,0,180
捷星日本,GK011,NRT,TPE,2025-03-13,2025-03-14,22:50,01:40,0,3526,0,180
捷星日本,GK011,NRT,TPE,2025-03-14,2025-03-15,22:50,01:40,0,3526,0,180
捷星日本,GK011,NRT,TPE,2025-03-15,2025-03-16,22:50,01:40,0,3526,0,180
捷星日本,GK011,NRT,TPE,2025-03-16,2025-03-17,22:50,01:40,0,3526,0,180
捷星日本,GK011,NRT,TPE,2025-03-10,2025-03-10,22:50,01:40,0,3526,0,180
捷星日本,GK013,NRT,TPE,2025-03-11,2025-03-11,09:15,12:05,0,3526,0,180
捷星日本,GK013,NRT,TPE,2025-03-12,2025-03-12,09:20,12:10,0,3526,0,180
捷星日本,GK013,NRT,TPE,2025-03-13,2025-03-13,09:20,12:10,0,3526,0,180
捷星日本,GK013,NRT,TPE,2025-03-14,2025-03-14,09:20,12:10,0,3526,0,180
捷星日本,GK013,NRT,TPE,2025-03-15,2025-03-15,09:20,12:10,0,3526,0,180
捷星日本,GK013,NRT,TPE,2025-03-16,2025-03-16,09:20,12:10,0,3526,0,180
捷星日本,GK013,NRT,TPE,2025-03-18,2025-03-19,09:20,12:10,0,3526,0,180
捷星日本,GK051,KIX,TPE,2025-03-18,2025-03-19,23:35,01:30,0,3469,0,168
捷星日本,GK051,KIX,TPE,2025-03-19,2025-03-20,23:35,01:30,0,3469,0,168
捷星日本,GK051,KIX,TPE,2025-03-20,2025-03-21,23:35,01:30,0,3469,0,168
捷星日本,GK051,KIX,TPE,2025-03-21,2025-03-22,23:35,01:30,0,3469,0,168
捷星日本,GK051,KIX,TPE,2025-03-22,2025-03-23,23:35,01:30,0,3469,0,168
捷星日本,GK051,KIX,TPE,2025-03-23,2025-03-24,23:35,01:30,0,3469,0,168
捷星日本,GK051,KIX,TPE,2025-03-17,2025-03-18,23:35,01:30,0,3469,0,168
捷星日本,GK011,NRT,TPE,2025-03-18,2025-03-19,22:50,01:40,0,3526,0,180
捷星日本,GK011,NRT,TPE,2025-03-19,2025-03-20,22:50,01:40,0,3526,0,180
捷星日本,GK011,NRT,TPE,2025-03-20,2025-03-21,22:50,01:40,0,3526,0,180
捷星日本,GK011,NRT,TPE,2025-03-21,2025-03-22,22:50,01:40,0,3526,0,180
捷星日本,GK011,NRT,TPE,2025-03-22,2025-03-23,22:50,01:40,0,3526,0,180
捷星日本,GK011,NRT,TPE,2025-03-23,2025-03-24,22:50,01:40,0,3526,0,180
捷星日本,GK011,NRT,TPE,2025-03-17,2025-03-17,22:50,01:40,0,3526,0,180
捷星日本,GK013,NRT,TPE,2025-03-18,2025-03-18,09:15,12:05,0,3526,0,180
捷星日本,GK013,NRT,TPE,2025-03-19,2025-03-19,09:20,12:10,0,3526,0,180
捷星日本,GK013,NRT,TPE,2025-03-20,2025-03-20,09:20,12:10,0,3526,0,180
捷星日本,GK013,NRT,TPE,2025-03-21,2025-03-21,09:20,12:10,0,3526,0,180
捷星日本,GK013,NRT,TPE,2025-03-22,2025-03-22,09:20,12:10,0,3526,0,180
捷星日本,GK013,NRT,TPE,2025-03-23,2025-03-23,09:20,12:10,0,3526,0,180
捷星日本,GK013,NRT,TPE,2025-03-25,2025-03-26,09:20,12:10,0,3526,0,180
捷星日本,GK051,KIX,TPE,2025-03-25,2025-03-26,23:35,01:30,0,3469,0,168
捷星日本,GK051,KIX,TPE,2025-03-26,2025-03-27,23:35,01:30,0,3469,0,168
捷星日本,GK051,KIX,TPE,2025-03-27,2025-03-28,23:35,01:30,0,3469,0,168
捷星日本,GK051,KIX,TPE,2025-03-28,2025-03-29,23:35,01:30,0,3469,0,168
捷星日本,GK051,KIX,TPE,2025-03-29,2025-03-30,23:35,01:30,0,3469,0,168
捷星日本,GK051,KIX,TPE,2025-03-30,2025-03-31,23:35,01:30,0,3469,0,168
捷星日本,GK051,KIX,TPE,2025-03-24,2025-03-25,23:35,01:30,0,3469,0,168
捷星日本,GK011,NRT,TPE,2025-03-25,2025-03-26,22:50,01:40,0,3526,0,180
捷星日本,GK011,NRT,TPE,2025-03-26,2025-03-27,22:50,01:40,0,3526,0,180
捷星日本,GK011,NRT,TPE,2025-03-27,2025-03-28,22:50,01:40,0,3526,0,180
捷星日本,GK011,NRT,TPE,2025-03-28,2025-03-29,22:50,01:40,0,3526,0,180
捷星日本,GK011,NRT,TPE,2025-03-29,2025-03-30,22:50,01:40,0,3526,0,180
捷星日本,GK011,NRT,TPE,2025-03-30,2025-03-31,22:50,01:40,0,3526,0,180
捷星日本,GK011,NRT,TPE,2025-03-24,2025-03-24,22:50,01:40,0,3526,0,180
捷星日本,GK013,NRT,TPE,2025-03-25,2025-03-25,09:15,12:05,0,3526,0,180
捷星日本,GK013,NRT,TPE,2025-03-26,2025-03-26,09:20,12:10,0,3526,0,180
捷星日本,GK013,NRT,TPE,2025-03-27,2025-03-27,09:20,12:10,0,3526,0,180
捷星日本,GK013,NRT,TPE,2025-03-28,2025-03-28,09:20,12:10,0,3526,0,180
捷星日本,GK013,NRT,TPE,2025-03-29,2025-03-29,09:20,12:10,0,3526,0,180
捷星日本,GK013,NRT,TPE,2025-03-30,2025-03-30,09:20,12:10,0,3526,0,180
捷星日本,GK013,NRT,TPE,2025-04-01,2025-04-02,09:20,12:10,0,3526,0,180
捷星日本,GK051,KIX,TPE,2025-04-01,2025-04-02,23:35,01:30,0,3469,0,168
捷星日本,GK051,KIX,TPE,2025-04-02,2025-04-03,23:35,01:30,0,3469,0,168
捷星日本,GK051,KIX,TPE,2025-04-03,2025-04-04,23:35,01:30,0,3469,0,168
捷星日本,GK051,KIX,TPE,2025-04-04,2025-04-05,23:35,01:30,0,3469,0,168
捷星日本,GK051,KIX,TPE,2025-04-05,2025-04-06,23:35,01:30,0,3469,0,168
捷星日本,GK051,KIX,TPE,2025-04-06,2025-04-07,23:35,01:30,0,3469,0,168
捷星日本,GK051,KIX,TPE,2025-03-31,2025-04-01,23:35,01:30,0,3469,0,168
捷星日本,GK011,NRT,TPE,2025-04-01,2025-04-02,22:50,01:40,0,3526,0,180
捷星日本,GK011,NRT,TPE,2025-04-02,2025-04-03,22:50,01:40,0,3526,0,180
捷星日本,GK011,NRT,TPE,2025-04-03,2025-04-04,22:50,01:40,0,3526,0,180
捷星日本,GK011,NRT,TPE,2025-04-04,2025-04-05,22:50,01:40,0,3526,0,180
捷星日本,GK011,NRT,TPE,2025-04-05,2025-04-06,22:50,01:40,0,3526,0,180
捷星日本,GK011,NRT,TPE,2025-04-06,2025-04-07,22:50,01:40,0,3526,0,180
捷星日本,GK011,NRT,TPE,2025-03-31,2025-03-31,22:50,01:40,0,3526,0,180
捷星日本,GK013,NRT,TPE,2025-04-01,2025-04-01,09:15,12:05,0,3526,0,180
捷星日本,GK013,NRT,TPE,2025-04-02,2025-04-02,09:20,12:10,0,3526,0,180
捷星日本,GK013,NRT,TPE,2025-04-03,2025-04-03,09:20,12:10,0,3526,0,180
捷星日本,GK013,NRT,TPE,2025-04-04,2025-04-04,09:20,12:10,0,3526,0,180
捷星日本,GK013,NRT,TPE,2025-04-05,2025-04-05,09:20,12:10,0,3526,0,180
捷星日本,GK013,NRT,TPE,2025-04-06,2025-04-06,09:20,12:10,0,3526,0,180
捷星日本,GK013,NRT,TPE,2025-04-08,2025-04-09,09:20,12:10,0,3526,0,180
捷星日本,GK051,KIX,TPE,2025-04-08,2025-04-09,23:35,01:30,0,3469,0,168
捷星日本,GK051,KIX,TPE,2025-04-09,2025-04-10,23:35,01:30,0,3469,0,168
捷星日本,GK051,KIX,TPE,2025-04-10,2025-04-11,23:35,01:30,0,3469,0,168
捷星日本,GK051,KIX,TPE,2025-04-11,2025-04-12,23:35,01:30,0,3469,0,168
捷星日本,GK051,KIX,TPE,2025-04-12,2025-04-13,23:35,01:30,0,3469,0,168
捷星日本,GK051,KIX,TPE,2025-04-13,2025-04-14,23:35,01:30,0,3469,0,168
捷星日本,GK051,KIX,TPE,2025-04-07,2025-04-08,23:35,01:30,0,3469,0,168
捷星日本,GK011,NRT,TPE,2025-04-08,2025-04-09,22:50,01:40,0,3526,0,180
捷星日本,GK011,NRT,TPE,2025-04-09,2025-04-10,22:50,01:40,0,3526,0,180
捷星日本,GK011,NRT,TPE,2025-04-10,2025-04-11,22:50,01:40,0,3526,0,180
捷星日本,GK011,NRT,TPE,2025-04-11,2025-04-12,22:50,01:40,0,3526,0,180
捷星日本,GK011,NRT,TPE,2025-04-12,2025-04-13,22:50,01:40,0,3526,0,180
捷星日本,GK011,NRT,TPE,2025-04-13,2025-04-14,22:50,01:40,0,3526,0,180
捷星日本,GK011,NRT,TPE,2025-04-07,2025-04-07,22:50,01:40,0,3526,0,180
捷星日本,GK013,NRT,TPE,2025-04-08,2025-04-08,09:15,12:05,0,3526,0,180
捷星日本,GK013,NRT,TPE,2025-04-09,2025-04-09,09:20,12:10,0,3526,0,180
捷星日本,GK013,NRT,TPE,2025-04-10,2025-04-10,09:20,12:10,0,3526,0,180
捷星日本,GK013,NRT,TPE,2025-04-11,2025-04-11,09:20,12:10,0,3526,0,180
捷星日本,GK013,NRT,TPE,2025-04-12,2025-04-12,09:20,12:10,0,3526,0,180
捷星日本,GK013,NRT,TPE,2025-04-13,2025-04-13,09:20,12:10,0,3526,0,180
捷星日本,GK013,NRT,TPE,2025-04-15,2025-04-16,09:20,12:10,0,3526,0,180
捷星日本,GK051,KIX,TPE,2025-04-15,2025-04-16,23:35,01:30,0,3469,0,168
捷星日本,GK051,KIX,TPE,2025-04-16,2025-04-17,23:35,01:30,0,3469,0,168
捷星日本,GK051,KIX,TPE,2025-04-17,2025-04-18,23:35,01:30,0,3469,0,168
捷星日本,GK051,KIX,TPE,2025-04-18,2025-04-19,23:35,01:30,0,3469,0,168
捷星日本,GK051,KIX,TPE,2025-04-19,2025-04-20,23:35,01:30,0,3469,0,168
捷星日本,GK051,KIX,TPE,2025-04-20,2025-04-21,23:35,01:30,0,3469,0,168
捷星日本,GK051,KIX,TPE,2025-04-14,2025-04-15,23:35,01:30,0,3469,0,168
捷星日本,GK011,NRT,TPE,2025-04-15,2025-04-16,22:50,01:40,0,3526,0,180
捷星日本,GK011,NRT,TPE,2025-04-16,2025-04-17,22:50,01:40,0,3526,0,180
捷星日本,GK011,NRT,TPE,2025-04-17,2025-04-18,22:50,01:40,0,3526,0,180
捷星日本,GK011,NRT,TPE,2025-04-18,2025-04-19,22:50,01:40,0,3526,0,180
捷星日本,GK011,NRT,TPE,2025-04-19,2025-04-20,22:50,01:40,0,3526,0,180
捷星日本,GK011,NRT,TPE,2025-04-20,2025-04-21,22:50,01:40,0,3526,0,180
捷星日本,GK011,NRT,TPE,2025-04-14,2025-04-14,22:50,01:40,0,3526,0,180
捷星日本,GK013,NRT,TPE,2025-04-15,2025-04-15,09:15,12:05,0,3526,0,180
捷星日本,GK013,NRT,TPE,2025-04-16,2025-04-16,09:20,12:10,0,3526,0,180
捷星日本,GK013,NRT,TPE,2025-04-17,2025-04-17,09:20,12:10,0,3526,0,180
捷星日本,GK013,NRT,TPE,2025-04-18,2025-04-18,09:20,12:10,0,3526,0,180
捷星日本,GK013,NRT,TPE,2025-04-19,2025-04-19,09:20,12:10,0,3526,0,180
捷星日本,GK013,NRT,TPE,2025-04-20,2025-04-20,09:20,12:10,0,3526,0,180
捷星日本,GK013,NRT,TPE,2025-04-22,2025-04-23,09:20,12:10,0,3526,0,180
捷星日本,GK051,KIX,TPE,2025-04-22,2025-04-23,23:35,01:30,0,3469,0,168
捷星日本,GK051,KIX,TPE,2025-04-23,2025-04-24,23:35,01:30,0,3469,0,168
捷星日本,GK051,KIX,TPE,2025-04-24,2025-04-25,23:35,01:30,0,3469,0,168
捷星日本,GK051,KIX,TPE,2025-04-25,2025-04-26,23:35,01:30,0,3469,0,168
捷星日本,GK051,KIX,TPE,2025-04-26,2025-04-27,23:35,01:30,0,3469,0,168
捷星日本,GK051,KIX,TPE,2025-04-27,2025-04-28,23:35,01:30,0,3469,0,168
捷星日本,GK051,KIX,TPE,2025-04-21,2025-04-22,23:35,01:30,0,3469,0,168
捷星日本,GK011,NRT,TPE,2025-04-22,2025-04-23,22:50,01:40,0,3526,0,180
捷星日本,GK011,NRT,TPE,2025-04-23,2025-04-24,22:50,01:40,0,3526,0,180
捷星日本,GK011,NRT,TPE,2025-04-24,2025-04-25,22:50,01:40,0,3526,0,180
捷星日本,GK011,NRT,TPE,2025-04-25,2025-04-26,22:50,01:40,0,3526,0,180
捷星日本,GK011,NRT,TPE,2025-04-26,2025-04-27,22:50,01:40,0,3526,0,180
捷星日本,GK011,NRT,TPE,2025-04-27,2025-04-28,22:50,01:40,0,3526,0,180
捷星日本,GK011,NRT,TPE,2025-04-21,2025-04-21,22:50,01:40,0,3526,0,180
捷星日本,GK013,NRT,TPE,2025-04-22,2025-04-22,09:15,12:05,0,3526,0,180
捷星日本,GK013,NRT,TPE,2025-04-23,2025-04-23,09:20,12:10,0,3526,0,180
捷星日本,GK013,NRT,TPE,2025-04-24,2025-04-24,09:20,12:10,0,3526,0,180
捷星日本,GK013,NRT,TPE,2025-04-25,2025-04-25,09:20,12:10,0,3526,0,180
捷星日本,GK013,NRT,TPE,2025-04-26,2025-04-26,09:20,12:10,0,3526,0,180
捷星日本,GK013,NRT,TPE,2025-04-27,2025-04-27,09:20,12:10,0,3526,0,180
捷星日本,GK013,NRT,TPE,2025-04-29,2025-04-30,09:20,12:10,0,3526,0,180
捷星日本,GK051,KIX,TPE,2025-04-29,2025-04-30,23:35,01:30,0,3469,0,168
捷星日本,GK051,KIX,TPE,2025-04-30,2025-05-01,23:35,01:30,0,3469,0,168
捷星日本,GK051,KIX,TPE,2025-05-01,2025-05-02,23:35,01:30,0,3469,0,168
捷星日本,GK051,KIX,TPE,2025-05-02,2025-05-03,23:35,01:30,0,3469,0,168
捷星日本,GK051,KIX,TPE,2025-05-03,2025-05-04,23:35,01:30,0,3469,0,168
捷星日本,GK051,KIX,TPE,2025-05-04,2025-05-05,23:35,01:30,0,3469,0,168
捷星日本,GK051,KIX,TPE,2025-04-28,2025-04-29,23:35,01:30,0,3469,0,168
捷星日本,GK011,NRT,TPE,2025-04-29,2025-04-30,22:50,01:40,0,3526,0,180
捷星日本,GK011,NRT,TPE,2025-04-30,2025-05-01,22:50,01:40,0,3526,0,180
捷星日本,GK011,NRT,TPE,2025-05-01,2025-05-02,22:50,01:40,0,3526,0,180
捷星日本,GK011,NRT,TPE,2025-05-02,2025-05-03,22:50,01:40,0,3526,0,180
捷星日本,GK011,NRT,TPE,2025-05-03,2025-05-04,22:50,01:40,0,3526,0,180
捷星日本,GK011,NRT,TPE,2025-05-04,2025-05-05,22:50,01:40,0,3526,0,180
捷星日本,GK011,NRT,TPE,2025-04-28,2025-04-28,22:50,01:40,0,3526,0,180
捷星日本,GK013,NRT,TPE,2025-04-29,2025-04-29,09:15,12:05,0,3526,0,180
捷星日本,GK013,NRT,TPE,2025-04-30,2025-04-30,09:20,12:10,0,3526,0,180
捷星日本,GK013,NRT,TPE,2025-05-01,2025-05-01,09:20,12:10,0,3526,0,180
捷星日本,GK013,NRT,TPE,2025-05-02,2025-05-02,09:20,12:10,0,3526,0,180
捷星日本,GK013,NRT,TPE,2025-05-03,2025-05-03,09:20,12:10,0,3526,0,180
捷星日本,GK013,NRT,TPE,2025-05-04,2025-05-04,09:20,12:10,0,3526,0,180
捷星日本,GK013,NRT,TPE,2025-05-06,2025-05-07,09:20,12:10,0,3526,0,180
捷星日本,GK051,KIX,TPE,2025-05-06,2025-05-07,23:35,01:30,0,3469,0,168
捷星日本,GK051,KIX,TPE,2025-05-07,2025-05-08,23:35,01:30,0,3469,0,168
捷星日本,GK051,KIX,TPE,2025-05-08,2025-05-09,23:35,01:30,0,3469,0,168
捷星日本,GK051,KIX,TPE,2025-05-09,2025-05-10,23:35,01:30,0,3469,0,168
捷星日本,GK051,KIX,TPE,2025-05-10,2025-05-11,23:35,01:30,0,3469,0,168
捷星日本,GK051,KIX,TPE,2025-05-11,2025-05-12,23:35,01:30,0,3469,0,168
捷星日本,GK051,KIX,TPE,2025-05-05,2025-05-06,23:35,01:30,0,3469,0,168
捷星日本,GK011,NRT,TPE,2025-05-06,2025-05-07,22:50,01:40,0,3526,0,180
捷星日本,GK011,NRT,TPE,2025-05-07,2025-05-08,22:50,01:40,0,3526,0,180
捷星日本,GK011,NRT,TPE,2025-05-08,2025-05-09,22:50,01:40,0,3526,0,180
捷星日本,GK011,NRT,TPE,2025-05-09,2025-05-10,22:50,01:40,0,3526,0,180
捷星日本,GK011,NRT,TPE,2025-05-10,2025-05-11,22:50,01:40,0,3526,0,180
捷星日本,GK011,NRT,TPE,2025-05-11,2025-05-12,22:50,01:40,0,3526,0,180
捷星日本,GK011,NRT,TPE,2025-05-05,2025-05-05,22:50,01:40,0,3526,0,180
捷星日本,GK013,NRT,TPE,2025-05-06,2025-05-06,09:15,12:05,0,3526,0,180
捷星日本,GK013,NRT,TPE,2025-05-07,2025-05-07,09:20,12:10,0,3526,0,180
捷星日本,GK013,NRT,TPE,2025-05-08,2025-05-08,09:20,12:10,0,3526,0,180
捷星日本,GK013,NRT,TPE,2025-05-09,2025-05-09,09:20,12:10,0,3526,0,180
捷星日本,GK013,NRT,TPE,2025-05-10,2025-05-10,09:20,12:10,0,3526,0,180
捷星日本,GK013,NRT,TPE,2025-05-11,2025-05-11,09:20,12:10,0,3526,0,180
捷星日本,GK013,NRT,TPE,2025-05-13,2025-05-14,09:20,12:10,0,3526,0,180
捷星日本,GK051,KIX,TPE,2025-05-13,2025-05-14,23:35,01:30,0,3469,0,168
捷星日本,GK051,KIX,TPE,2025-05-14,2025-05-15,23:35,01:30,0,3469,0,168
捷星日本,GK051,KIX,TPE,2025-05-15,2025-05-16,23:35,01:30,0,3469,0,168
捷星日本,GK051,KIX,TPE,2025-05-16,2025-05-17,23:35,01:30,0,3469,0,168
捷星日本,GK051,KIX,TPE,2025-05-17,2025-05-18,23:35,01:30,0,3469,0,168
捷星日本,GK051,KIX,TPE,2025-05-18,2025-05-19,23:35,01:30,0,3469,0,168
捷星日本,GK051,KIX,TPE,2025-05-12,2025-05-13,23:35,01:30,0,3469,0,168
捷星日本,GK011,NRT,TPE,2025-05-13,2025-05-14,22:50,01:40,0,3526,0,180
捷星日本,GK011,NRT,TPE,2025-05-14,2025-05-15,22:50,01:40,0,3526,0,180
捷星日本,GK011,NRT,TPE,2025-05-15,2025-05-16,22:50,01:40,0,3526,0,180
捷星日本,GK011,NRT,TPE,2025-05-16,2025-05-17,22:50,01:40,0,3526,0,180
捷星日本,GK011,NRT,TPE,2025-05-17,2025-05-18,22:50,01:40,0,3526,0,180
捷星日本,GK011,NRT,TPE,2025-05-18,2025-05-19,22:50,01:40,0,3526,0,180
捷星日本,GK011,NRT,TPE,2025-05-12,2025-05-12,22:50,01:40,0,3526,0,180
捷星日本,GK013,NRT,TPE,2025-05-13,2025-05-13,09:15,12:05,0,3526,0,180
捷星日本,GK013,NRT,TPE,2025-05-14,2025-05-14,09:20,12:10,0,3526,0,180
捷星日本,GK013,NRT,TPE,2025-05-15,2025-05-15,09:20,12:10,0,3526,0,180
捷星日本,GK013,NRT,TPE,2025-05-16,2025-05-16,09:20,12:10,0,3526,0,180
捷星日本,GK013,NRT,TPE,2025-05-17,2025-05-17,09:20,12:10,0,3526,0,180
捷星日本,GK013,NRT,TPE,2025-05-18,2025-05-18,09:20,12:10,0,3526,0,180
捷星日本,GK013,NRT,TPE,2025-05-20,2025-05-21,09:20,12:10,0,3526,0,180
捷星日本,GK051,KIX,TPE,2025-05-20,2025-05-21,23:35,01:30,0,3469,0,168
捷星日本,GK051,KIX,TPE,2025-05-21,2025-05-22,23:35,01:30,0,3469,0,168
捷星日本,GK051,KIX,TPE,2025-05-22,2025-05-23,23:35,01:30,0,3469,0,168
捷星日本,GK051,KIX,TPE,2025-05-23,2025-05-24,23:35,01:30,0,3469,0,168
捷星日本,GK051,KIX,TPE,2025-05-24,2025-05-25,23:35,01:30,0,3469,0,168
捷星日本,GK051,KIX,TPE,2025-05-25,2025-05-26,23:35,01:30,0,3469,0,168
捷星日本,GK051,KIX,TPE,2025-05-19,2025-05-20,23:35,01:30,0,3469,0,168
捷星日本,GK011,NRT,TPE,2025-05-20,2025-05-21,22:50,01:40,0,3526,0,180
捷星日本,GK011,NRT,TPE,2025-05-21,2025-05-22,22:50,01:40,0,3526,0,180
捷星日本,GK011,NRT,TPE,2025-05-22,2025-05-23,22:50,01:40,0,3526,0,180
捷星日本,GK011,NRT,TPE,2025-05-23,2025-05-24,22:50,01:40,0,3526,0,180
捷星日本,GK011,NRT,TPE,2025-05-24,2025-05-25,22:50,01:40,0,3526,0,180
捷星日本,GK011,NRT,TPE,2025-05-25,2025-05-26,22:50,01:40,0,3526,0,180
捷星日本,GK011,NRT,TPE,2025-05-19,2025-05-19,22:50,01:40,0,3526,0,180
捷星日本,GK013,NRT,TPE,2025-05-20,2025-05-20,09:15,12:05,0,3526,0,180
捷星日本,GK013,NRT,TPE,2025-05-21,2025-05-21,09:20,12:10,0,3526,0,180
捷星日本,GK013,NRT,TPE,2025-05-22,2025-05-22,09:20,12:10,0,3526,0,180
捷星日本,GK013,NRT,TPE,2025-05-23,2025-05-23,09:20,12:10,0,3526,0,180
捷星日本,GK013,NRT,TPE,2025-05-24,2025-05-24,09:20,12:10,0,3526,0,180
捷星日本,GK013,NRT,TPE,2025-05-25,2025-05-25,09:20,12:10,0,3526,0,180
捷星日本,GK013,NRT,TPE,2025-05-27,2025-05-28,09:20,12:10,0,3526,0,180
捷星日本,GK051,KIX,TPE,2025-05-27,2025-05-28,23:35,01:30,0,3469,0,168
捷星日本,GK051,KIX,TPE,2025-05-28,2025-05-29,23:35,01:30,0,3469,0,168
捷星日本,GK051,KIX,TPE,2025-05-29,2025-05-30,23:35,01:30,0,3469,0,168
捷星日本,GK051,KIX,TPE,2025-05-30,2025-05-31,23:35,01:30,0,3469,0,168
捷星日本,GK051,KIX,TPE,2025-05-31,2025-06-01,23:35,01:30,0,3469,0,168
捷星日本,GK051,KIX,TPE,2025-06-01,2025-06-02,23:35,01:30,0,3469,0,168
捷星日本,GK051,KIX,TPE,2025-05-26,2025-05-27,23:35,01:30,0,3469,0,168
捷星日本,GK011,NRT,TPE,2025-05-27,2025-05-28,22:50,01:40,0,3526,0,180
捷星日本,GK011,NRT,TPE,2025-05-28,2025-05-29,22:50,01:40,0,3526,0,180
捷星日本,GK011,NRT,TPE,2025-05-29,2025-05-30,22:50,01:40,0,3526,0,180
捷星日本,GK011,NRT,TPE,2025-05-30,2025-05-31,22:50,01:40,0,3526,0,180
捷星日本,GK011,NRT,TPE,2025-05-31,2025-06-01,22:50,01:40,0,3526,0,180
捷星日本,GK011,NRT,TPE,2025-06-01,2025-06-02,22:50,01:40,0,3526,0,180
捷星日本,GK011,NRT,TPE,2025-05-26,2025-05-26,22:50,01:40,0,3526,0,180
捷星日本,GK013,NRT,TPE,2025-05-27,2025-05-27,09:15,12:05,0,3526,0,180
捷星日本,GK013,NRT,TPE,2025-05-28,2025-05-28,09:20,12:10,0,3526,0,180
捷星日本,GK013,NRT,TPE,2025-05-29,2025-05-29,09:20,12:10,0,3526,0,180
捷星日本,GK013,NRT,TPE,2025-05-30,2025-05-30,09:20,12:10,0,3526,0,180
捷星日本,GK013,NRT,TPE,2025-05-31,2025-05-31,09:20,12:10,0,3526,0,180
捷星日本,GK013,NRT,TPE,2025-06-01,2025-06-01,09:20,12:10,0,3526,0,180
捷星日本,GK013,NRT,TPE,2025-06-03,2025-06-04,09:20,12:10,0,3526,0,180
捷星日本,GK051,KIX,TPE,2025-06-03,2025-06-04,23:35,01:30,0,3469,0,168
捷星日本,GK051,KIX,TPE,2025-06-04,2025-06-05,23:35,01:30,0,3469,0,168
捷星日本,GK051,KIX,TPE,2025-06-05,2025-06-06,23:35,01:30,0,3469,0,168
捷星日本,GK051,KIX,TPE,2025-06-06,2025-06-07,23:35,01:30,0,3469,0,168
捷星日本,GK051,KIX,TPE,2025-06-07,2025-06-08,23:35,01:30,0,3469,0,168
捷星日本,GK051,KIX,TPE,2025-06-08,2025-06-09,23:35,01:30,0,3469,0,168
捷星日本,GK051,KIX,TPE,2025-06-02,2025-06-03,23:35,01:30,0,3469,0,168
捷星日本,GK011,NRT,TPE,2025-06-03,2025-06-04,22:50,01:40,0,3526,0,180
捷星日本,GK011,NRT,TPE,2025-06-04,2025-06-05,22:50,01:40,0,3526,0,180
捷星日本,GK011,NRT,TPE,2025-06-05,2025-06-06,22:50,01:40,0,3526,0,180
捷星日本,GK011,NRT,TPE,2025-06-06,2025-06-07,22:50,01:40,0,3526,0,180
捷星日本,GK011,NRT,TPE,2025-06-07,2025-06-08,22:50,01:40,0,3526,0,180
捷星日本,GK011,NRT,TPE,2025-06-08,2025-06-09,22:50,01:40,0,3526,0,180
捷星日本,GK011,NRT,TPE,2025-06-02,2025-06-02,22:50,01:40,0,3526,0,180
捷星日本,GK013,NRT,TPE,2025-06-03,2025-06-03,09:15,12:05,0,3526,0,180
捷星日本,GK013,NRT,TPE,2025-06-04,2025-06-04,09:20,12:10,0,3526,0,180
捷星日本,GK013,NRT,TPE,2025-06-05,2025-06-05,09:20,12:10,0,3526,0,180
捷星日本,GK013,NRT,TPE,2025-06-06,2025-06-06,09:20,12:10,0,3526,0,180
捷星日本,GK013,NRT,TPE,2025-06-07,2025-06-07,09:20,12:10,0,3526,0,180
捷星日本,GK013,NRT,TPE,2025-06-08,2025-06-08,09:20,12:10,0,3526,0,180
捷星日本,GK013,NRT,TPE,2025-06-10,2025-06-11,09:20,12:10,0,3526,0,180
捷星日本,GK051,KIX,TPE,2025-06-10,2025-06-11,23:35,01:30,0,3469,0,168
捷星日本,GK051,KIX,TPE,2025-06-11,2025-06-12,23:35,01:30,0,3469,0,168
捷星日本,GK051,KIX,TPE,2025-06-12,2025-06-13,23:35,01:30,0,3469,0,168
捷星日本,GK051,KIX,TPE,2025-06-13,2025-06-14,23:35,01:30,0,3469,0,168
捷星日本,GK051,KIX,TPE,2025-06-14,2025-06-15,23:35,01:30,0,3469,0,168
捷星日本,GK051,KIX,TPE,2025-06-15,2025-06-16,23:35,01:30,0,3469,0,168
捷星日本,GK051,KIX,TPE,2025-06-09,2025-06-10,23:35,01:30,0,3469,0,168
捷星日本,GK011,NRT,TPE,2025-06-10,2025-06-11,22:50,01:40,0,3526,0,180
捷星日本,GK011,NRT,TPE,2025-06-11,2025-06-12,22:50,01:40,0,3526,0,180
捷星日本,GK011,NRT,TPE,2025-06-12,2025-06-13,22:50,01:40,0,3526,0,180
捷星日本,GK011,NRT,TPE,2025-06-13,2025-06-14,22:50,01:40,0,3526,0,180
捷星日本,GK011,NRT,TPE,2025-06-14,2025-06-15,22:50,01:40,0,3526,0,180
捷星日本,GK011,NRT,TPE,2025-06-15,2025-06-16,22:50,01:40,0,3526,0,180
捷星日本,GK011,NRT,TPE,2025-06-09,2025-06-09,22:50,01:40,0,3526,0,180
捷星日本,GK013,NRT,TPE,2025-06-10,2025-06-10,09:15,12:05,0,3526,0,180
捷星日本,GK013,NRT,TPE,2025-06-11,2025-06-11,09:20,12:10,0,3526,0,180
捷星日本,GK013,NRT,TPE,2025-06-12,2025-06-12,09:20,12:10,0,3526,0,180
捷星日本,GK013,NRT,TPE,2025-06-13,2025-06-13,09:20,12:10,0,3526,0,180
捷星日本,GK013,NRT,TPE,2025-06-14,2025-06-14,09:20,12:10,0,3526,0,180
捷星日本,GK013,NRT,TPE,2025-06-15,2025-06-15,09:20,12:10,0,3526,0,180
捷星日本,GK013,NRT,TPE,2025-06-17,2025-06-18,09:20,12:10,0,3526,0,180
捷星日本,GK051,KIX,TPE,2025-06-17,2025-06-18,23:35,01:30,0,3469,0,168
捷星日本,GK051,KIX,TPE,2025-06-18,2025-06-19,23:35,01:30,0,3469,0,168
捷星日本,GK051,KIX,TPE,2025-06-19,2025-06-20,23:35,01:30,0,3469,0,168
捷星日本,GK051,KIX,TPE,2025-06-20,2025-06-21,23:35,01:30,0,3469,0,168
捷星日本,GK051,KIX,TPE,2025-06-21,2025-06-22,23:35,01:30,0,3469,0,168
捷星日本,GK051,KIX,TPE,2025-06-22,2025-06-23,23:35,01:30,0,3469,0,168
捷星日本,GK051,KIX,TPE,2025-06-16,2025-06-17,23:35,01:30,0,3469,0,168
捷星日本,GK011,NRT,TPE,2025-06-17,2025-06-18,22:50,01:40,0,3526,0,180
捷星日本,GK011,NRT,TPE,2025-06-18,2025-06-19,22:50,01:40,0,3526,0,180
捷星日本,GK011,NRT,TPE,2025-06-19,2025-06-20,22:50,01:40,0,3526,0,180
捷星日本,GK011,NRT,TPE,2025-06-20,2025-06-21,22:50,01:40,0,3526,0,180
捷星日本,GK011,NRT,TPE,2025-06-21,2025-06-22,22:50,01:40,0,3526,0,180
捷星日本,GK011,NRT,TPE,2025-06-22,2025-06-23,22:50,01:40,0,3526,0,180
捷星日本,GK011,NRT,TPE,2025-06-16,2025-06-16,22:50,01:40,0,3526,0,180
捷星日本,GK013,NRT,TPE,2025-06-17,2025-06-17,09:15,12:05,0,3526,0,180
捷星日本,GK013,NRT,TPE,2025-06-18,2025-06-18,09:20,12:10,0,3526,0,180
捷星日本,GK013,NRT,TPE,2025-06-19,2025-06-19,09:20,12:10,0,3526,0,180
捷星日本,GK013,NRT,TPE,2025-06-20,2025-06-20,09:20,12:10,0,3526,0,180
捷星日本,GK013,NRT,TPE,2025-06-21,2025-06-21,09:20,12:10,0,3526,0,180
捷星日本,GK013,NRT,TPE,2025-06-22,2025-06-22,09:20,12:10,0,3526,0,180
捷星日本,GK013,NRT,TPE,2025-06-24,2025-06-25,09:20,12:10,0,3526,0,180
捷星日本,GK051,KIX,TPE,2025-06-24,2025-06-25,23:35,01:30,0,3469,0,168
捷星日本,GK051,KIX,TPE,2025-06-25,2025-06-26,23:35,01:30,0,3469,0,168
捷星日本,GK051,KIX,TPE,2025-06-26,2025-06-27,23:35,01:30,0,3469,0,168
捷星日本,GK051,KIX,TPE,2025-06-27,2025-06-28,23:35,01:30,0,3469,0,168
捷星日本,GK051,KIX,TPE,2025-06-28,2025-06-29,23:35,01:30,0,3469,0,168
捷星日本,GK051,KIX,TPE,2025-06-29,2025-06-30,23:35,01:30,0,3469,0,168
捷星日本,GK051,KIX,TPE,2025-06-23,2025-06-24,23:35,01:30,0,3469,0,168
捷星日本,GK011,NRT,TPE,2025-06-24,2025-06-25,22:50,01:40,0,3526,0,180
捷星日本,GK011,NRT,TPE,2025-06-25,2025-06-26,22:50,01:40,0,3526,0,180
捷星日本,GK011,NRT,TPE,2025-06-26,2025-06-27,22:50,01:40,0,3526,0,180
捷星日本,GK011,NRT,TPE,2025-06-27,2025-06-28,22:50,01:40,0,3526,0,180
捷星日本,GK011,NRT,TPE,2025-06-28,2025-06-29,22:50,01:40,0,3526,0,180
捷星日本,GK011,NRT,TPE,2025-06-29,2025-06-30,22:50,01:40,0,3526,0,180
捷星日本,GK011,NRT,TPE,2025-06-23,2025-06-23,22:50,01:40,0,3526,0,180
捷星日本,GK013,NRT,TPE,2025-06-24,2025-06-24,09:15,12:05,0,3526,0,180
捷星日本,GK013,NRT,TPE,2025-06-25,2025-06-25,09:20,12:10,0,3526,0,180
捷星日本,GK013,NRT,TPE,2025-06-26,2025-06-26,09:20,12:10,0,3526,0,180
捷星日本,GK013,NRT,TPE,2025-06-27,2025-06-27,09:20,12:10,0,3526,0,180
捷星日本,GK013,NRT,TPE,2025-06-28,2025-06-28,09:20,12:10,0,3526,0,180
捷星日本,GK013,NRT,TPE,2025-06-29,2025-06-29,09:20,12:10,0,3526,0,180
捷星日本,GK013,NRT,TPE,2025-07-01,2025-07-02,09:20,12:10,0,3526,0,180
捷星日本,GK051,KIX,TPE,2025-07-01,2025-07-02,23:35,01:30,0,3469,0,168
捷星日本,GK051,KIX,TPE,2025-07-02,2025-07-03,23:35,01:30,0,3469,0,168
捷星日本,GK051,KIX,TPE,2025-07-03,2025-07-04,23:35,01:30,0,3469,0,168
捷星日本,GK051,KIX,TPE,2025-07-04,2025-07-05,23:35,01:30,0,3469,0,168
捷星日本,GK051,KIX,TPE,2025-07-05,2025-07-06,23:35,01:30,0,3469,0,168
捷星日本,GK051,KIX,TPE,2025-07-06,2025-07-07,23:35,01:30,0,3469,0,168
捷星日本,GK051,KIX,TPE,2025-06-30,2025-07-01,23:35,01:30,0,3469,0,168
捷星日本,GK011,NRT,TPE,2025-07-01,2025-07-02,22:50,01:40,0,3526,0,180
捷星日本,GK011,NRT,TPE,2025-07-02,2025-07-03,22:50,01:40,0,3526,0,180
捷星日本,GK011,NRT,TPE,2025-07-03,2025-07-04,22:50,01:40,0,3526,0,180
捷星日本,GK011,NRT,TPE,2025-07-04,2025-07-05,22:50,01:40,0,3526,0,180
捷星日本,GK011,NRT,TPE,2025-07-05,2025-07-06,22:50,01:40,0,3526,0,180
捷星日本,GK011,NRT,TPE,2025-07-06,2025-07-07,22:50,01:40,0,3526,0,180
捷星日本,GK011,NRT,TPE,2025-06-30,2025-06-30,22:50,01:40,0,3526,0,180
捷星日本,GK013,NRT,TPE,2025-07-01,2025-07-01,09:15,12:05,0,3526,0,180
捷星日本,GK013,NRT,TPE,2025-07-02,2025-07-02,09:20,12:10,0,3526,0,180
捷星日本,GK013,NRT,TPE,2025-07-03,2025-07-03,09:20,12:10,0,3526,0,180
捷星日本,GK013,NRT,TPE,2025-07-04,2025-07-04,09:20,12:10,0,3526,0,180
捷星日本,GK013,NRT,TPE,2025-07-05,2025-07-05,09:20,12:10,0,3526,0,180
捷星日本,GK013,NRT,TPE,2025-07-06,2025-07-06,09:20,12:10,0,3526,0,180
捷星日本,GK013,NRT,TPE,2025-07-08,2025-07-09,09:20,12:10,0,3526,0,180
捷星日本,GK051,KIX,TPE,2025-07-08,2025-07-09,23:35,01:30,0,3469,0,168
捷星日本,GK051,KIX,TPE,2025-07-09,2025-07-10,23:35,01:30,0,3469,0,168
捷星日本,GK051,KIX,TPE,2025-07-10,2025-07-11,23:35,01:30,0,3469,0,168
捷星日本,GK051,KIX,TPE,2025-07-11,2025-07-12,23:35,01:30,0,3469,0,168
捷星日本,GK051,KIX,TPE,2025-07-12,2025-07-13,23:35,01:30,0,3469,0,168
捷星日本,GK051,KIX,TPE,2025-07-13,2025-07-14,23:35,01:30,0,3469,0,168
捷星日本,GK051,KIX,TPE,2025-07-07,2025-07-08,23:35,01:30,0,3469,0,168
捷星日本,GK011,NRT,TPE,2025-07-08,2025-07-09,22:50,01:40,0,3526,0,180
捷星日本,GK011,NRT,TPE,2025-07-09,2025-07-10,22:50,01:40,0,3526,0,180
捷星日本,GK011,NRT,TPE,2025-07-10,2025-07-11,22:50,01:40,0,3526,0,180
捷星日本,GK011,NRT,TPE,2025-07-11,2025-07-12,22:50,01:40,0,3526,0,180
捷星日本,GK011,NRT,TPE,2025-07-12,2025-07-13,22:50,01:40,0,3526,0,180
捷星日本,GK011,NRT,TPE,2025-07-13,2025-07-14,22:50,01:40,0,3526,0,180
捷星日本,GK011,NRT,TPE,2025-07-07,2025-07-07,22:50,01:40,0,3526,0,180
捷星日本,GK013,NRT,TPE,2025-07-08,2025-07-08,09:15,12:05,0,3526,0,180
捷星日本,GK013,NRT,TPE,2025-07-09,2025-07-09,09:20,12:10,0,3526,0,180
捷星日本,GK013,NRT,TPE,2025-07-10,2025-07-10,09:20,12:10,0,3526,0,180
捷星日本,GK013,NRT,TPE,2025-07-11,2025-07-11,09:20,12:10,0,3526,0,180
捷星日本,GK013,NRT,TPE,2025-07-12,2025-07-12,09:20,12:10,0,3526,0,180
捷星日本,GK013,NRT,TPE,2025-07-13,2025-07-13,09:20,12:10,0,3526,0,180
捷星日本,GK013,NRT,TPE,2025-07-15,2025-07-16,09:20,12:10,0,3526,0,180
捷星日本,GK051,KIX,TPE,2025-07-15,2025-07-16,23:35,01:30,0,3469,0,168
捷星日本,GK051,KIX,TPE,2025-07-16,2025-07-17,23:35,01:30,0,3469,0,168
捷星日本,GK051,KIX,TPE,2025-07-17,2025-07-18,23:35,01:30,0,3469,0,168
捷星日本,GK051,KIX,TPE,2025-07-18,2025-07-19,23:35,01:30,0,3469,0,168
捷星日本,GK051,KIX,TPE,2025-07-19,2025-07-20,23:35,01:30,0,3469,0,168
捷星日本,GK051,KIX,TPE,2025-07-20,2025-07-21,23:35,01:30,0,3469,0,168
捷星日本,GK051,KIX,TPE,2025-07-14,2025-07-15,23:35,01:30,0,3469,0,168
捷星日本,GK011,NRT,TPE,2025-07-15,2025-07-16,22:50,01:40,0,3526,0,180
捷星日本,GK011,NRT,TPE,2025-07-16,2025-07-17,22:50,01:40,0,3526,0,180
捷星日本,GK011,NRT,TPE,2025-07-17,2025-07-18,22:50,01:40,0,3526,0,180
捷星日本,GK011,NRT,TPE,2025-07-18,2025-07-19,22:50,01:40,0,3526,0,180
捷星日本,GK011,NRT,TPE,2025-07-19,2025-07-20,22:50,01:40,0,3526,0,180
捷星日本,GK011,NRT,TPE,2025-07-20,2025-07-21,22:50,01:40,0,3526,0,180
捷星日本,GK011,NRT,TPE,2025-07-14,2025-07-14,22:50,01:40,0,3526,0,180
捷星日本,GK013,NRT,TPE,2025-07-15,2025-07-15,09:15,12:05,0,3526,0,180
捷星日本,GK013,NRT,TPE,2025-07-16,2025-07-16,09:20,12:10,0,3526,0,180
捷星日本,GK013,NRT,TPE,2025-07-17,2025-07-17,09:20,12:10,0,3526,0,180
捷星日本,GK013,NRT,TPE,2025-07-18,2025-07-18,09:20,12:10,0,3526,0,180
捷星日本,GK013,NRT,TPE,2025-07-19,2025-07-19,09:20,12:10,0,3526,0,180
捷星日本,GK013,NRT,TPE,2025-07-20,2025-07-20,09:20,12:10,0,3526,0,180
捷星日本,GK013,NRT,TPE,2025-07-22,2025-07-23,09:20,12:10,0,3526,0,180
捷星日本,GK051,KIX,TPE,2025-07-22,2025-07-23,23:35,01:30,0,3469,0,168
捷星日本,GK051,KIX,TPE,2025-07-23,2025-07-24,23:35,01:30,0,3469,0,168
捷星日本,GK051,KIX,TPE,2025-07-24,2025-07-25,23:35,01:30,0,3469,0,168
捷星日本,GK051,KIX,TPE,2025-07-25,2025-07-26,23:35,01:30,0,3469,0,168
捷星日本,GK051,KIX,TPE,2025-07-26,2025-07-27,23:35,01:30,0,3469,0,168
捷星日本,GK051,KIX,TPE,2025-07-27,2025-07-28,23:35,01:30,0,3469,0,168
捷星日本,GK051,KIX,TPE,2025-07-21,2025-07-22,23:35,01:30,0,3469,0,168
捷星日本,GK011,NRT,TPE,2025-07-22,2025-07-23,22:50,01:40,0,3526,0,180
捷星日本,GK011,NRT,TPE,2025-07-23,2025-07-24,22:50,01:40,0,3526,0,180
捷星日本,GK011,NRT,TPE,2025-07-24,2025-07-25,22:50,01:40,0,3526,0,180
捷星日本,GK011,NRT,TPE,2025-07-25,2025-07-26,22:50,01:40,0,3526,0,180
捷星日本,GK011,NRT,TPE,2025-07-26,2025-07-27,22:50,01:40,0,3526,0,180
捷星日本,GK011,NRT,TPE,2025-07-27,2025-07-28,22:50,01:40,0,3526,0,180
捷星日本,GK011,NRT,TPE,2025-07-21,2025-07-21,22:50,01:40,0,3526,0,180
捷星日本,GK013,NRT,TPE,2025-07-22,2025-07-22,09:15,12:05,0,3526,0,180
捷星日本,GK013,NRT,TPE,2025-07-23,2025-07-23,09:20,12:10,0,3526,0,180
捷星日本,GK013,NRT,TPE,2025-07-24,2025-07-24,09:20,12:10,0,3526,0,180
捷星日本,GK013,NRT,TPE,2025-07-25,2025-07-25,09:20,12:10,0,3526,0,180
捷星日本,GK013,NRT,TPE,2025-07-26,2025-07-26,09:20,12:10,0,3526,0,180
捷星日本,GK013,NRT,TPE,2025-07-27,2025-07-27,09:20,12:10,0,3526,0,180
捷星日本,GK013,NRT,TPE,2025-07-29,2025-07-30,09:20,12:10,0,3526,0,180
捷星日本,GK051,KIX,TPE,2025-07-29,2025-07-30,23:35,01:30,0,3469,0,168
捷星日本,GK051,KIX,TPE,2025-07-30,2025-07-31,23:35,01:30,0,3469,0,168
捷星日本,GK051,KIX,TPE,2025-07-31,2025-08-01,23:35,01:30,0,3469,0,168
捷星日本,GK051,KIX,TPE,2025-08-01,2025-08-02,23:35,01:30,0,3469,0,168
捷星日本,GK051,KIX,TPE,2025-08-02,2025-08-03,23:35,01:30,0,3469,0,168
捷星日本,GK051,KIX,TPE,2025-08-03,2025-08-04,23:35,01:30,0,3469,0,168
捷星日本,GK051,KIX,TPE,2025-07-28,2025-07-29,23:35,01:30,0,3469,0,168
捷星日本,GK011,NRT,TPE,2025-07-29,2025-07-30,22:50,01:40,0,3526,0,180
捷星日本,GK011,NRT,TPE,2025-07-30,2025-07-31,22:50,01:40,0,3526,0,180
捷星日本,GK011,NRT,TPE,2025-07-31,2025-08-01,22:50,01:40,0,3526,0,180
捷星日本,GK011,NRT,TPE,2025-08-01,2025-08-02,22:50,01:40,0,3526,0,180
捷星日本,GK011,NRT,TPE,2025-08-02,2025-08-03,22:50,01:40,0,3526,0,180
捷星日本,GK011,NRT,TPE,2025-08-03,2025-08-04,22:50,01:40,0,3526,0,180
捷星日本,GK011,NRT,TPE,2025-07-28,2025-07-28,22:50,01:40,0,3526,0,180
捷星日本,GK013,NRT,TPE,2025-07-29,2025-07-29,09:15,12:05,0,3526,0,180
捷星日本,GK013,NRT,TPE,2025-07-30,2025-07-30,09:20,12:10,0,3526,0,180
捷星日本,GK013,NRT,TPE,2025-07-31,2025-07-31,09:20,12:10,0,3526,0,180
捷星日本,GK013,NRT,TPE,2025-08-01,2025-08-01,09:20,12:10,0,3526,0,180
捷星日本,GK013,NRT,TPE,2025-08-02,2025-08-02,09:20,12:10,0,3526,0,180
捷星日本,GK013,NRT,TPE,2025-08-03,2025-08-03,09:20,12:10,0,3526,0,180
捷星日本,GK013,NRT,TPE,2025-08-05,2025-08-06,09:20,12:10,0,3526,0,180
捷星日本,GK051,KIX,TPE,2025-08-05,2025-08-06,23:35,01:30,0,3469,0,168
捷星日本,GK051,KIX,TPE,2025-08-06,2025-08-07,23:35,01:30,0,3469,0,168
捷星日本,GK051,KIX,TPE,2025-08-07,2025-08-08,23:35,01:30,0,3469,0,168
捷星日本,GK051,KIX,TPE,2025-08-08,2025-08-09,23:35,01:30,0,3469,0,168
捷星日本,GK051,KIX,TPE,2025-08-09,2025-08-10,23:35,01:30,0,3469,0,168
捷星日本,GK051,KIX,TPE,2025-08-10,2025-08-11,23:35,01:30,0,3469,0,168
捷星日本,GK051,KIX,TPE,2025-08-04,2025-08-05,23:35,01:30,0,3469,0,168
捷星日本,GK011,NRT,TPE,2025-08-05,2025-08-06,22:50,01:40,0,3526,0,180
捷星日本,GK011,NRT,TPE,2025-08-06,2025-08-07,22:50,01:40,0,3526,0,180
捷星日本,GK011,NRT,TPE,2025-08-07,2025-08-08,22:50,01:40,0,3526,0,180
捷星日本,GK011,NRT,TPE,2025-08-08,2025-08-09,22:50,01:40,0,3526,0,180
捷星日本,GK011,NRT,TPE,2025-08-09,2025-08-10,22:50,01:40,0,3526,0,180
捷星日本,GK011,NRT,TPE,2025-08-10,2025-08-11,22:50,01:40,0,3526,0,180
捷星日本,GK011,NRT,TPE,2025-08-04,2025-08-04,22:50,01:40,0,3526,0,180
捷星日本,GK013,NRT,TPE,2025-08-05,2025-08-05,09:15,12:05,0,3526,0,180
捷星日本,GK013,NRT,TPE,2025-08-06,2025-08-06,09:20,12:10,0,3526,0,180
捷星日本,GK013,NRT,TPE,2025-08-07,2025-08-07,09:20,12:10,0,3526,0,180
捷星日本,GK013,NRT,TPE,2025-08-08,2025-08-08,09:20,12:10,0,3526,0,180
捷星日本,GK013,NRT,TPE,2025-08-09,2025-08-09,09:20,12:10,0,3526,0,180
捷星日本,GK013,NRT,TPE,2025-08-10,2025-08-10,09:20,12:10,0,3526,0,180
捷星日本,GK013,NRT,TPE,2025-08-12,2025-08-13,09:20,12:10,0,3526,0,180
捷星日本,GK051,KIX,TPE,2025-08-12,2025-08-13,23:35,01:30,0,3469,0,168
捷星日本,GK051,KIX,TPE,2025-08-13,2025-08-14,23:35,01:30,0,3469,0,168
捷星日本,GK051,KIX,TPE,2025-08-14,2025-08-15,23:35,01:30,0,3469,0,168
捷星日本,GK051,KIX,TPE,2025-08-15,2025-08-16,23:35,01:30,0,3469,0,168
捷星日本,GK051,KIX,TPE,2025-08-16,2025-08-17,23:35,01:30,0,3469,0,168
捷星日本,GK051,KIX,TPE,2025-08-17,2025-08-18,23:35,01:30,0,3469,0,168
捷星日本,GK051,KIX,TPE,2025-08-11,2025-08-12,23:35,01:30,0,3469,0,168
捷星日本,GK011,NRT,TPE,2025-08-12,2025-08-13,22:50,01:40,0,3526,0,180
捷星日本,GK011,NRT,TPE,2025-08-13,2025-08-14,22:50,01:40,0,3526,0,180
捷星日本,GK011,NRT,TPE,2025-08-14,2025-08-15,22:50,01:40,0,3526,0,180
捷星日本,GK011,NRT,TPE,2025-08-15,2025-08-16,22:50,01:40,0,3526,0,180
捷星日本,GK011,NRT,TPE,2025-08-16,2025-08-17,22:50,01:40,0,3526,0,180
捷星日本,GK011,NRT,TPE,2025-08-17,2025-08-18,22:50,01:40,0,3526,0,180
捷星日本,GK011,NRT,TPE,2025-08-11,2025-08-11,22:50,01:40,0,3526,0,180
捷星日本,GK013,NRT,TPE,2025-08-12,2025-08-12,09:15,12:05,0,3526,0,180
捷星日本,GK013,NRT,TPE,2025-08-13,2025-08-13,09:20,12:10,0,3526,0,180
捷星日本,GK013,NRT,TPE,2025-08-14,2025-08-14,09:20,12:10,0,3526,0,180
捷星日本,GK013,NRT,TPE,2025-08-15,2025-08-15,09:20,12:10,0,3526,0,180
捷星日本,GK013,NRT,TPE,2025-08-16,2025-08-16,09:20,12:10,0,3526,0,180
捷星日本,GK013,NRT,TPE,2025-08-17,2025-08-17,09:20,12:10,0,3526,0,180
捷星日本,GK013,NRT,TPE,2025-08-19,2025-08-20,09:20,12:10,0,3526,0,180
捷星日本,GK051,KIX,TPE,2025-08-19,2025-08-20,23:35,01:30,0,3469,0,168
捷星日本,GK051,KIX,TPE,2025-08-20,2025-08-21,23:35,01:30,0,3469,0,168
捷星日本,GK051,KIX,TPE,2025-08-21,2025-08-22,23:35,01:30,0,3469,0,168
捷星日本,GK051,KIX,TPE,2025-08-22,2025-08-23,23:35,01:30,0,3469,0,168
捷星日本,GK051,KIX,TPE,2025-08-23,2025-08-24,23:35,01:30,0,3469,0,168
捷星日本,GK051,KIX,TPE,2025-08-24,2025-08-25,23:35,01:30,0,3469,0,168
捷星日本,GK051,KIX,TPE,2025-08-18,2025-08-19,23:35,01:30,0,3469,0,168
捷星日本,GK011,NRT,TPE,2025-08-19,2025-08-20,22:50,01:40,0,3526,0,180
捷星日本,GK011,NRT,TPE,2025-08-20,2025-08-21,22:50,01:40,0,3526,0,180
捷星日本,GK011,NRT,TPE,2025-08-21,2025-08-22,22:50,01:40,0,3526,0,180
捷星日本,GK011,NRT,TPE,2025-08-22,2025-08-23,22:50,01:40,0,3526,0,180
捷星日本,GK011,NRT,TPE,2025-08-23,2025-08-24,22:50,01:40,0,3526,0,180
捷星日本,GK011,NRT,TPE,2025-08-24,2025-08-25,22:50,01:40,0,3526,0,180
捷星日本,GK011,NRT,TPE,2025-08-18,2025-08-18,22:50,01:40,0,3526,0,180
捷星日本,GK013,NRT,TPE,2025-08-19,2025-08-19,09:15,12:05,0,3526,0,180
捷星日本,GK013,NRT,TPE,2025-08-20,2025-08-20,09:20,12:10,0,3526,0,180
捷星日本,GK013,NRT,TPE,2025-08-21,2025-08-21,09:20,12:10,0,3526,0,180
捷星日本,GK013,NRT,TPE,2025-08-22,2025-08-22,09:20,12:10,0,3526,0,180
捷星日本,GK013,NRT,TPE,2025-08-23,2025-08-23,09:20,12:10,0,3526,0,180
捷星日本,GK013,NRT,TPE,2025-08-24,2025-08-24,09:20,12:10,0,3526,0,180
捷星日本,GK013,NRT,TPE,2025-08-26,2025-08-27,09:20,12:10,0,3526,0,180
捷星日本,GK051,KIX,TPE,2025-08-26,2025-08-27,23:35,01:30,0,3469,0,168
捷星日本,GK051,KIX,TPE,2025-08-27,2025-08-28,23:35,01:30,0,3469,0,168
捷星日本,GK051,KIX,TPE,2025-08-28,2025-08-29,23:35,01:30,0,3469,0,168
捷星日本,GK051,KIX,TPE,2025-08-29,2025-08-30,23:35,01:30,0,3469,0,168
捷星日本,GK051,KIX,TPE,2025-08-30,2025-08-31,23:35,01:30,0,3469,0,168
捷星日本,GK051,KIX,TPE,2025-08-31,2025-09-01,23:35,01:30,0,3469,0,168
捷星日本,GK051,KIX,TPE,2025-08-25,2025-08-26,23:35,01:30,0,3469,0,168
捷星日本,GK011,NRT,TPE,2025-08-26,2025-08-27,22:50,01:40,0,3526,0,180
捷星日本,GK011,NRT,TPE,2025-08-27,2025-08-28,22:50,01:40,0,3526,0,180
捷星日本,GK011,NRT,TPE,2025-08-28,2025-08-29,22:50,01:40,0,3526,0,180
捷星日本,GK011,NRT,TPE,2025-08-29,2025-08-30,22:50,01:40,0,3526,0,180
捷星日本,GK011,NRT,TPE,2025-08-30,2025-08-31,22:50,01:40,0,3526,0,180
捷星日本,GK011,NRT,TPE,2025-08-31,2025-09-01,22:50,01:40,0,3526,0,180
捷星日本,GK011,NRT,TPE,2025-08-25,2025-08-25,22:50,01:40,0,3526,0,180
捷星日本,GK013,NRT,TPE,2025-08-26,2025-08-26,09:15,12:05,0,3526,0,180
捷星日本,GK013,NRT,TPE,2025-08-27,2025-08-27,09:20,12:10,0,3526,0,180
捷星日本,GK013,NRT,TPE,2025-08-28,2025-08-28,09:20,12:10,0,3526,0,180
捷星日本,GK013,NRT,TPE,2025-08-29,2025-08-29,09:20,12:10,0,3526,0,180
捷星日本,GK013,NRT,TPE,2025-08-30,2025-08-30,09:20,12:10,0,3526,0,180
捷星日本,GK013,NRT,TPE,2025-08-31,2025-08-31,09:20,12:10,0,3526,0,180
捷星日本,GK013,NRT,TPE,2025-09-02,2025-09-03,09:20,12:10,0,3526,0,180
捷星日本,GK051,KIX,TPE,2025-09-02,2025-09-03,23:35,01:30,0,3469,0,168
捷星日本,GK051,KIX,TPE,2025-09-03,2025-09-04,23:35,01:30,0,3469,0,168
捷星日本,GK051,KIX,TPE,2025-09-04,2025-09-05,23:35,01:30,0,3469,0,168
捷星日本,GK051,KIX,TPE,2025-09-05,2025-09-06,23:35,01:30,0,3469,0,168
捷星日本,GK051,KIX,TPE,2025-09-06,2025-09-07,23:35,01:30,0,3469,0,168
捷星日本,GK051,KIX,TPE,2025-09-07,2025-09-08,23:35,01:30,0,3469,0,168
捷星日本,GK051,KIX,TPE,2025-09-01,2025-09-02,23:35,01:30,0,3469,0,168
捷星日本,GK011,NRT,TPE,2025-09-02,2025-09-03,22:50,01:40,0,3526,0,180
捷星日本,GK011,NRT,TPE,2025-09-03,2025-09-04,22:50,01:40,0,3526,0,180
捷星日本,GK011,NRT,TPE,2025-09-04,2025-09-05,22:50,01:40,0,3526,0,180
捷星日本,GK011,NRT,TPE,2025-09-05,2025-09-06,22:50,01:40,0,3526,0,180
捷星日本,GK011,NRT,TPE,2025-09-06,2025-09-07,22:50,01:40,0,3526,0,180
捷星日本,GK011,NRT,TPE,2025-09-07,2025-09-08,22:50,01:40,0,3526,0,180
捷星日本,GK011,NRT,TPE,2025-09-01,2025-09-01,22:50,01:40,0,3526,0,180
捷星日本,GK013,NRT,TPE,2025-09-02,2025-09-02,09:15,12:05,0,3526,0,180
捷星日本,GK013,NRT,TPE,2025-09-03,2025-09-03,09:20,12:10,0,3526,0,180
捷星日本,GK013,NRT,TPE,2025-09-04,2025-09-04,09:20,12:10,0,3526,0,180
捷星日本,GK013,NRT,TPE,2025-09-05,2025-09-05,09:20,12:10,0,3526,0,180
捷星日本,GK013,NRT,TPE,2025-09-06,2025-09-06,09:20,12:10,0,3526,0,180
捷星日本,GK013,NRT,TPE,2025-09-07,2025-09-07,09:20,12:10,0,3526,0,180
捷星日本,GK013,NRT,TPE,2025-09-09,2025-09-10,09:20,12:10,0,3526,0,180
捷星日本,GK051,KIX,TPE,2025-09-09,2025-09-10,23:35,01:30,0,3469,0,168
捷星日本,GK051,KIX,TPE,2025-09-10,2025-09-11,23:35,01:30,0,3469,0,168
捷星日本,GK051,KIX,TPE,2025-09-11,2025-09-12,23:35,01:30,0,3469,0,168
捷星日本,GK051,KIX,TPE,2025-09-12,2025-09-13,23:35,01:30,0,3469,0,168
捷星日本,GK051,KIX,TPE,2025-09-13,2025-09-14,23:35,01:30,0,3469,0,168
捷星日本,GK051,KIX,TPE,2025-09-14,2025-09-15,23:35,01:30,0,3469,0,168
捷星日本,GK051,KIX,TPE,2025-09-08,2025-09-09,23:35,01:30,0,3469,0,168
捷星日本,GK011,NRT,TPE,2025-09-09,2025-09-10,22:50,01:40,0,3526,0,180
捷星日本,GK011,NRT,TPE,2025-09-10,2025-09-11,22:50,01:40,0,3526,0,180
捷星日本,GK011,NRT,TPE,2025-09-11,2025-09-12,22:50,01:40,0,3526,0,180
捷星日本,GK011,NRT,TPE,2025-09-12,2025-09-13,22:50,01:40,0,3526,0,180
捷星日本,GK011,NRT,TPE,2025-09-13,2025-09-14,22:50,01:40,0,3526,0,180
捷星日本,GK011,NRT,TPE,2025-09-14,2025-09-15,22:50,01:40,0,3526,0,180
捷星日本,GK011,NRT,TPE,2025-09-08,2025-09-08,22:50,01:40,0,3526,0,180
捷星日本,GK013,NRT,TPE,2025-09-09,2025-09-09,09:15,12:05,0,3526,0,180
捷星日本,GK013,NRT,TPE,2025-09-10,2025-09-10,09:20,12:10,0,3526,0,180
捷星日本,GK013,NRT,TPE,2025-09-11,2025-09-11,09:20,12:10,0,3526,0,180
捷星日本,GK013,NRT,TPE,2025-09-12,2025-09-12,09:20,12:10,0,3526,0,180
捷星日本,GK013,NRT,TPE,2025-09-13,2025-09-13,09:20,12:10,0,3526,0,180
捷星日本,GK013,NRT,TPE,2025-09-14,2025-09-14,09:20,12:10,0,3526,0,180
捷星日本,GK013,NRT,TPE,2025-09-16,2025-09-17,09:20,12:10,0,3526,0,180
捷星日本,GK051,KIX,TPE,2025-09-16,2025-09-17,23:35,01:30,0,3469,0,168
捷星日本,GK051,KIX,TPE,2025-09-17,2025-09-18,23:35,01:30,0,3469,0,168
捷星日本,GK051,KIX,TPE,2025-09-18,2025-09-19,23:35,01:30,0,3469,0,168
捷星日本,GK051,KIX,TPE,2025-09-19,2025-09-20,23:35,01:30,0,3469,0,168
捷星日本,GK051,KIX,TPE,2025-09-20,2025-09-21,23:35,01:30,0,3469,0,168
捷星日本,GK051,KIX,TPE,2025-09-21,2025-09-22,23:35,01:30,0,3469,0,168
捷星日本,GK051,KIX,TPE,2025-09-15,2025-09-16,23:35,01:30,0,3469,0,168
捷星日本,GK011,NRT,TPE,2025-09-16,2025-09-17,22:50,01:40,0,3526,0,180
捷星日本,GK011,NRT,TPE,2025-09-17,2025-09-18,22:50,01:40,0,3526,0,180
捷星日本,GK011,NRT,TPE,2025-09-18,2025-09-19,22:50,01:40,0,3526,0,180
捷星日本,GK011,NRT,TPE,2025-09-19,2025-09-20,22:50,01:40,0,3526,0,180
捷星日本,GK011,NRT,TPE,2025-09-20,2025-09-21,22:50,01:40,0,3526,0,180
捷星日本,GK011,NRT,TPE,2025-09-21,2025-09-22,22:50,01:40,0,3526,0,180
捷星日本,GK011,NRT,TPE,2025-09-15,2025-09-15,22:50,01:40,0,3526,0,180
捷星日本,GK013,NRT,TPE,2025-09-16,2025-09-16,09:15,12:05,0,3526,0,180
捷星日本,GK013,NRT,TPE,2025-09-17,2025-09-17,09:20,12:10,0,3526,0,180
捷星日本,GK013,NRT,TPE,2025-09-18,2025-09-18,09:20,12:10,0,3526,0,180
捷星日本,GK013,NRT,TPE,2025-09-19,2025-09-19,09:20,12:10,0,3526,0,180
捷星日本,GK013,NRT,TPE,2025-09-20,2025-09-20,09:20,12:10,0,3526,0,180
捷星日本,GK013,NRT,TPE,2025-09-21,2025-09-21,09:20,12:10,0,3526,0,180
捷星日本,GK013,NRT,TPE,2025-09-23,2025-09-24,09:20,12:10,0,3526,0,180
捷星日本,GK051,KIX,TPE,2025-09-23,2025-09-24,23:35,01:30,0,3469,0,168
捷星日本,GK051,KIX,TPE,2025-09-24,2025-09-25,23:35,01:30,0,3469,0,168
捷星日本,GK051,KIX,TPE,2025-09-25,2025-09-26,23:35,01:30,0,3469,0,168
捷星日本,GK051,KIX,TPE,2025-09-26,2025-09-27,23:35,01:30,0,3469,0,168
捷星日本,GK051,KIX,TPE,2025-09-27,2025-09-28,23:35,01:30,0,3469,0,168
捷星日本,GK051,KIX,TPE,2025-09-28,2025-09-29,23:35,01:30,0,3469,0,168
捷星日本,GK051,KIX,TPE,2025-09-22,2025-09-23,23:35,01:30,0,3469,0,168
捷星日本,GK011,NRT,TPE,2025-09-23,2025-09-24,22:50,01:40,0,3526,0,180
捷星日本,GK011,NRT,TPE,2025-09-24,2025-09-25,22:50,01:40,0,3526,0,180
捷星日本,GK011,NRT,TPE,2025-09-25,2025-09-26,22:50,01:40,0,3526,0,180
捷星日本,GK011,NRT,TPE,2025-09-26,2025-09-27,22:50,01:40,0,3526,0,180
捷星日本,GK011,NRT,TPE,2025-09-27,2025-09-28,22:50,01:40,0,3526,0,180
捷星日本,GK011,NRT,TPE,2025-09-28,2025-09-29,22:50,01:40,0,3526,0,180
捷星日本,GK011,NRT,TPE,2025-09-22,2025-09-22,22:50,01:40,0,3526,0,180
捷星日本,GK013,NRT,TPE,2025-09-23,2025-09-23,09:15,12:05,0,3526,0,180
捷星日本,GK013,NRT,TPE,2025-09-24,2025-09-24,09:20,12:10,0,3526,0,180
捷星日本,GK013,NRT,TPE,2025-09-25,2025-09-25,09:20,12:10,0,3526,0,180
捷星日本,GK013,NRT,TPE,2025-09-26,2025-09-26,09:20,12:10,0,3526,0,180
捷星日本,GK013,NRT,TPE,2025-09-27,2025-09-27,09:20,12:10,0,3526,0,180
捷星日本,GK013,NRT,TPE,2025-09-28,2025-09-28,09:20,12:10,0,3526,0,180
捷星日本,GK013,NRT,TPE,2025-09-30,2025-10-01,09:20,12:10,0,3526,0,180
捷星日本,GK051,KIX,TPE,2025-09-30,2025-10-01,23:35,01:30,0,3469,0,168
捷星日本,GK051,KIX,TPE,2025-10-01,2025-10-02,23:35,01:30,0,3469,0,168
捷星日本,GK051,KIX,TPE,2025-10-02,2025-10-03,23:35,01:30,0,3469,0,168
捷星日本,GK051,KIX,TPE,2025-10-03,2025-10-04,23:35,01:30,0,3469,0,168
捷星日本,GK051,KIX,TPE,2025-10-04,2025-10-05,23:35,01:30,0,3469,0,168
捷星日本,GK051,KIX,TPE,2025-10-05,2025-10-06,23:35,01:30,0,3469,0,168
捷星日本,GK051,KIX,TPE,2025-09-29,2025-09-30,23:35,01:30,0,3469,0,168
捷星日本,GK011,NRT,TPE,2025-09-30,2025-10-01,22:50,01:40,0,3526,0,180
捷星日本,GK011,NRT,TPE,2025-10-01,2025-10-02,22:50,01:40,0,3526,0,180
捷星日本,GK011,NRT,TPE,2025-10-02,2025-10-03,22:50,01:40,0,3526,0,180
捷星日本,GK011,NRT,TPE,2025-10-03,2025-10-04,22:50,01:40,0,3526,0,180
捷星日本,GK011,NRT,TPE,2025-10-04,2025-10-05,22:50,01:40,0,3526,0,180
捷星日本,GK011,NRT,TPE,2025-10-05,2025-10-06,22:50,01:40,0,3526,0,180
捷星日本,GK011,NRT,TPE,2025-09-29,2025-09-29,22:50,01:40,0,3526,0,180
捷星日本,GK013,NRT,TPE,2025-09-30,2025-09-30,09:15,12:05,0,3526,0,180
捷星日本,GK013,NRT,TPE,2025-10-01,2025-10-01,09:20,12:10,0,3526,0,180
捷星日本,GK013,NRT,TPE,2025-10-02,2025-10-02,09:20,12:10,0,3526,0,180
捷星日本,GK013,NRT,TPE,2025-10-03,2025-10-03,09:20,12:10,0,3526,0,180
捷星日本,GK013,NRT,TPE,2025-10-04,2025-10-04,09:20,12:10,0,3526,0,180
捷星日本,GK013,NRT,TPE,2025-10-05,2025-10-05,09:20,12:10,0,3526,0,180
捷星日本,GK013,NRT,TPE,2025-10-07,2025-10-08,09:20,12:10,0,3526,0,180
捷星日本,GK051,KIX,TPE,2025-10-07,2025-10-08,23:35,01:30,0,3469,0,168
捷星日本,GK051,KIX,TPE,2025-10-08,2025-10-09,23:35,01:30,0,3469,0,168
捷星日本,GK051,KIX,TPE,2025-10-09,2025-10-10,23:35,01:30,0,3469,0,168
捷星日本,GK051,KIX,TPE,2025-10-10,2025-10-11,23:35,01:30,0,3469,0,168
捷星日本,GK051,KIX,TPE,2025-10-11,2025-10-12,23:35,01:30,0,3469,0,168
捷星日本,GK051,KIX,TPE,2025-10-12,2025-10-13,23:35,01:30,0,3469,0,168
捷星日本,GK051,KIX,TPE,2025-10-06,2025-10-07,23:35,01:30,0,3469,0,168
捷星日本,GK011,NRT,TPE,2025-10-07,2025-10-08,22:50,01:40,0,3526,0,180
捷星日本,GK011,NRT,TPE,2025-10-08,2025-10-09,22:50,01:40,0,3526,0,180
捷星日本,GK011,NRT,TPE,2025-10-09,2025-10-10,22:50,01:40,0,3526,0,180
捷星日本,GK011,NRT,TPE,2025-10-10,2025-10-11,22:50,01:40,0,3526,0,180
捷星日本,GK011,NRT,TPE,2025-10-11,2025-10-12,22:50,01:40,0,3526,0,180
捷星日本,GK011,NRT,TPE,2025-10-12,2025-10-13,22:50,01:40,0,3526,0,180
捷星日本,GK011,NRT,TPE,2025-10-06,2025-10-06,22:50,01:40,0,3526,0,180
捷星日本,GK013,NRT,TPE,2025-10-07,2025-10-07,09:15,12:05,0,3526,0,180
捷星日本,GK013,NRT,TPE,2025-10-08,2025-10-08,09:20,12:10,0,3526,0,180
捷星日本,GK013,NRT,TPE,2025-10-09,2025-10-09,09:20,12:10,0,3526,0,180
捷星日本,GK013,NRT,TPE,2025-10-10,2025-10-10,09:20,12:10,0,3526,0,180
捷星日本,GK013,NRT,TPE,2025-10-11,2025-10-11,09:20,12:10,0,3526,0,180
捷星日本,GK013,NRT,TPE,2025-10-12,2025-10-12,09:20,12:10,0,3526,0,180
捷星日本,GK013,NRT,TPE,2025-10-14,2025-10-15,09:20,12:10,0,3526,0,180
捷星日本,GK051,KIX,TPE,2025-10-14,2025-10-15,23:35,01:30,0,3469,0,168
捷星日本,GK051,KIX,TPE,2025-10-15,2025-10-16,23:35,01:30,0,3469,0,168
捷星日本,GK051,KIX,TPE,2025-10-16,2025-10-17,23:35,01:30,0,3469,0,168
捷星日本,GK051,KIX,TPE,2025-10-17,2025-10-18,23:35,01:30,0,3469,0,168
捷星日本,GK051,KIX,TPE,2025-10-18,2025-10-19,23:35,01:30,0,3469,0,168
捷星日本,GK051,KIX,TPE,2025-10-19,2025-10-20,23:35,01:30,0,3469,0,168
捷星日本,GK051,KIX,TPE,2025-10-13,2025-10-14,23:35,01:30,0,3469,0,168
捷星日本,GK011,NRT,TPE,2025-10-14,2025-10-15,22:50,01:40,0,3526,0,180
捷星日本,GK011,NRT,TPE,2025-10-15,2025-10-16,22:50,01:40,0,3526,0,180
捷星日本,GK011,NRT,TPE,2025-10-16,2025-10-17,22:50,01:40,0,3526,0,180
捷星日本,GK011,NRT,TPE,2025-10-17,2025-10-18,22:50,01:40,0,3526,0,180
捷星日本,GK011,NRT,TPE,2025-10-18,2025-10-19,22:50,01:40,0,3526,0,180
捷星日本,GK011,NRT,TPE,2025-10-19,2025-10-20,22:50,01:40,0,3526,0,180
捷星日本,GK011,NRT,TPE,2025-10-13,2025-10-13,22:50,01:40,0,3526,0,180
捷星日本,GK013,NRT,TPE,2025-10-14,2025-10-14,09:15,12:05,0,3526,0,180
捷星日本,GK013,NRT,TPE,2025-10-15,2025-10-15,09:20,12:10,0,3526,0,180
捷星日本,GK013,NRT,TPE,2025-10-16,2025-10-16,09:20,12:10,0,3526,0,180
捷星日本,GK013,NRT,TPE,2025-10-17,2025-10-17,09:20,12:10,0,3526,0,180
捷星日本,GK013,NRT,TPE,2025-10-18,2025-10-18,09:20,12:10,0,3526,0,180
捷星日本,GK013,NRT,TPE,2025-10-19,2025-10-19,09:20,12:10,0,3526,0,180
捷星日本,GK013,NRT,TPE,2025-10-21,2025-10-22,09:20,12:10,0,3526,0,180
捷星日本,GK051,KIX,TPE,2025-10-21,2025-10-22,23:35,01:30,0,3469,0,168
捷星日本,GK051,KIX,TPE,2025-10-22,2025-10-23,23:35,01:30,0,3469,0,168
捷星日本,GK051,KIX,TPE,2025-10-23,2025-10-24,23:35,01:30,0,3469,0,168
捷星日本,GK051,KIX,TPE,2025-10-24,2025-10-25,23:35,01:30,0,3469,0,168
捷星日本,GK051,KIX,TPE,2025-10-25,2025-10-26,23:35,01:30,0,3469,0,168
捷星日本,GK051,KIX,TPE,2025-10-26,2025-10-27,23:35,01:30,0,3469,0,168
捷星日本,GK051,KIX,TPE,2025-10-20,2025-10-21,23:35,01:30,0,3469,0,168
捷星日本,GK011,NRT,TPE,2025-10-21,2025-10-22,22:50,01:40,0,3526,0,180
捷星日本,GK011,NRT,TPE,2025-10-22,2025-10-23,22:50,01:40,0,3526,0,180
捷星日本,GK011,NRT,TPE,2025-10-23,2025-10-24,22:50,01:40,0,3526,0,180
捷星日本,GK011,NRT,TPE,2025-10-24,2025-10-25,22:50,01:40,0,3526,0,180
捷星日本,GK011,NRT,TPE,2025-10-25,2025-10-26,22:50,01:40,0,3526,0,180
捷星日本,GK011,NRT,TPE,2025-10-26,2025-10-27,22:50,01:40,0,3526,0,180
捷星日本,GK011,NRT,TPE,2025-10-20,2025-10-20,22:50,01:40,0,3526,0,180
捷星日本,GK013,NRT,TPE,2025-10-21,2025-10-21,09:15,12:05,0,3526,0,180
捷星日本,GK013,NRT,TPE,2025-10-22,2025-10-22,09:20,12:10,0,3526,0,180
捷星日本,GK013,NRT,TPE,2025-10-23,2025-10-23,09:20,12:10,0,3526,0,180
捷星日本,GK013,NRT,TPE,2025-10-24,2025-10-24,09:20,12:10,0,3526,0,180
捷星日本,GK013,NRT,TPE,2025-10-25,2025-10-25,09:20,12:10,0,3526,0,180
捷星日本,GK013,NRT,TPE,2025-10-26,2025-10-26,09:20,12:10,0,3526,0,180
捷星日本,GK013,NRT,TPE,2025-10-28,2025-10-29,09:20,12:10,0,3526,0,180
捷星日本,GK051,KIX,TPE,2025-10-28,2025-10-29,23:35,01:30,0,3469,0,168
捷星日本,GK051,KIX,TPE,2025-10-29,2025-10-30,23:35,01:30,0,3469,0,168
捷星日本,GK051,KIX,TPE,2025-10-30,2025-10-31,23:35,01:30,0,3469,0,168
捷星日本,GK051,KIX,TPE,2025-10-31,2025-11-01,23:35,01:30,0,3469,0,168
捷星日本,GK051,KIX,TPE,2025-11-01,2025-11-02,23:35,01:30,0,3469,0,168
捷星日本,GK051,KIX,TPE,2025-11-02,2025-11-03,23:35,01:30,0,3469,0,168
捷星日本,GK051,KIX,TPE,2025-10-27,2025-10-28,23:35,01:30,0,3469,0,168
捷星日本,GK011,NRT,TPE,2025-10-28,2025-10-29,22:50,01:40,0,3526,0,180
捷星日本,GK011,NRT,TPE,2025-10-29,2025-10-30,22:50,01:40,0,3526,0,180
捷星日本,GK011,NRT,TPE,2025-10-30,2025-10-31,22:50,01:40,0,3526,0,180
捷星日本,GK011,NRT,TPE,2025-10-31,2025-11-01,22:50,01:40,0,3526,0,180
捷星日本,GK011,NRT,TPE,2025-11-01,2025-11-02,22:50,01:40,0,3526,0,180
捷星日本,GK011,NRT,TPE,2025-11-02,2025-11-03,22:50,01:40,0,3526,0,180
捷星日本,GK011,NRT,TPE,2025-10-27,2025-10-27,22:50,01:40,0,3526,0,180
捷星日本,GK013,NRT,TPE,2025-10-28,2025-10-28,09:15,12:05,0,3526,0,180
捷星日本,GK013,NRT,TPE,2025-10-29,2025-10-29,09:20,12:10,0,3526,0,180
捷星日本,GK013,NRT,TPE,2025-10-30,2025-10-30,09:20,12:10,0,3526,0,180
捷星日本,GK013,NRT,TPE,2025-10-31,2025-10-31,09:20,12:10,0,3526,0,180
捷星日本,GK013,NRT,TPE,2025-11-01,2025-11-01,09:20,12:10,0,3526,0,180
捷星日本,GK013,NRT,TPE,2025-11-02,2025-11-02,09:20,12:10,0,3526,0,180
捷星日本,GK013,NRT,TPE,2025-11-04,2025-11-05,09:20,12:10,0,3526,0,180
