真航空,LJ731,ICN,TPE,2024-10-28,2024-10-28,07:50,09:25,0,2997,0,175
真航空,LJ731,ICN,TPE,2024-10-29,2024-10-29,07:50,09:25,0,2997,0,175
真航空,LJ731,ICN,TPE,2024-10-30,2024-10-30,07:50,09:25,0,2997,0,175
真航空,LJ731,ICN,TPE,2024-10-31,2024-10-31,07:50,09:25,0,2997,0,175
真航空,LJ731,ICN,TPE,2024-11-01,2024-11-01,07:50,09:25,0,2997,0,175
真航空,LJ731,ICN,TPE,2024-11-02,2024-11-02,07:50,09:25,0,2997,0,175
真航空,LJ731,ICN,TPE,2024-11-03,2024-11-03,07:50,09:25,0,2997,0,175
真航空,LJ731,ICN,TPE,2024-11-05,2024-11-05,07:50,09:25,0,2997,0,175
真航空,LJ731,ICN,TPE,2024-11-06,2024-11-06,07:50,09:25,0,2997,0,175
真航空,LJ731,ICN,TPE,2024-11-07,2024-11-07,07:50,09:25,0,2997,0,175
真航空,LJ731,ICN,TPE,2024-11-08,2024-11-08,07:50,09:25,0,2997,0,175
真航空,LJ731,ICN,TPE,2024-11-09,2024-11-09,07:50,09:25,0,2997,0,175
真航空,LJ731,ICN,TPE,2024-11-10,2024-11-10,07:50,09:25,0,2997,0,175
真航空,LJ731,ICN,TPE,2024-11-12,2024-11-12,07:50,09:25,0,2997,0,175
真航空,LJ731,ICN,TPE,2024-11-12,2024-11-12,07:50,09:25,0,2997,0,175
真航空,LJ731,ICN,TPE,2024-11-13,2024-11-13,07:50,09:25,0,2997,0,175
真航空,LJ731,ICN,TPE,2024-11-14,2024-11-14,07:50,09:25,0,2997,0,175
真航空,LJ731,ICN,TPE,2024-11-15,2024-11-15,07:50,09:25,0,2997,0,175
真航空,LJ731,ICN,TPE,2024-11-16,2024-11-16,07:50,09:25,0,2997,0,175
真航空,LJ731,ICN,TPE,2024-11-17,2024-11-17,07:50,09:25,0,2997,0,175
真航空,LJ731,ICN,TPE,2024-11-19,2024-11-19,07:50,09:25,0,2997,0,175
真航空,LJ731,ICN,TPE,2024-11-19,2024-11-19,07:50,09:25,0,2997,0,175
真航空,LJ731,ICN,TPE,2024-11-20,2024-11-20,07:50,09:25,0,2997,0,175
真航空,LJ731,ICN,TPE,2024-11-21,2024-11-21,07:50,09:25,0,2997,0,175
真航空,LJ731,ICN,TPE,2024-11-22,2024-11-22,07:50,09:25,0,2997,0,175
真航空,LJ731,ICN,TPE,2024-11-23,2024-11-23,07:50,09:25,0,2997,0,175
真航空,LJ731,ICN,TPE,2024-11-24,2024-11-24,07:50,09:25,0,2997,0,175
真航空,LJ731,ICN,TPE,2024-11-26,2024-11-26,07:50,09:25,0,2997,0,175
真航空,LJ731,ICN,TPE,2024-11-26,2024-11-26,07:50,09:25,0,2997,0,175
真航空,LJ731,ICN,TPE,2024-11-27,2024-11-27,07:50,09:25,0,2997,0,175
真航空,LJ731,ICN,TPE,2024-11-28,2024-11-28,07:50,09:25,0,2997,0,175
真航空,LJ731,ICN,TPE,2024-11-29,2024-11-29,07:50,09:25,0,2997,0,175
真航空,LJ731,ICN,TPE,2024-11-30,2024-11-30,07:50,09:25,0,2997,0,175
真航空,LJ731,ICN,TPE,2024-12-01,2024-12-01,07:50,09:25,0,2997,0,175
真航空,LJ731,ICN,TPE,2024-12-03,2024-12-03,07:50,09:25,0,2997,0,175
真航空,LJ731,ICN,TPE,2024-12-03,2024-12-03,07:50,09:25,0,2997,0,175
真航空,LJ731,ICN,TPE,2024-12-04,2024-12-04,07:50,09:25,0,2997,0,175
真航空,LJ731,ICN,TPE,2024-12-05,2024-12-05,07:50,09:25,0,2997,0,175
真航空,LJ731,ICN,TPE,2024-12-06,2024-12-06,07:50,09:25,0,2997,0,175
真航空,LJ731,ICN,TPE,2024-12-07,2024-12-07,07:50,09:25,0,2997,0,175
真航空,LJ731,ICN,TPE,2024-12-08,2024-12-08,07:50,09:25,0,2997,0,175
真航空,LJ731,ICN,TPE,2024-12-10,2024-12-10,07:50,09:25,0,2997,0,175
真航空,LJ731,ICN,TPE,2024-12-10,2024-12-10,07:50,09:25,0,2997,0,175
真航空,LJ731,ICN,TPE,2024-12-11,2024-12-11,07:50,09:25,0,2997,0,175
真航空,LJ731,ICN,TPE,2024-12-12,2024-12-12,07:50,09:25,0,2997,0,175
真航空,LJ731,ICN,TPE,2024-12-13,2024-12-13,07:50,09:25,0,2997,0,175
真航空,LJ731,ICN,TPE,2024-12-14,2024-12-14,07:50,09:25,0,2997,0,175
真航空,LJ731,ICN,TPE,2024-12-15,2024-12-15,07:50,09:25,0,2997,0,175
真航空,LJ731,ICN,TPE,2024-12-17,2024-12-17,07:50,09:25,0,2997,0,175
真航空,LJ731,ICN,TPE,2024-12-17,2024-12-17,07:50,09:25,0,2997,0,175
真航空,LJ731,ICN,TPE,2024-12-18,2024-12-18,07:50,09:25,0,2997,0,175
真航空,LJ731,ICN,TPE,2024-12-19,2024-12-19,07:50,09:25,0,2997,0,175
真航空,LJ731,ICN,TPE,2024-12-20,2024-12-20,07:50,09:25,0,2997,0,175
真航空,LJ731,ICN,TPE,2024-12-21,2024-12-21,07:50,09:25,0,2997,0,175
真航空,LJ731,ICN,TPE,2024-12-22,2024-12-22,07:50,09:25,0,2997,0,175
真航空,LJ731,ICN,TPE,2024-12-24,2024-12-24,07:50,09:25,0,2997,0,175
真航空,LJ731,ICN,TPE,2024-12-24,2024-12-24,07:50,09:25,0,2997,0,175
真航空,LJ731,ICN,TPE,2024-12-25,2024-12-25,07:50,09:25,0,2997,0,175
真航空,LJ731,ICN,TPE,2024-12-26,2024-12-26,07:50,09:25,0,2997,0,175
真航空,LJ731,ICN,TPE,2024-12-27,2024-12-27,07:50,09:25,0,2997,0,175
真航空,LJ731,ICN,TPE,2024-12-28,2024-12-28,07:50,09:25,0,2997,0,175
真航空,LJ731,ICN,TPE,2024-12-29,2024-12-29,07:50,09:25,0,2997,0,175
真航空,LJ731,ICN,TPE,2024-12-31,2024-12-31,07:50,09:25,0,2997,0,175
真航空,LJ731,ICN,TPE,2024-12-31,2024-12-31,07:50,09:25,0,2997,0,175
真航空,LJ731,ICN,TPE,2025-01-01,2025-01-01,07:50,09:25,0,2997,0,175
真航空,LJ731,ICN,TPE,2025-01-02,2025-01-02,07:50,09:25,0,2997,0,175
真航空,LJ731,ICN,TPE,2025-01-03,2025-01-03,07:50,09:25,0,2997,0,175
真航空,LJ731,ICN,TPE,2025-01-04,2025-01-04,07:50,09:25,0,2997,0,175
真航空,LJ731,ICN,TPE,2025-01-05,2025-01-05,07:50,09:25,0,2997,0,175
真航空,LJ731,ICN,TPE,2025-01-07,2025-01-07,07:50,09:25,0,2997,0,175
真航空,LJ731,ICN,TPE,2025-01-07,2025-01-07,07:50,09:25,0,2997,0,175
真航空,LJ731,ICN,TPE,2025-01-08,2025-01-08,07:50,09:25,0,2997,0,175
真航空,LJ731,ICN,TPE,2025-01-09,2025-01-09,07:50,09:25,0,2997,0,175
真航空,LJ731,ICN,TPE,2025-01-10,2025-01-10,07:50,09:25,0,2997,0,175
真航空,LJ731,ICN,TPE,2025-01-11,2025-01-11,07:50,09:25,0,2997,0,175
真航空,LJ731,ICN,TPE,2025-01-12,2025-01-12,07:50,09:25,0,2997,0,175
真航空,LJ731,ICN,TPE,2025-01-14,2025-01-14,07:50,09:25,0,2997,0,175
真航空,LJ731,ICN,TPE,2025-01-14,2025-01-14,07:50,09:25,0,2997,0,175
真航空,LJ731,ICN,TPE,2025-01-15,2025-01-15,07:50,09:25,0,2997,0,175
真航空,LJ731,ICN,TPE,2025-01-16,2025-01-16,07:50,09:25,0,2997,0,175
真航空,LJ731,ICN,TPE,2025-01-17,2025-01-17,07:50,09:25,0,2997,0,175
真航空,LJ731,ICN,TPE,2025-01-18,2025-01-18,07:50,09:25,0,2997,0,175
真航空,LJ731,ICN,TPE,2025-01-19,2025-01-19,07:50,09:25,0,2997,0,175
真航空,LJ731,ICN,TPE,2025-01-21,2025-01-21,07:50,09:25,0,2997,0,175
真航空,LJ731,ICN,TPE,2025-01-21,2025-01-21,07:50,09:25,0,2997,0,175
真航空,LJ731,ICN,TPE,2025-01-22,2025-01-22,07:50,09:25,0,2997,0,175
真航空,LJ731,ICN,TPE,2025-01-23,2025-01-23,07:50,09:25,0,2997,0,175
真航空,LJ731,ICN,TPE,2025-01-24,2025-01-24,07:50,09:25,0,2997,0,175
真航空,LJ731,ICN,TPE,2025-01-25,2025-01-25,07:50,09:25,0,2997,0,175
真航空,LJ731,ICN,TPE,2025-01-26,2025-01-26,07:50,09:25,0,2997,0,175
真航空,LJ731,ICN,TPE,2025-01-28,2025-01-28,07:50,09:25,0,2997,0,175
真航空,LJ731,ICN,TPE,2025-01-28,2025-01-28,07:50,09:25,0,2997,0,175
真航空,LJ731,ICN,TPE,2025-01-29,2025-01-29,07:50,09:25,0,2997,0,175
真航空,LJ731,ICN,TPE,2025-01-30,2025-01-30,07:50,09:25,0,2997,0,175
真航空,LJ731,ICN,TPE,2025-01-31,2025-01-31,07:50,09:25,0,2997,0,175
真航空,LJ731,ICN,TPE,2025-02-01,2025-02-01,07:50,09:25,0,2997,0,175
真航空,LJ731,ICN,TPE,2025-02-02,2025-02-02,07:50,09:25,0,2997,0,175
真航空,LJ731,ICN,TPE,2025-02-04,2025-02-04,07:50,09:25,0,2997,0,175
真航空,LJ731,ICN,TPE,2025-02-04,2025-02-04,07:50,09:25,0,2997,0,175
真航空,LJ731,ICN,TPE,2025-02-05,2025-02-05,07:50,09:25,0,2997,0,175
真航空,LJ731,ICN,TPE,2025-02-06,2025-02-06,07:50,09:25,0,2997,0,175
真航空,LJ731,ICN,TPE,2025-02-07,2025-02-07,07:50,09:25,0,2997,0,175
真航空,LJ731,ICN,TPE,2025-02-08,2025-02-08,07:50,09:25,0,2997,0,175
真航空,LJ731,ICN,TPE,2025-02-09,2025-02-09,07:50,09:25,0,2997,0,175
真航空,LJ731,ICN,TPE,2025-02-11,2025-02-11,07:50,09:25,0,2997,0,175
真航空,LJ731,ICN,TPE,2025-02-11,2025-02-11,07:50,09:25,0,2997,0,175
真航空,LJ731,ICN,TPE,2025-02-12,2025-02-12,07:50,09:25,0,2997,0,175
真航空,LJ731,ICN,TPE,2025-02-13,2025-02-13,07:50,09:25,0,2997,0,175
真航空,LJ731,ICN,TPE,2025-02-14,2025-02-14,07:50,09:25,0,2997,0,175
真航空,LJ731,ICN,TPE,2025-02-15,2025-02-15,07:50,09:25,0,2997,0,175
真航空,LJ731,ICN,TPE,2025-02-16,2025-02-16,07:50,09:25,0,2997,0,175
真航空,LJ731,ICN,TPE,2025-02-18,2025-02-18,07:50,09:25,0,2997,0,175
真航空,LJ731,ICN,TPE,2025-02-18,2025-02-18,07:50,09:25,0,2997,0,175
真航空,LJ731,ICN,TPE,2025-02-19,2025-02-19,07:50,09:25,0,2997,0,175
真航空,LJ731,ICN,TPE,2025-02-20,2025-02-20,07:50,09:25,0,2997,0,175
真航空,LJ731,ICN,TPE,2025-02-21,2025-02-21,07:50,09:25,0,2997,0,175
真航空,LJ731,ICN,TPE,2025-02-22,2025-02-22,07:50,09:25,0,2997,0,175
真航空,LJ731,ICN,TPE,2025-02-23,2025-02-23,07:50,09:25,0,2997,0,175
真航空,LJ731,ICN,TPE,2025-02-25,2025-02-25,07:50,09:25,0,2997,0,175
真航空,LJ731,ICN,TPE,2025-02-25,2025-02-25,07:50,09:25,0,2997,0,175
真航空,LJ731,ICN,TPE,2025-02-26,2025-02-26,07:50,09:25,0,2997,0,175
真航空,LJ731,ICN,TPE,2025-02-27,2025-02-27,07:50,09:25,0,2997,0,175
真航空,LJ731,ICN,TPE,2025-02-28,2025-02-28,07:50,09:25,0,2997,0,175
真航空,LJ731,ICN,TPE,2025-03-01,2025-03-01,07:50,09:25,0,2997,0,175
真航空,LJ731,ICN,TPE,2025-03-02,2025-03-02,07:50,09:25,0,2997,0,175
真航空,LJ731,ICN,TPE,2025-03-04,2025-03-04,07:50,09:25,0,2997,0,175
真航空,LJ731,ICN,TPE,2025-03-04,2025-03-04,07:50,09:25,0,2997,0,175
真航空,LJ731,ICN,TPE,2025-03-05,2025-03-05,07:50,09:25,0,2997,0,175
真航空,LJ731,ICN,TPE,2025-03-06,2025-03-06,07:50,09:25,0,2997,0,175
真航空,LJ731,ICN,TPE,2025-03-07,2025-03-07,07:50,09:25,0,2997,0,175
真航空,LJ731,ICN,TPE,2025-03-08,2025-03-08,07:50,09:25,0,2997,0,175
真航空,LJ731,ICN,TPE,2025-03-09,2025-03-09,07:50,09:25,0,2997,0,175
真航空,LJ731,ICN,TPE,2025-03-11,2025-03-11,07:50,09:25,0,2997,0,175
真航空,LJ731,ICN,TPE,2025-03-11,2025-03-11,07:50,09:25,0,2997,0,175
真航空,LJ731,ICN,TPE,2025-03-12,2025-03-12,07:50,09:25,0,2997,0,175
真航空,LJ731,ICN,TPE,2025-03-13,2025-03-13,07:50,09:25,0,2997,0,175
真航空,LJ731,ICN,TPE,2025-03-14,2025-03-14,07:50,09:25,0,2997,0,175
真航空,LJ731,ICN,TPE,2025-03-15,2025-03-15,07:50,09:25,0,2997,0,175
真航空,LJ731,ICN,TPE,2025-03-16,2025-03-16,07:50,09:25,0,2997,0,175
真航空,LJ731,ICN,TPE,2025-03-18,2025-03-18,07:50,09:25,0,2997,0,175
真航空,LJ731,ICN,TPE,2025-03-18,2025-03-18,07:50,09:25,0,2997,0,175
真航空,LJ731,ICN,TPE,2025-03-19,2025-03-19,07:50,09:25,0,2997,0,175
真航空,LJ731,ICN,TPE,2025-03-20,2025-03-20,07:50,09:25,0,2997,0,175
真航空,LJ731,ICN,TPE,2025-03-21,2025-03-21,07:50,09:25,0,2997,0,175
真航空,LJ731,ICN,TPE,2025-03-22,2025-03-22,07:50,09:25,0,2997,0,175
真航空,LJ731,ICN,TPE,2025-03-23,2025-03-23,07:50,09:25,0,2997,0,175
真航空,LJ731,ICN,TPE,2025-03-25,2025-03-25,07:50,09:25,0,2997,0,175
真航空,LJ731,ICN,TPE,2025-03-25,2025-03-25,07:50,09:25,0,2997,0,175
真航空,LJ731,ICN,TPE,2025-03-26,2025-03-26,07:50,09:25,0,2997,0,175
真航空,LJ731,ICN,TPE,2025-03-27,2025-03-27,07:50,09:25,0,2997,0,175
真航空,LJ731,ICN,TPE,2025-03-28,2025-03-28,07:50,09:25,0,2997,0,175
真航空,LJ731,ICN,TPE,2025-03-29,2025-03-29,07:50,09:25,0,2997,0,175
真航空,LJ731,ICN,TPE,2025-03-30,2025-03-30,07:50,09:25,0,2997,0,175
真航空,LJ731,ICN,TPE,2025-04-01,2025-04-01,07:50,09:25,0,2997,0,175
真航空,LJ731,ICN,TPE,2025-04-01,2025-04-01,07:50,09:25,0,2997,0,175
真航空,LJ731,ICN,TPE,2025-04-02,2025-04-02,07:50,09:25,0,2997,0,175
真航空,LJ731,ICN,TPE,2025-04-03,2025-04-03,07:50,09:25,0,2997,0,175
真航空,LJ731,ICN,TPE,2025-04-04,2025-04-04,07:50,09:25,0,2997,0,175
真航空,LJ731,ICN,TPE,2025-04-05,2025-04-05,07:50,09:25,0,2997,0,175
真航空,LJ731,ICN,TPE,2025-04-06,2025-04-06,07:50,09:25,0,2997,0,175
真航空,LJ731,ICN,TPE,2025-04-08,2025-04-08,07:50,09:25,0,2997,0,175
真航空,LJ731,ICN,TPE,2025-04-08,2025-04-08,07:50,09:25,0,2997,0,175
真航空,LJ731,ICN,TPE,2025-04-09,2025-04-09,07:50,09:25,0,2997,0,175
真航空,LJ731,ICN,TPE,2025-04-10,2025-04-10,07:50,09:25,0,2997,0,175
真航空,LJ731,ICN,TPE,2025-04-11,2025-04-11,07:50,09:25,0,2997,0,175
真航空,LJ731,ICN,TPE,2025-04-12,2025-04-12,07:50,09:25,0,2997,0,175
真航空,LJ731,ICN,TPE,2025-04-13,2025-04-13,07:50,09:25,0,2997,0,175
真航空,LJ731,ICN,TPE,2025-04-15,2025-04-15,07:50,09:25,0,2997,0,175
真航空,LJ731,ICN,TPE,2025-04-15,2025-04-15,07:50,09:25,0,2997,0,175
真航空,LJ731,ICN,TPE,2025-04-16,2025-04-16,07:50,09:25,0,2997,0,175
真航空,LJ731,ICN,TPE,2025-04-17,2025-04-17,07:50,09:25,0,2997,0,175
真航空,LJ731,ICN,TPE,2025-04-18,2025-04-18,07:50,09:25,0,2997,0,175
真航空,LJ731,ICN,TPE,2025-04-19,2025-04-19,07:50,09:25,0,2997,0,175
真航空,LJ731,ICN,TPE,2025-04-20,2025-04-20,07:50,09:25,0,2997,0,175
真航空,LJ731,ICN,TPE,2025-04-22,2025-04-22,07:50,09:25,0,2997,0,175
真航空,LJ731,ICN,TPE,2025-04-22,2025-04-22,07:50,09:25,0,2997,0,175
真航空,LJ731,ICN,TPE,2025-04-23,2025-04-23,07:50,09:25,0,2997,0,175
真航空,LJ731,ICN,TPE,2025-04-24,2025-04-24,07:50,09:25,0,2997,0,175
真航空,LJ731,ICN,TPE,2025-04-25,2025-04-25,07:50,09:25,0,2997,0,175
真航空,LJ731,ICN,TPE,2025-04-26,2025-04-26,07:50,09:25,0,2997,0,175
真航空,LJ731,ICN,TPE,2025-04-27,2025-04-27,07:50,09:25,0,2997,0,175
真航空,LJ731,ICN,TPE,2025-04-29,2025-04-29,07:50,09:25,0,2997,0,175
真航空,LJ731,ICN,TPE,2025-04-29,2025-04-29,07:50,09:25,0,2997,0,175
真航空,LJ731,ICN,TPE,2025-04-30,2025-04-30,07:50,09:25,0,2997,0,175
真航空,LJ731,ICN,TPE,2025-05-01,2025-05-01,07:50,09:25,0,2997,0,175
真航空,LJ731,ICN,TPE,2025-05-02,2025-05-02,07:50,09:25,0,2997,0,175
真航空,LJ731,ICN,TPE,2025-05-03,2025-05-03,07:50,09:25,0,2997,0,175
真航空,LJ731,ICN,TPE,2025-05-04,2025-05-04,07:50,09:25,0,2997,0,175
真航空,LJ731,ICN,TPE,2025-05-06,2025-05-06,07:50,09:25,0,2997,0,175
真航空,LJ731,ICN,TPE,2025-05-06,2025-05-06,07:50,09:25,0,2997,0,175
真航空,LJ731,ICN,TPE,2025-05-07,2025-05-07,07:50,09:25,0,2997,0,175
真航空,LJ731,ICN,TPE,2025-05-08,2025-05-08,07:50,09:25,0,2997,0,175
真航空,LJ731,ICN,TPE,2025-05-09,2025-05-09,07:50,09:25,0,2997,0,175
真航空,LJ731,ICN,TPE,2025-05-10,2025-05-10,07:50,09:25,0,2997,0,175
真航空,LJ731,ICN,TPE,2025-05-11,2025-05-11,07:50,09:25,0,2997,0,175
真航空,LJ731,ICN,TPE,2025-05-13,2025-05-13,07:50,09:25,0,2997,0,175
真航空,LJ731,ICN,TPE,2025-05-13,2025-05-13,07:50,09:25,0,2997,0,175
真航空,LJ731,ICN,TPE,2025-05-14,2025-05-14,07:50,09:25,0,2997,0,175
真航空,LJ731,ICN,TPE,2025-05-15,2025-05-15,07:50,09:25,0,2997,0,175
真航空,LJ731,ICN,TPE,2025-05-16,2025-05-16,07:50,09:25,0,2997,0,175
真航空,LJ731,ICN,TPE,2025-05-17,2025-05-17,07:50,09:25,0,2997,0,175
真航空,LJ731,ICN,TPE,2025-05-18,2025-05-18,07:50,09:25,0,2997,0,175
真航空,LJ731,ICN,TPE,2025-05-20,2025-05-20,07:50,09:25,0,2997,0,175
真航空,LJ731,ICN,TPE,2025-05-20,2025-05-20,07:50,09:25,0,2997,0,175
真航空,LJ731,ICN,TPE,2025-05-21,2025-05-21,07:50,09:25,0,2997,0,175
真航空,LJ731,ICN,TPE,2025-05-22,2025-05-22,07:50,09:25,0,2997,0,175
真航空,LJ731,ICN,TPE,2025-05-23,2025-05-23,07:50,09:25,0,2997,0,175
真航空,LJ731,ICN,TPE,2025-05-24,2025-05-24,07:50,09:25,0,2997,0,175
真航空,LJ731,ICN,TPE,2025-05-25,2025-05-25,07:50,09:25,0,2997,0,175
真航空,LJ731,ICN,TPE,2025-05-27,2025-05-27,07:50,09:25,0,2997,0,175
真航空,LJ731,ICN,TPE,2025-05-27,2025-05-27,07:50,09:25,0,2997,0,175
真航空,LJ731,ICN,TPE,2025-05-28,2025-05-28,07:50,09:25,0,2997,0,175
真航空,LJ731,ICN,TPE,2025-05-29,2025-05-29,07:50,09:25,0,2997,0,175
真航空,LJ731,ICN,TPE,2025-05-30,2025-05-30,07:50,09:25,0,2997,0,175
真航空,LJ731,ICN,TPE,2025-05-31,2025-05-31,07:50,09:25,0,2997,0,175
真航空,LJ731,ICN,TPE,2025-06-01,2025-06-01,07:50,09:25,0,2997,0,175
真航空,LJ731,ICN,TPE,2025-06-03,2025-06-03,07:50,09:25,0,2997,0,175
真航空,LJ731,ICN,TPE,2025-06-03,2025-06-03,07:50,09:25,0,2997,0,175
真航空,LJ731,ICN,TPE,2025-06-04,2025-06-04,07:50,09:25,0,2997,0,175
真航空,LJ731,ICN,TPE,2025-06-05,2025-06-05,07:50,09:25,0,2997,0,175
真航空,LJ731,ICN,TPE,2025-06-06,2025-06-06,07:50,09:25,0,2997,0,175
真航空,LJ731,ICN,TPE,2025-06-07,2025-06-07,07:50,09:25,0,2997,0,175
真航空,LJ731,ICN,TPE,2025-06-08,2025-06-08,07:50,09:25,0,2997,0,175
真航空,LJ731,ICN,TPE,2025-06-10,2025-06-10,07:50,09:25,0,2997,0,175
真航空,LJ731,ICN,TPE,2025-06-10,2025-06-10,07:50,09:25,0,2997,0,175
真航空,LJ731,ICN,TPE,2025-06-11,2025-06-11,07:50,09:25,0,2997,0,175
真航空,LJ731,ICN,TPE,2025-06-12,2025-06-12,07:50,09:25,0,2997,0,175
真航空,LJ731,ICN,TPE,2025-06-13,2025-06-13,07:50,09:25,0,2997,0,175
真航空,LJ731,ICN,TPE,2025-06-14,2025-06-14,07:50,09:25,0,2997,0,175
真航空,LJ731,ICN,TPE,2025-06-15,2025-06-15,07:50,09:25,0,2997,0,175
真航空,LJ731,ICN,TPE,2025-06-17,2025-06-17,07:50,09:25,0,2997,0,175
真航空,LJ731,ICN,TPE,2025-06-17,2025-06-17,07:50,09:25,0,2997,0,175
真航空,LJ731,ICN,TPE,2025-06-18,2025-06-18,07:50,09:25,0,2997,0,175
真航空,LJ731,ICN,TPE,2025-06-19,2025-06-19,07:50,09:25,0,2997,0,175
真航空,LJ731,ICN,TPE,2025-06-20,2025-06-20,07:50,09:25,0,2997,0,175
真航空,LJ731,ICN,TPE,2025-06-21,2025-06-21,07:50,09:25,0,2997,0,175
真航空,LJ731,ICN,TPE,2025-06-22,2025-06-22,07:50,09:25,0,2997,0,175
真航空,LJ731,ICN,TPE,2025-06-24,2025-06-24,07:50,09:25,0,2997,0,175
真航空,LJ731,ICN,TPE,2025-06-24,2025-06-24,07:50,09:25,0,2997,0,175
真航空,LJ731,ICN,TPE,2025-06-25,2025-06-25,07:50,09:25,0,2997,0,175
真航空,LJ731,ICN,TPE,2025-06-26,2025-06-26,07:50,09:25,0,2997,0,175
真航空,LJ731,ICN,TPE,2025-06-27,2025-06-27,07:50,09:25,0,2997,0,175
真航空,LJ731,ICN,TPE,2025-06-28,2025-06-28,07:50,09:25,0,2997,0,175
真航空,LJ731,ICN,TPE,2025-06-29,2025-06-29,07:50,09:25,0,2997,0,175
真航空,LJ731,ICN,TPE,2025-07-01,2025-07-01,07:50,09:25,0,2997,0,175
真航空,LJ731,ICN,TPE,2025-07-01,2025-07-01,07:50,09:25,0,2997,0,175
真航空,LJ731,ICN,TPE,2025-07-02,2025-07-02,07:50,09:25,0,2997,0,175
真航空,LJ731,ICN,TPE,2025-07-03,2025-07-03,07:50,09:25,0,2997,0,175
真航空,LJ731,ICN,TPE,2025-07-04,2025-07-04,07:50,09:25,0,2997,0,175
真航空,LJ731,ICN,TPE,2025-07-05,2025-07-05,07:50,09:25,0,2997,0,175
真航空,LJ731,ICN,TPE,2025-07-06,2025-07-06,07:50,09:25,0,2997,0,175
真航空,LJ731,ICN,TPE,2025-07-08,2025-07-08,07:50,09:25,0,2997,0,175
真航空,LJ731,ICN,TPE,2025-07-08,2025-07-08,07:50,09:25,0,2997,0,175
真航空,LJ731,ICN,TPE,2025-07-09,2025-07-09,07:50,09:25,0,2997,0,175
真航空,LJ731,ICN,TPE,2025-07-10,2025-07-10,07:50,09:25,0,2997,0,175
真航空,LJ731,ICN,TPE,2025-07-11,2025-07-11,07:50,09:25,0,2997,0,175
真航空,LJ731,ICN,TPE,2025-07-12,2025-07-12,07:50,09:25,0,2997,0,175
真航空,LJ731,ICN,TPE,2025-07-13,2025-07-13,07:50,09:25,0,2997,0,175
真航空,LJ731,ICN,TPE,2025-07-15,2025-07-15,07:50,09:25,0,2997,0,175
真航空,LJ731,ICN,TPE,2025-07-15,2025-07-15,07:50,09:25,0,2997,0,175
真航空,LJ731,ICN,TPE,2025-07-16,2025-07-16,07:50,09:25,0,2997,0,175
真航空,LJ731,ICN,TPE,2025-07-17,2025-07-17,07:50,09:25,0,2997,0,175
真航空,LJ731,ICN,TPE,2025-07-18,2025-07-18,07:50,09:25,0,2997,0,175
真航空,LJ731,ICN,TPE,2025-07-19,2025-07-19,07:50,09:25,0,2997,0,175
真航空,LJ731,ICN,TPE,2025-07-20,2025-07-20,07:50,09:25,0,2997,0,175
真航空,LJ731,ICN,TPE,2025-07-22,2025-07-22,07:50,09:25,0,2997,0,175
真航空,LJ731,ICN,TPE,2025-07-22,2025-07-22,07:50,09:25,0,2997,0,175
真航空,LJ731,ICN,TPE,2025-07-23,2025-07-23,07:50,09:25,0,2997,0,175
真航空,LJ731,ICN,TPE,2025-07-24,2025-07-24,07:50,09:25,0,2997,0,175
真航空,LJ731,ICN,TPE,2025-07-25,2025-07-25,07:50,09:25,0,2997,0,175
真航空,LJ731,ICN,TPE,2025-07-26,2025-07-26,07:50,09:25,0,2997,0,175
真航空,LJ731,ICN,TPE,2025-07-27,2025-07-27,07:50,09:25,0,2997,0,175
真航空,LJ731,ICN,TPE,2025-07-29,2025-07-29,07:50,09:25,0,2997,0,175
真航空,LJ731,ICN,TPE,2025-07-29,2025-07-29,07:50,09:25,0,2997,0,175
真航空,LJ731,ICN,TPE,2025-07-30,2025-07-30,07:50,09:25,0,2997,0,175
真航空,LJ731,ICN,TPE,2025-07-31,2025-07-31,07:50,09:25,0,2997,0,175
真航空,LJ731,ICN,TPE,2025-08-01,2025-08-01,07:50,09:25,0,2997,0,175
真航空,LJ731,ICN,TPE,2025-08-02,2025-08-02,07:50,09:25,0,2997,0,175
真航空,LJ731,ICN,TPE,2025-08-03,2025-08-03,07:50,09:25,0,2997,0,175
真航空,LJ731,ICN,TPE,2025-08-05,2025-08-05,07:50,09:25,0,2997,0,175
真航空,LJ731,ICN,TPE,2025-08-05,2025-08-05,07:50,09:25,0,2997,0,175
真航空,LJ731,ICN,TPE,2025-08-06,2025-08-06,07:50,09:25,0,2997,0,175
真航空,LJ731,ICN,TPE,2025-08-07,2025-08-07,07:50,09:25,0,2997,0,175
真航空,LJ731,ICN,TPE,2025-08-08,2025-08-08,07:50,09:25,0,2997,0,175
真航空,LJ731,ICN,TPE,2025-08-09,2025-08-09,07:50,09:25,0,2997,0,175
真航空,LJ731,ICN,TPE,2025-08-10,2025-08-10,07:50,09:25,0,2997,0,175
真航空,LJ731,ICN,TPE,2025-08-12,2025-08-12,07:50,09:25,0,2997,0,175
真航空,LJ731,ICN,TPE,2025-08-12,2025-08-12,07:50,09:25,0,2997,0,175
真航空,LJ731,ICN,TPE,2025-08-13,2025-08-13,07:50,09:25,0,2997,0,175
真航空,LJ731,ICN,TPE,2025-08-14,2025-08-14,07:50,09:25,0,2997,0,175
真航空,LJ731,ICN,TPE,2025-08-15,2025-08-15,07:50,09:25,0,2997,0,175
真航空,LJ731,ICN,TPE,2025-08-16,2025-08-16,07:50,09:25,0,2997,0,175
真航空,LJ731,ICN,TPE,2025-08-17,2025-08-17,07:50,09:25,0,2997,0,175
真航空,LJ731,ICN,TPE,2025-08-19,2025-08-19,07:50,09:25,0,2997,0,175
真航空,LJ731,ICN,TPE,2025-08-19,2025-08-19,07:50,09:25,0,2997,0,175
真航空,LJ731,ICN,TPE,2025-08-20,2025-08-20,07:50,09:25,0,2997,0,175
真航空,LJ731,ICN,TPE,2025-08-21,2025-08-21,07:50,09:25,0,2997,0,175
真航空,LJ731,ICN,TPE,2025-08-22,2025-08-22,07:50,09:25,0,2997,0,175
真航空,LJ731,ICN,TPE,2025-08-23,2025-08-23,07:50,09:25,0,2997,0,175
真航空,LJ731,ICN,TPE,2025-08-24,2025-08-24,07:50,09:25,0,2997,0,175
真航空,LJ731,ICN,TPE,2025-08-26,2025-08-26,07:50,09:25,0,2997,0,175
真航空,LJ731,ICN,TPE,2025-08-26,2025-08-26,07:50,09:25,0,2997,0,175
真航空,LJ731,ICN,TPE,2025-08-27,2025-08-27,07:50,09:25,0,2997,0,175
真航空,LJ731,ICN,TPE,2025-08-28,2025-08-28,07:50,09:25,0,2997,0,175
真航空,LJ731,ICN,TPE,2025-08-29,2025-08-29,07:50,09:25,0,2997,0,175
真航空,LJ731,ICN,TPE,2025-08-30,2025-08-30,07:50,09:25,0,2997,0,175
真航空,LJ731,ICN,TPE,2025-08-31,2025-08-31,07:50,09:25,0,2997,0,175
真航空,LJ731,ICN,TPE,2025-09-02,2025-09-02,07:50,09:25,0,2997,0,175
真航空,LJ731,ICN,TPE,2025-09-02,2025-09-02,07:50,09:25,0,2997,0,175
真航空,LJ731,ICN,TPE,2025-09-03,2025-09-03,07:50,09:25,0,2997,0,175
真航空,LJ731,ICN,TPE,2025-09-04,2025-09-04,07:50,09:25,0,2997,0,175
真航空,LJ731,ICN,TPE,2025-09-05,2025-09-05,07:50,09:25,0,2997,0,175
真航空,LJ731,ICN,TPE,2025-09-06,2025-09-06,07:50,09:25,0,2997,0,175
真航空,LJ731,ICN,TPE,2025-09-07,2025-09-07,07:50,09:25,0,2997,0,175
真航空,LJ731,ICN,TPE,2025-09-09,2025-09-09,07:50,09:25,0,2997,0,175
真航空,LJ731,ICN,TPE,2025-09-09,2025-09-09,07:50,09:25,0,2997,0,175
真航空,LJ731,ICN,TPE,2025-09-10,2025-09-10,07:50,09:25,0,2997,0,175
真航空,LJ731,ICN,TPE,2025-09-11,2025-09-11,07:50,09:25,0,2997,0,175
真航空,LJ731,ICN,TPE,2025-09-12,2025-09-12,07:50,09:25,0,2997,0,175
真航空,LJ731,ICN,TPE,2025-09-13,2025-09-13,07:50,09:25,0,2997,0,175
真航空,LJ731,ICN,TPE,2025-09-14,2025-09-14,07:50,09:25,0,2997,0,175
真航空,LJ731,ICN,TPE,2025-09-16,2025-09-16,07:50,09:25,0,2997,0,175
真航空,LJ731,ICN,TPE,2025-09-16,2025-09-16,07:50,09:25,0,2997,0,175
真航空,LJ731,ICN,TPE,2025-09-17,2025-09-17,07:50,09:25,0,2997,0,175
真航空,LJ731,ICN,TPE,2025-09-18,2025-09-18,07:50,09:25,0,2997,0,175
真航空,LJ731,ICN,TPE,2025-09-19,2025-09-19,07:50,09:25,0,2997,0,175
真航空,LJ731,ICN,TPE,2025-09-20,2025-09-20,07:50,09:25,0,2997,0,175
真航空,LJ731,ICN,TPE,2025-09-21,2025-09-21,07:50,09:25,0,2997,0,175
真航空,LJ731,ICN,TPE,2025-09-23,2025-09-23,07:50,09:25,0,2997,0,175
真航空,LJ731,ICN,TPE,2025-09-23,2025-09-23,07:50,09:25,0,2997,0,175
真航空,LJ731,ICN,TPE,2025-09-24,2025-09-24,07:50,09:25,0,2997,0,175
真航空,LJ731,ICN,TPE,2025-09-25,2025-09-25,07:50,09:25,0,2997,0,175
真航空,LJ731,ICN,TPE,2025-09-26,2025-09-26,07:50,09:25,0,2997,0,175
真航空,LJ731,ICN,TPE,2025-09-27,2025-09-27,07:50,09:25,0,2997,0,175
真航空,LJ731,ICN,TPE,2025-09-28,2025-09-28,07:50,09:25,0,2997,0,175
真航空,LJ731,ICN,TPE,2025-09-30,2025-09-30,07:50,09:25,0,2997,0,175
真航空,LJ731,ICN,TPE,2025-09-30,2025-09-30,07:50,09:25,0,2997,0,175
真航空,LJ731,ICN,TPE,2025-10-01,2025-10-01,07:50,09:25,0,2997,0,175
真航空,LJ731,ICN,TPE,2025-10-02,2025-10-02,07:50,09:25,0,2997,0,175
真航空,LJ731,ICN,TPE,2025-10-03,2025-10-03,07:50,09:25,0,2997,0,175
真航空,LJ731,ICN,TPE,2025-10-04,2025-10-04,07:50,09:25,0,2997,0,175
真航空,LJ731,ICN,TPE,2025-10-05,2025-10-05,07:50,09:25,0,2997,0,175
真航空,LJ731,ICN,TPE,2025-10-07,2025-10-07,07:50,09:25,0,2997,0,175
真航空,LJ731,ICN,TPE,2025-10-07,2025-10-07,07:50,09:25,0,2997,0,175
真航空,LJ731,ICN,TPE,2025-10-08,2025-10-08,07:50,09:25,0,2997,0,175
真航空,LJ731,ICN,TPE,2025-10-09,2025-10-09,07:50,09:25,0,2997,0,175
真航空,LJ731,ICN,TPE,2025-10-10,2025-10-10,07:50,09:25,0,2997,0,175
真航空,LJ731,ICN,TPE,2025-10-11,2025-10-11,07:50,09:25,0,2997,0,175
真航空,LJ731,ICN,TPE,2025-10-12,2025-10-12,07:50,09:25,0,2997,0,175
真航空,LJ731,ICN,TPE,2025-10-14,2025-10-14,07:50,09:25,0,2997,0,175
真航空,LJ731,ICN,TPE,2025-10-14,2025-10-14,07:50,09:25,0,2997,0,175
真航空,LJ731,ICN,TPE,2025-10-15,2025-10-15,07:50,09:25,0,2997,0,175
真航空,LJ731,ICN,TPE,2025-10-16,2025-10-16,07:50,09:25,0,2997,0,175
真航空,LJ731,ICN,TPE,2025-10-17,2025-10-17,07:50,09:25,0,2997,0,175
真航空,LJ731,ICN,TPE,2025-10-18,2025-10-18,07:50,09:25,0,2997,0,175
真航空,LJ731,ICN,TPE,2025-10-19,2025-10-19,07:50,09:25,0,2997,0,175
真航空,LJ731,ICN,TPE,2025-10-21,2025-10-21,07:50,09:25,0,2997,0,175
真航空,LJ731,ICN,TPE,2025-10-21,2025-10-21,07:50,09:25,0,2997,0,175
真航空,LJ731,ICN,TPE,2025-10-22,2025-10-22,07:50,09:25,0,2997,0,175
真航空,LJ731,ICN,TPE,2025-10-23,2025-10-23,07:50,09:25,0,2997,0,175
真航空,LJ731,ICN,TPE,2025-10-24,2025-10-24,07:50,09:25,0,2997,0,175
真航空,LJ731,ICN,TPE,2025-10-25,2025-10-25,07:50,09:25,0,2997,0,175
真航空,LJ731,ICN,TPE,2025-10-26,2025-10-26,07:50,09:25,0,2997,0,175
真航空,LJ731,ICN,TPE,2025-10-28,2025-10-28,07:50,09:25,0,2997,0,175
真航空,LJ731,ICN,TPE,2025-10-28,2025-10-28,07:50,09:25,0,2997,0,175
真航空,LJ731,ICN,TPE,2025-10-29,2025-10-29,07:50,09:25,0,2997,0,175
真航空,LJ731,ICN,TPE,2025-10-30,2025-10-30,07:50,09:25,0,2997,0,175
真航空,LJ731,ICN,TPE,2025-10-31,2025-10-31,07:50,09:25,0,2997,0,175
真航空,LJ731,ICN,TPE,2025-11-01,2025-11-01,07:50,09:25,0,2997,0,175
真航空,LJ731,ICN,TPE,2025-11-02,2025-11-02,07:50,09:25,0,2997,0,175
真航空,LJ731,ICN,TPE,2025-11-04,2025-11-04,07:50,09:25,0,2997,0,175
