酷航空,TR893,CTS,TPE,2024-10-29,2024-10-29,17:30,20:45,0,7680,0,202
酷航空,TR893,CTS,TPE,2024-10-31,2024-10-31,17:30,20:45,0,7680,0,202
酷航空,TR893,CTS,TPE,2024-11-02,2024-11-02,17:30,20:45,0,7680,0,202
酷航空,TR893,CTS,TPE,2024-11-03,2024-11-03,17:30,20:45,0,7680,0,202
酷航空,TR897,ICN,TPE,2024-10-28,2024-10-29,22:50,00:30,0,3687,0,202
酷航空,TR897,ICN,TPE,2024-10-30,2024-10-31,22:50,00:30,0,3688,0,202
酷航空,TR897,ICN,TPE,2024-10-31,2024-11-01,22:50,00:30,0,3689,0,202
酷航空,TR897,ICN,TPE,2024-11-01,2024-11-02,22:50,00:30,0,3690,0,202
酷航空,TR897,ICN,TPE,2024-11-03,2024-11-04,22:50,00:30,0,3691,0,202
酷航空,TR899,NRT,TPE,2024-10-30,2024-10-30,12:25,14:55,0,4208,0,202
酷航空,TR899,NRT,TPE,2024-11-01,2024-11-01,12:25,14:55,0,4209,0,202
酷航空,TR899,NRT,TPE,2024-11-03,2024-11-03,12:30,14:55,0,4210,0,202
酷航空,TR899,NRT,TPE,2024-10-29,2024-10-29,12:55,15:50,0,4211,0,202
酷航空,TR899,NRT,TPE,2024-10-31,2024-10-31,12:55,15:50,0,4212,0,202
酷航空,TR899,NRT,TPE,2024-11-02,2024-11-02,13:00,15:50,0,4213,0,202
酷航空,TR875,NRT,TPE,2024-10-28,2024-10-28,20:10,23:00,0,4208,0,202
酷航空,TR875,NRT,TPE,2024-10-29,2024-10-29,20:10,23:00,0,4209,0,202
酷航空,TR875,NRT,TPE,2024-10-31,2024-10-31,20:30,23:20,0,4210,0,202
酷航空,TR875,NRT,TPE,2024-11-01,2024-11-01,00:05,04:45,0,4211,0,202
酷航空,TR875,NRT,TPE,2024-11-02,2024-11-02,20:10,23:00,0,4212,0,202
酷航空,TR893,CTS,TPE,2024-11-07,2024-11-07,17:30,20:45,0,7680,0,202
酷航空,TR893,CTS,TPE,2024-11-09,2024-11-09,17:30,20:45,0,7680,0,202
酷航空,TR893,CTS,TPE,2024-11-10,2024-11-10,17:30,20:45,0,7680,0,202
酷航空,TR893,CTS,TPE,2024-11-04,2024-11-05,17:30,20:45,0,7680,0,202
酷航空,TR897,ICN,TPE,2024-11-06,2024-11-07,22:50,00:30,0,3687,0,202
酷航空,TR897,ICN,TPE,2024-11-07,2024-11-08,22:50,00:30,0,3688,0,202
酷航空,TR897,ICN,TPE,2024-11-08,2024-11-09,22:50,00:30,0,3689,0,202
酷航空,TR897,ICN,TPE,2024-11-10,2024-11-11,22:50,00:30,0,3690,0,202
酷航空,TR897,ICN,TPE,2024-11-06,2024-11-06,22:50,00:30,0,3691,0,202
酷航空,TR899,NRT,TPE,2024-11-08,2024-11-08,12:25,14:55,0,4208,0,202
酷航空,TR899,NRT,TPE,2024-11-10,2024-11-10,12:25,14:55,0,4209,0,202
酷航空,TR899,NRT,TPE,2024-11-05,2024-11-05,12:30,14:55,0,4210,0,202
酷航空,TR899,NRT,TPE,2024-11-07,2024-11-07,12:55,15:50,0,4211,0,202
酷航空,TR899,NRT,TPE,2024-11-09,2024-11-09,12:55,15:50,0,4212,0,202
酷航空,TR899,NRT,TPE,2024-11-04,2024-11-04,13:00,15:50,0,4213,0,202
酷航空,TR875,NRT,TPE,2024-11-05,2024-11-05,20:10,23:00,0,4208,0,202
酷航空,TR875,NRT,TPE,2024-11-07,2024-11-07,20:10,23:00,0,4209,0,202
酷航空,TR875,NRT,TPE,2024-11-08,2024-11-08,20:30,23:20,0,4210,0,202
酷航空,TR875,NRT,TPE,2024-11-09,2024-11-09,00:05,04:45,0,4211,0,202
酷航空,TR875,NRT,TPE,2024-11-14,2024-11-14,20:10,23:00,0,4212,0,202
酷航空,TR893,CTS,TPE,2024-11-14,2024-11-14,17:30,20:45,0,7680,0,202
酷航空,TR893,CTS,TPE,2024-11-16,2024-11-16,17:30,20:45,0,7680,0,202
酷航空,TR893,CTS,TPE,2024-11-17,2024-11-17,17:30,20:45,0,7680,0,202
酷航空,TR893,CTS,TPE,2024-11-11,2024-11-12,17:30,20:45,0,7680,0,202
酷航空,TR897,ICN,TPE,2024-11-13,2024-11-14,22:50,00:30,0,3687,0,202
酷航空,TR897,ICN,TPE,2024-11-14,2024-11-15,22:50,00:30,0,3688,0,202
酷航空,TR897,ICN,TPE,2024-11-15,2024-11-16,22:50,00:30,0,3689,0,202
酷航空,TR897,ICN,TPE,2024-11-17,2024-11-18,22:50,00:30,0,3690,0,202
酷航空,TR897,ICN,TPE,2024-11-13,2024-11-13,22:50,00:30,0,3691,0,202
酷航空,TR899,NRT,TPE,2024-11-15,2024-11-15,12:25,14:55,0,4208,0,202
酷航空,TR899,NRT,TPE,2024-11-17,2024-11-17,12:25,14:55,0,4209,0,202
酷航空,TR899,NRT,TPE,2024-11-12,2024-11-12,12:30,14:55,0,4210,0,202
酷航空,TR899,NRT,TPE,2024-11-14,2024-11-14,12:55,15:50,0,4211,0,202
酷航空,TR899,NRT,TPE,2024-11-16,2024-11-16,12:55,15:50,0,4212,0,202
酷航空,TR899,NRT,TPE,2024-11-11,2024-11-11,13:00,15:50,0,4213,0,202
酷航空,TR875,NRT,TPE,2024-11-12,2024-11-12,20:10,23:00,0,4208,0,202
酷航空,TR875,NRT,TPE,2024-11-14,2024-11-14,20:10,23:00,0,4209,0,202
酷航空,TR875,NRT,TPE,2024-11-15,2024-11-15,20:30,23:20,0,4210,0,202
酷航空,TR875,NRT,TPE,2024-11-16,2024-11-16,00:05,04:45,0,4211,0,202
酷航空,TR875,NRT,TPE,2024-11-21,2024-11-21,20:10,23:00,0,4212,0,202
酷航空,TR893,CTS,TPE,2024-11-21,2024-11-21,17:30,20:45,0,7680,0,202
酷航空,TR893,CTS,TPE,2024-11-23,2024-11-23,17:30,20:45,0,7680,0,202
酷航空,TR893,CTS,TPE,2024-11-24,2024-11-24,17:30,20:45,0,7680,0,202
酷航空,TR893,CTS,TPE,2024-11-18,2024-11-19,17:30,20:45,0,7680,0,202
酷航空,TR897,ICN,TPE,2024-11-20,2024-11-21,22:50,00:30,0,3687,0,202
酷航空,TR897,ICN,TPE,2024-11-21,2024-11-22,22:50,00:30,0,3688,0,202
酷航空,TR897,ICN,TPE,2024-11-22,2024-11-23,22:50,00:30,0,3689,0,202
酷航空,TR897,ICN,TPE,2024-11-24,2024-11-25,22:50,00:30,0,3690,0,202
酷航空,TR897,ICN,TPE,2024-11-20,2024-11-20,22:50,00:30,0,3691,0,202
酷航空,TR899,NRT,TPE,2024-11-22,2024-11-22,12:25,14:55,0,4208,0,202
酷航空,TR899,NRT,TPE,2024-11-24,2024-11-24,12:25,14:55,0,4209,0,202
酷航空,TR899,NRT,TPE,2024-11-19,2024-11-19,12:30,14:55,0,4210,0,202
酷航空,TR899,NRT,TPE,2024-11-21,2024-11-21,12:55,15:50,0,4211,0,202
酷航空,TR899,NRT,TPE,2024-11-23,2024-11-23,12:55,15:50,0,4212,0,202
酷航空,TR899,NRT,TPE,2024-11-18,2024-11-18,13:00,15:50,0,4213,0,202
酷航空,TR875,NRT,TPE,2024-11-19,2024-11-19,20:10,23:00,0,4208,0,202
酷航空,TR875,NRT,TPE,2024-11-21,2024-11-21,20:10,23:00,0,4209,0,202
酷航空,TR875,NRT,TPE,2024-11-22,2024-11-22,20:30,23:20,0,4210,0,202
酷航空,TR875,NRT,TPE,2024-11-23,2024-11-23,00:05,04:45,0,4211,0,202
酷航空,TR875,NRT,TPE,2024-11-28,2024-11-28,20:10,23:00,0,4212,0,202
酷航空,TR893,CTS,TPE,2024-11-28,2024-11-28,17:30,20:45,0,7680,0,202
酷航空,TR893,CTS,TPE,2024-11-30,2024-11-30,17:30,20:45,0,7680,0,202
酷航空,TR893,CTS,TPE,2024-12-01,2024-12-01,17:30,20:45,0,7680,0,202
酷航空,TR893,CTS,TPE,2024-11-25,2024-11-26,17:30,20:45,0,7680,0,202
酷航空,TR897,ICN,TPE,2024-11-27,2024-11-28,22:50,00:30,0,3687,0,202
酷航空,TR897,ICN,TPE,2024-11-28,2024-11-29,22:50,00:30,0,3688,0,202
酷航空,TR897,ICN,TPE,2024-11-29,2024-11-30,22:50,00:30,0,3689,0,202
酷航空,TR897,ICN,TPE,2024-12-01,2024-12-02,22:50,00:30,0,3690,0,202
酷航空,TR897,ICN,TPE,2024-11-27,2024-11-27,22:50,00:30,0,3691,0,202
酷航空,TR899,NRT,TPE,2024-11-29,2024-11-29,12:25,14:55,0,4208,0,202
酷航空,TR899,NRT,TPE,2024-12-01,2024-12-01,12:25,14:55,0,4209,0,202
酷航空,TR899,NRT,TPE,2024-11-26,2024-11-26,12:30,14:55,0,4210,0,202
酷航空,TR899,NRT,TPE,2024-11-28,2024-11-28,12:55,15:50,0,4211,0,202
酷航空,TR899,NRT,TPE,2024-11-30,2024-11-30,12:55,15:50,0,4212,0,202
酷航空,TR899,NRT,TPE,2024-11-25,2024-11-25,13:00,15:50,0,4213,0,202
酷航空,TR875,NRT,TPE,2024-11-26,2024-11-26,20:10,23:00,0,4208,0,202
酷航空,TR875,NRT,TPE,2024-11-28,2024-11-28,20:10,23:00,0,4209,0,202
酷航空,TR875,NRT,TPE,2024-11-29,2024-11-29,20:30,23:20,0,4210,0,202
酷航空,TR875,NRT,TPE,2024-11-30,2024-11-30,00:05,04:45,0,4211,0,202
酷航空,TR875,NRT,TPE,2024-12-05,2024-12-05,20:10,23:00,0,4212,0,202
酷航空,TR893,CTS,TPE,2024-12-05,2024-12-05,17:30,20:45,0,7680,0,202
酷航空,TR893,CTS,TPE,2024-12-07,2024-12-07,17:30,20:45,0,7680,0,202
酷航空,TR893,CTS,TPE,2024-12-08,2024-12-08,17:30,20:45,0,7680,0,202
酷航空,TR893,CTS,TPE,2024-12-02,2024-12-03,17:30,20:45,0,7680,0,202
酷航空,TR897,ICN,TPE,2024-12-04,2024-12-05,22:50,00:30,0,3687,0,202
酷航空,TR897,ICN,TPE,2024-12-05,2024-12-06,22:50,00:30,0,3688,0,202
酷航空,TR897,ICN,TPE,2024-12-06,2024-12-07,22:50,00:30,0,3689,0,202
酷航空,TR897,ICN,TPE,2024-12-08,2024-12-09,22:50,00:30,0,3690,0,202
酷航空,TR897,ICN,TPE,2024-12-04,2024-12-04,22:50,00:30,0,3691,0,202
酷航空,TR899,NRT,TPE,2024-12-06,2024-12-06,12:25,14:55,0,4208,0,202
酷航空,TR899,NRT,TPE,2024-12-08,2024-12-08,12:25,14:55,0,4209,0,202
酷航空,TR899,NRT,TPE,2024-12-03,2024-12-03,12:30,14:55,0,4210,0,202
酷航空,TR899,NRT,TPE,2024-12-05,2024-12-05,12:55,15:50,0,4211,0,202
酷航空,TR899,NRT,TPE,2024-12-07,2024-12-07,12:55,15:50,0,4212,0,202
酷航空,TR899,NRT,TPE,2024-12-02,2024-12-02,13:00,15:50,0,4213,0,202
酷航空,TR875,NRT,TPE,2024-12-03,2024-12-03,20:10,23:00,0,4208,0,202
酷航空,TR875,NRT,TPE,2024-12-05,2024-12-05,20:10,23:00,0,4209,0,202
酷航空,TR875,NRT,TPE,2024-12-06,2024-12-06,20:30,23:20,0,4210,0,202
酷航空,TR875,NRT,TPE,2024-12-07,2024-12-07,00:05,04:45,0,4211,0,202
酷航空,TR875,NRT,TPE,2024-12-12,2024-12-12,20:10,23:00,0,4212,0,202
酷航空,TR893,CTS,TPE,2024-12-12,2024-12-12,17:30,20:45,0,7680,0,202
酷航空,TR893,CTS,TPE,2024-12-14,2024-12-14,17:30,20:45,0,7680,0,202
酷航空,TR893,CTS,TPE,2024-12-15,2024-12-15,17:30,20:45,0,7680,0,202
酷航空,TR893,CTS,TPE,2024-12-09,2024-12-10,17:30,20:45,0,7680,0,202
酷航空,TR897,ICN,TPE,2024-12-11,2024-12-12,22:50,00:30,0,3687,0,202
酷航空,TR897,ICN,TPE,2024-12-12,2024-12-13,22:50,00:30,0,3688,0,202
酷航空,TR897,ICN,TPE,2024-12-13,2024-12-14,22:50,00:30,0,3689,0,202
酷航空,TR897,ICN,TPE,2024-12-15,2024-12-16,22:50,00:30,0,3690,0,202
酷航空,TR897,ICN,TPE,2024-12-11,2024-12-11,22:50,00:30,0,3691,0,202
酷航空,TR899,NRT,TPE,2024-12-13,2024-12-13,12:25,14:55,0,4208,0,202
酷航空,TR899,NRT,TPE,2024-12-15,2024-12-15,12:25,14:55,0,4209,0,202
酷航空,TR899,NRT,TPE,2024-12-10,2024-12-10,12:30,14:55,0,4210,0,202
酷航空,TR899,NRT,TPE,2024-12-12,2024-12-12,12:55,15:50,0,4211,0,202
酷航空,TR899,NRT,TPE,2024-12-14,2024-12-14,12:55,15:50,0,4212,0,202
酷航空,TR899,NRT,TPE,2024-12-09,2024-12-09,13:00,15:50,0,4213,0,202
酷航空,TR875,NRT,TPE,2024-12-10,2024-12-10,20:10,23:00,0,4208,0,202
酷航空,TR875,NRT,TPE,2024-12-12,2024-12-12,20:10,23:00,0,4209,0,202
酷航空,TR875,NRT,TPE,2024-12-13,2024-12-13,20:30,23:20,0,4210,0,202
酷航空,TR875,NRT,TPE,2024-12-14,2024-12-14,00:05,04:45,0,4211,0,202
酷航空,TR875,NRT,TPE,2024-12-19,2024-12-19,20:10,23:00,0,4212,0,202
酷航空,TR893,CTS,TPE,2024-12-19,2024-12-19,17:30,20:45,0,7680,0,202
酷航空,TR893,CTS,TPE,2024-12-21,2024-12-21,17:30,20:45,0,7680,0,202
酷航空,TR893,CTS,TPE,2024-12-22,2024-12-22,17:30,20:45,0,7680,0,202
酷航空,TR893,CTS,TPE,2024-12-16,2024-12-17,17:30,20:45,0,7680,0,202
酷航空,TR897,ICN,TPE,2024-12-18,2024-12-19,22:50,00:30,0,3687,0,202
酷航空,TR897,ICN,TPE,2024-12-19,2024-12-20,22:50,00:30,0,3688,0,202
酷航空,TR897,ICN,TPE,2024-12-20,2024-12-21,22:50,00:30,0,3689,0,202
酷航空,TR897,ICN,TPE,2024-12-22,2024-12-23,22:50,00:30,0,3690,0,202
酷航空,TR897,ICN,TPE,2024-12-18,2024-12-18,22:50,00:30,0,3691,0,202
酷航空,TR899,NRT,TPE,2024-12-20,2024-12-20,12:25,14:55,0,4208,0,202
酷航空,TR899,NRT,TPE,2024-12-22,2024-12-22,12:25,14:55,0,4209,0,202
酷航空,TR899,NRT,TPE,2024-12-17,2024-12-17,12:30,14:55,0,4210,0,202
酷航空,TR899,NRT,TPE,2024-12-19,2024-12-19,12:55,15:50,0,4211,0,202
酷航空,TR899,NRT,TPE,2024-12-21,2024-12-21,12:55,15:50,0,4212,0,202
酷航空,TR899,NRT,TPE,2024-12-16,2024-12-16,13:00,15:50,0,4213,0,202
酷航空,TR875,NRT,TPE,2024-12-17,2024-12-17,20:10,23:00,0,4208,0,202
酷航空,TR875,NRT,TPE,2024-12-19,2024-12-19,20:10,23:00,0,4209,0,202
酷航空,TR875,NRT,TPE,2024-12-20,2024-12-20,20:30,23:20,0,4210,0,202
酷航空,TR875,NRT,TPE,2024-12-21,2024-12-21,00:05,04:45,0,4211,0,202
酷航空,TR875,NRT,TPE,2024-12-26,2024-12-26,20:10,23:00,0,4212,0,202
酷航空,TR893,CTS,TPE,2024-12-26,2024-12-26,17:30,20:45,0,7680,0,202
酷航空,TR893,CTS,TPE,2024-12-28,2024-12-28,17:30,20:45,0,7680,0,202
酷航空,TR893,CTS,TPE,2024-12-29,2024-12-29,17:30,20:45,0,7680,0,202
酷航空,TR893,CTS,TPE,2024-12-23,2024-12-24,17:30,20:45,0,7680,0,202
酷航空,TR897,ICN,TPE,2024-12-25,2024-12-26,22:50,00:30,0,3687,0,202
酷航空,TR897,ICN,TPE,2024-12-26,2024-12-27,22:50,00:30,0,3688,0,202
酷航空,TR897,ICN,TPE,2024-12-27,2024-12-28,22:50,00:30,0,3689,0,202
酷航空,TR897,ICN,TPE,2024-12-29,2024-12-30,22:50,00:30,0,3690,0,202
酷航空,TR897,ICN,TPE,2024-12-25,2024-12-25,22:50,00:30,0,3691,0,202
酷航空,TR899,NRT,TPE,2024-12-27,2024-12-27,12:25,14:55,0,4208,0,202
酷航空,TR899,NRT,TPE,2024-12-29,2024-12-29,12:25,14:55,0,4209,0,202
酷航空,TR899,NRT,TPE,2024-12-24,2024-12-24,12:30,14:55,0,4210,0,202
酷航空,TR899,NRT,TPE,2024-12-26,2024-12-26,12:55,15:50,0,4211,0,202
酷航空,TR899,NRT,TPE,2024-12-28,2024-12-28,12:55,15:50,0,4212,0,202
酷航空,TR899,NRT,TPE,2024-12-23,2024-12-23,13:00,15:50,0,4213,0,202
酷航空,TR875,NRT,TPE,2024-12-24,2024-12-24,20:10,23:00,0,4208,0,202
酷航空,TR875,NRT,TPE,2024-12-26,2024-12-26,20:10,23:00,0,4209,0,202
酷航空,TR875,NRT,TPE,2024-12-27,2024-12-27,20:30,23:20,0,4210,0,202
酷航空,TR875,NRT,TPE,2024-12-28,2024-12-28,00:05,04:45,0,4211,0,202
酷航空,TR875,NRT,TPE,2025-01-02,2025-01-02,20:10,23:00,0,4212,0,202
酷航空,TR893,CTS,TPE,2025-01-02,2025-01-02,17:30,20:45,0,7680,0,202
酷航空,TR893,CTS,TPE,2025-01-04,2025-01-04,17:30,20:45,0,7680,0,202
酷航空,TR893,CTS,TPE,2025-01-05,2025-01-05,17:30,20:45,0,7680,0,202
酷航空,TR893,CTS,TPE,2024-12-30,2024-12-31,17:30,20:45,0,7680,0,202
酷航空,TR897,ICN,TPE,2025-01-01,2025-01-02,22:50,00:30,0,3687,0,202
酷航空,TR897,ICN,TPE,2025-01-02,2025-01-03,22:50,00:30,0,3688,0,202
酷航空,TR897,ICN,TPE,2025-01-03,2025-01-04,22:50,00:30,0,3689,0,202
酷航空,TR897,ICN,TPE,2025-01-05,2025-01-06,22:50,00:30,0,3690,0,202
酷航空,TR897,ICN,TPE,2025-01-01,2025-01-01,22:50,00:30,0,3691,0,202
酷航空,TR899,NRT,TPE,2025-01-03,2025-01-03,12:25,14:55,0,4208,0,202
酷航空,TR899,NRT,TPE,2025-01-05,2025-01-05,12:25,14:55,0,4209,0,202
酷航空,TR899,NRT,TPE,2024-12-31,2024-12-31,12:30,14:55,0,4210,0,202
酷航空,TR899,NRT,TPE,2025-01-02,2025-01-02,12:55,15:50,0,4211,0,202
酷航空,TR899,NRT,TPE,2025-01-04,2025-01-04,12:55,15:50,0,4212,0,202
酷航空,TR899,NRT,TPE,2024-12-30,2024-12-30,13:00,15:50,0,4213,0,202
酷航空,TR875,NRT,TPE,2024-12-31,2024-12-31,20:10,23:00,0,4208,0,202
酷航空,TR875,NRT,TPE,2025-01-02,2025-01-02,20:10,23:00,0,4209,0,202
酷航空,TR875,NRT,TPE,2025-01-03,2025-01-03,20:30,23:20,0,4210,0,202
酷航空,TR875,NRT,TPE,2025-01-04,2025-01-04,00:05,04:45,0,4211,0,202
酷航空,TR875,NRT,TPE,2025-01-09,2025-01-09,20:10,23:00,0,4212,0,202
酷航空,TR893,CTS,TPE,2025-01-09,2025-01-09,17:30,20:45,0,7680,0,202
酷航空,TR893,CTS,TPE,2025-01-11,2025-01-11,17:30,20:45,0,7680,0,202
酷航空,TR893,CTS,TPE,2025-01-12,2025-01-12,17:30,20:45,0,7680,0,202
酷航空,TR893,CTS,TPE,2025-01-06,2025-01-07,17:30,20:45,0,7680,0,202
酷航空,TR897,ICN,TPE,2025-01-08,2025-01-09,22:50,00:30,0,3687,0,202
酷航空,TR897,ICN,TPE,2025-01-09,2025-01-10,22:50,00:30,0,3688,0,202
酷航空,TR897,ICN,TPE,2025-01-10,2025-01-11,22:50,00:30,0,3689,0,202
酷航空,TR897,ICN,TPE,2025-01-12,2025-01-13,22:50,00:30,0,3690,0,202
酷航空,TR897,ICN,TPE,2025-01-08,2025-01-08,22:50,00:30,0,3691,0,202
酷航空,TR899,NRT,TPE,2025-01-10,2025-01-10,12:25,14:55,0,4208,0,202
酷航空,TR899,NRT,TPE,2025-01-12,2025-01-12,12:25,14:55,0,4209,0,202
酷航空,TR899,NRT,TPE,2025-01-07,2025-01-07,12:30,14:55,0,4210,0,202
酷航空,TR899,NRT,TPE,2025-01-09,2025-01-09,12:55,15:50,0,4211,0,202
酷航空,TR899,NRT,TPE,2025-01-11,2025-01-11,12:55,15:50,0,4212,0,202
酷航空,TR899,NRT,TPE,2025-01-06,2025-01-06,13:00,15:50,0,4213,0,202
酷航空,TR875,NRT,TPE,2025-01-07,2025-01-07,20:10,23:00,0,4208,0,202
酷航空,TR875,NRT,TPE,2025-01-09,2025-01-09,20:10,23:00,0,4209,0,202
酷航空,TR875,NRT,TPE,2025-01-10,2025-01-10,20:30,23:20,0,4210,0,202
酷航空,TR875,NRT,TPE,2025-01-11,2025-01-11,00:05,04:45,0,4211,0,202
酷航空,TR875,NRT,TPE,2025-01-16,2025-01-16,20:10,23:00,0,4212,0,202
酷航空,TR893,CTS,TPE,2025-01-16,2025-01-16,17:30,20:45,0,7680,0,202
酷航空,TR893,CTS,TPE,2025-01-18,2025-01-18,17:30,20:45,0,7680,0,202
酷航空,TR893,CTS,TPE,2025-01-19,2025-01-19,17:30,20:45,0,7680,0,202
酷航空,TR893,CTS,TPE,2025-01-13,2025-01-14,17:30,20:45,0,7680,0,202
酷航空,TR897,ICN,TPE,2025-01-15,2025-01-16,22:50,00:30,0,3687,0,202
酷航空,TR897,ICN,TPE,2025-01-16,2025-01-17,22:50,00:30,0,3688,0,202
酷航空,TR897,ICN,TPE,2025-01-17,2025-01-18,22:50,00:30,0,3689,0,202
酷航空,TR897,ICN,TPE,2025-01-19,2025-01-20,22:50,00:30,0,3690,0,202
酷航空,TR897,ICN,TPE,2025-01-15,2025-01-15,22:50,00:30,0,3691,0,202
酷航空,TR899,NRT,TPE,2025-01-17,2025-01-17,12:25,14:55,0,4208,0,202
酷航空,TR899,NRT,TPE,2025-01-19,2025-01-19,12:25,14:55,0,4209,0,202
酷航空,TR899,NRT,TPE,2025-01-14,2025-01-14,12:30,14:55,0,4210,0,202
酷航空,TR899,NRT,TPE,2025-01-16,2025-01-16,12:55,15:50,0,4211,0,202
酷航空,TR899,NRT,TPE,2025-01-18,2025-01-18,12:55,15:50,0,4212,0,202
酷航空,TR899,NRT,TPE,2025-01-13,2025-01-13,13:00,15:50,0,4213,0,202
酷航空,TR875,NRT,TPE,2025-01-14,2025-01-14,20:10,23:00,0,4208,0,202
酷航空,TR875,NRT,TPE,2025-01-16,2025-01-16,20:10,23:00,0,4209,0,202
酷航空,TR875,NRT,TPE,2025-01-17,2025-01-17,20:30,23:20,0,4210,0,202
酷航空,TR875,NRT,TPE,2025-01-18,2025-01-18,00:05,04:45,0,4211,0,202
酷航空,TR875,NRT,TPE,2025-01-23,2025-01-23,20:10,23:00,0,4212,0,202
酷航空,TR893,CTS,TPE,2025-01-23,2025-01-23,17:30,20:45,0,7680,0,202
酷航空,TR893,CTS,TPE,2025-01-25,2025-01-25,17:30,20:45,0,7680,0,202
酷航空,TR893,CTS,TPE,2025-01-26,2025-01-26,17:30,20:45,0,7680,0,202
酷航空,TR893,CTS,TPE,2025-01-20,2025-01-21,17:30,20:45,0,7680,0,202
酷航空,TR897,ICN,TPE,2025-01-22,2025-01-23,22:50,00:30,0,3687,0,202
酷航空,TR897,ICN,TPE,2025-01-23,2025-01-24,22:50,00:30,0,3688,0,202
酷航空,TR897,ICN,TPE,2025-01-24,2025-01-25,22:50,00:30,0,3689,0,202
酷航空,TR897,ICN,TPE,2025-01-26,2025-01-27,22:50,00:30,0,3690,0,202
酷航空,TR897,ICN,TPE,2025-01-22,2025-01-22,22:50,00:30,0,3691,0,202
酷航空,TR899,NRT,TPE,2025-01-24,2025-01-24,12:25,14:55,0,4208,0,202
酷航空,TR899,NRT,TPE,2025-01-26,2025-01-26,12:25,14:55,0,4209,0,202
酷航空,TR899,NRT,TPE,2025-01-21,2025-01-21,12:30,14:55,0,4210,0,202
酷航空,TR899,NRT,TPE,2025-01-23,2025-01-23,12:55,15:50,0,4211,0,202
酷航空,TR899,NRT,TPE,2025-01-25,2025-01-25,12:55,15:50,0,4212,0,202
酷航空,TR899,NRT,TPE,2025-01-20,2025-01-20,13:00,15:50,0,4213,0,202
酷航空,TR875,NRT,TPE,2025-01-21,2025-01-21,20:10,23:00,0,4208,0,202
酷航空,TR875,NRT,TPE,2025-01-23,2025-01-23,20:10,23:00,0,4209,0,202
酷航空,TR875,NRT,TPE,2025-01-24,2025-01-24,20:30,23:20,0,4210,0,202
酷航空,TR875,NRT,TPE,2025-01-25,2025-01-25,00:05,04:45,0,4211,0,202
酷航空,TR875,NRT,TPE,2025-01-30,2025-01-30,20:10,23:00,0,4212,0,202
酷航空,TR893,CTS,TPE,2025-01-30,2025-01-30,17:30,20:45,0,7680,0,202
酷航空,TR893,CTS,TPE,2025-02-01,2025-02-01,17:30,20:45,0,7680,0,202
酷航空,TR893,CTS,TPE,2025-02-02,2025-02-02,17:30,20:45,0,7680,0,202
酷航空,TR893,CTS,TPE,2025-01-27,2025-01-28,17:30,20:45,0,7680,0,202
酷航空,TR897,ICN,TPE,2025-01-29,2025-01-30,22:50,00:30,0,3687,0,202
酷航空,TR897,ICN,TPE,2025-01-30,2025-01-31,22:50,00:30,0,3688,0,202
酷航空,TR897,ICN,TPE,2025-01-31,2025-02-01,22:50,00:30,0,3689,0,202
酷航空,TR897,ICN,TPE,2025-02-02,2025-02-03,22:50,00:30,0,3690,0,202
酷航空,TR897,ICN,TPE,2025-01-29,2025-01-29,22:50,00:30,0,3691,0,202
酷航空,TR899,NRT,TPE,2025-01-31,2025-01-31,12:25,14:55,0,4208,0,202
酷航空,TR899,NRT,TPE,2025-02-02,2025-02-02,12:25,14:55,0,4209,0,202
酷航空,TR899,NRT,TPE,2025-01-28,2025-01-28,12:30,14:55,0,4210,0,202
酷航空,TR899,NRT,TPE,2025-01-30,2025-01-30,12:55,15:50,0,4211,0,202
酷航空,TR899,NRT,TPE,2025-02-01,2025-02-01,12:55,15:50,0,4212,0,202
酷航空,TR899,NRT,TPE,2025-01-27,2025-01-27,13:00,15:50,0,4213,0,202
酷航空,TR875,NRT,TPE,2025-01-28,2025-01-28,20:10,23:00,0,4208,0,202
酷航空,TR875,NRT,TPE,2025-01-30,2025-01-30,20:10,23:00,0,4209,0,202
酷航空,TR875,NRT,TPE,2025-01-31,2025-01-31,20:30,23:20,0,4210,0,202
酷航空,TR875,NRT,TPE,2025-02-01,2025-02-01,00:05,04:45,0,4211,0,202
酷航空,TR875,NRT,TPE,2025-02-06,2025-02-06,20:10,23:00,0,4212,0,202
酷航空,TR893,CTS,TPE,2025-02-06,2025-02-06,17:30,20:45,0,7680,0,202
酷航空,TR893,CTS,TPE,2025-02-08,2025-02-08,17:30,20:45,0,7680,0,202
酷航空,TR893,CTS,TPE,2025-02-09,2025-02-09,17:30,20:45,0,7680,0,202
酷航空,TR893,CTS,TPE,2025-02-03,2025-02-04,17:30,20:45,0,7680,0,202
酷航空,TR897,ICN,TPE,2025-02-05,2025-02-06,22:50,00:30,0,3687,0,202
酷航空,TR897,ICN,TPE,2025-02-06,2025-02-07,22:50,00:30,0,3688,0,202
酷航空,TR897,ICN,TPE,2025-02-07,2025-02-08,22:50,00:30,0,3689,0,202
酷航空,TR897,ICN,TPE,2025-02-09,2025-02-10,22:50,00:30,0,3690,0,202
酷航空,TR897,ICN,TPE,2025-02-05,2025-02-05,22:50,00:30,0,3691,0,202
酷航空,TR899,NRT,TPE,2025-02-07,2025-02-07,12:25,14:55,0,4208,0,202
酷航空,TR899,NRT,TPE,2025-02-09,2025-02-09,12:25,14:55,0,4209,0,202
酷航空,TR899,NRT,TPE,2025-02-04,2025-02-04,12:30,14:55,0,4210,0,202
酷航空,TR899,NRT,TPE,2025-02-06,2025-02-06,12:55,15:50,0,4211,0,202
酷航空,TR899,NRT,TPE,2025-02-08,2025-02-08,12:55,15:50,0,4212,0,202
酷航空,TR899,NRT,TPE,2025-02-03,2025-02-03,13:00,15:50,0,4213,0,202
酷航空,TR875,NRT,TPE,2025-02-04,2025-02-04,20:10,23:00,0,4208,0,202
酷航空,TR875,NRT,TPE,2025-02-06,2025-02-06,20:10,23:00,0,4209,0,202
酷航空,TR875,NRT,TPE,2025-02-07,2025-02-07,20:30,23:20,0,4210,0,202
酷航空,TR875,NRT,TPE,2025-02-08,2025-02-08,00:05,04:45,0,4211,0,202
酷航空,TR875,NRT,TPE,2025-02-13,2025-02-13,20:10,23:00,0,4212,0,202
酷航空,TR893,CTS,TPE,2025-02-13,2025-02-13,17:30,20:45,0,7680,0,202
酷航空,TR893,CTS,TPE,2025-02-15,2025-02-15,17:30,20:45,0,7680,0,202
酷航空,TR893,CTS,TPE,2025-02-16,2025-02-16,17:30,20:45,0,7680,0,202
酷航空,TR893,CTS,TPE,2025-02-10,2025-02-11,17:30,20:45,0,7680,0,202
酷航空,TR897,ICN,TPE,2025-02-12,2025-02-13,22:50,00:30,0,3687,0,202
酷航空,TR897,ICN,TPE,2025-02-13,2025-02-14,22:50,00:30,0,3688,0,202
酷航空,TR897,ICN,TPE,2025-02-14,2025-02-15,22:50,00:30,0,3689,0,202
酷航空,TR897,ICN,TPE,2025-02-16,2025-02-17,22:50,00:30,0,3690,0,202
酷航空,TR897,ICN,TPE,2025-02-12,2025-02-12,22:50,00:30,0,3691,0,202
酷航空,TR899,NRT,TPE,2025-02-14,2025-02-14,12:25,14:55,0,4208,0,202
酷航空,TR899,NRT,TPE,2025-02-16,2025-02-16,12:25,14:55,0,4209,0,202
酷航空,TR899,NRT,TPE,2025-02-11,2025-02-11,12:30,14:55,0,4210,0,202
酷航空,TR899,NRT,TPE,2025-02-13,2025-02-13,12:55,15:50,0,4211,0,202
酷航空,TR899,NRT,TPE,2025-02-15,2025-02-15,12:55,15:50,0,4212,0,202
酷航空,TR899,NRT,TPE,2025-02-10,2025-02-10,13:00,15:50,0,4213,0,202
酷航空,TR875,NRT,TPE,2025-02-11,2025-02-11,20:10,23:00,0,4208,0,202
酷航空,TR875,NRT,TPE,2025-02-13,2025-02-13,20:10,23:00,0,4209,0,202
酷航空,TR875,NRT,TPE,2025-02-14,2025-02-14,20:30,23:20,0,4210,0,202
酷航空,TR875,NRT,TPE,2025-02-15,2025-02-15,00:05,04:45,0,4211,0,202
酷航空,TR875,NRT,TPE,2025-02-20,2025-02-20,20:10,23:00,0,4212,0,202
酷航空,TR893,CTS,TPE,2025-02-20,2025-02-20,17:30,20:45,0,7680,0,202
酷航空,TR893,CTS,TPE,2025-02-22,2025-02-22,17:30,20:45,0,7680,0,202
酷航空,TR893,CTS,TPE,2025-02-23,2025-02-23,17:30,20:45,0,7680,0,202
酷航空,TR893,CTS,TPE,2025-02-17,2025-02-18,17:30,20:45,0,7680,0,202
酷航空,TR897,ICN,TPE,2025-02-19,2025-02-20,22:50,00:30,0,3687,0,202
酷航空,TR897,ICN,TPE,2025-02-20,2025-02-21,22:50,00:30,0,3688,0,202
酷航空,TR897,ICN,TPE,2025-02-21,2025-02-22,22:50,00:30,0,3689,0,202
酷航空,TR897,ICN,TPE,2025-02-23,2025-02-24,22:50,00:30,0,3690,0,202
酷航空,TR897,ICN,TPE,2025-02-19,2025-02-19,22:50,00:30,0,3691,0,202
酷航空,TR899,NRT,TPE,2025-02-21,2025-02-21,12:25,14:55,0,4208,0,202
酷航空,TR899,NRT,TPE,2025-02-23,2025-02-23,12:25,14:55,0,4209,0,202
酷航空,TR899,NRT,TPE,2025-02-18,2025-02-18,12:30,14:55,0,4210,0,202
酷航空,TR899,NRT,TPE,2025-02-20,2025-02-20,12:55,15:50,0,4211,0,202
酷航空,TR899,NRT,TPE,2025-02-22,2025-02-22,12:55,15:50,0,4212,0,202
酷航空,TR899,NRT,TPE,2025-02-17,2025-02-17,13:00,15:50,0,4213,0,202
酷航空,TR875,NRT,TPE,2025-02-18,2025-02-18,20:10,23:00,0,4208,0,202
酷航空,TR875,NRT,TPE,2025-02-20,2025-02-20,20:10,23:00,0,4209,0,202
酷航空,TR875,NRT,TPE,2025-02-21,2025-02-21,20:30,23:20,0,4210,0,202
酷航空,TR875,NRT,TPE,2025-02-22,2025-02-22,00:05,04:45,0,4211,0,202
酷航空,TR875,NRT,TPE,2025-02-27,2025-02-27,20:10,23:00,0,4212,0,202
酷航空,TR893,CTS,TPE,2025-02-27,2025-02-27,17:30,20:45,0,7680,0,202
酷航空,TR893,CTS,TPE,2025-03-01,2025-03-01,17:30,20:45,0,7680,0,202
酷航空,TR893,CTS,TPE,2025-03-02,2025-03-02,17:30,20:45,0,7680,0,202
酷航空,TR893,CTS,TPE,2025-02-24,2025-02-25,17:30,20:45,0,7680,0,202
酷航空,TR897,ICN,TPE,2025-02-26,2025-02-27,22:50,00:30,0,3687,0,202
酷航空,TR897,ICN,TPE,2025-02-27,2025-02-28,22:50,00:30,0,3688,0,202
酷航空,TR897,ICN,TPE,2025-02-28,2025-03-01,22:50,00:30,0,3689,0,202
酷航空,TR897,ICN,TPE,2025-03-02,2025-03-03,22:50,00:30,0,3690,0,202
酷航空,TR897,ICN,TPE,2025-02-26,2025-02-26,22:50,00:30,0,3691,0,202
酷航空,TR899,NRT,TPE,2025-02-28,2025-02-28,12:25,14:55,0,4208,0,202
酷航空,TR899,NRT,TPE,2025-03-02,2025-03-02,12:25,14:55,0,4209,0,202
酷航空,TR899,NRT,TPE,2025-02-25,2025-02-25,12:30,14:55,0,4210,0,202
酷航空,TR899,NRT,TPE,2025-02-27,2025-02-27,12:55,15:50,0,4211,0,202
酷航空,TR899,NRT,TPE,2025-03-01,2025-03-01,12:55,15:50,0,4212,0,202
酷航空,TR899,NRT,TPE,2025-02-24,2025-02-24,13:00,15:50,0,4213,0,202
酷航空,TR875,NRT,TPE,2025-02-25,2025-02-25,20:10,23:00,0,4208,0,202
酷航空,TR875,NRT,TPE,2025-02-27,2025-02-27,20:10,23:00,0,4209,0,202
酷航空,TR875,NRT,TPE,2025-02-28,2025-02-28,20:30,23:20,0,4210,0,202
酷航空,TR875,NRT,TPE,2025-03-01,2025-03-01,00:05,04:45,0,4211,0,202
酷航空,TR875,NRT,TPE,2025-03-06,2025-03-06,20:10,23:00,0,4212,0,202
酷航空,TR893,CTS,TPE,2025-03-06,2025-03-06,17:30,20:45,0,7680,0,202
酷航空,TR893,CTS,TPE,2025-03-08,2025-03-08,17:30,20:45,0,7680,0,202
酷航空,TR893,CTS,TPE,2025-03-09,2025-03-09,17:30,20:45,0,7680,0,202
酷航空,TR893,CTS,TPE,2025-03-03,2025-03-04,17:30,20:45,0,7680,0,202
酷航空,TR897,ICN,TPE,2025-03-05,2025-03-06,22:50,00:30,0,3687,0,202
酷航空,TR897,ICN,TPE,2025-03-06,2025-03-07,22:50,00:30,0,3688,0,202
酷航空,TR897,ICN,TPE,2025-03-07,2025-03-08,22:50,00:30,0,3689,0,202
酷航空,TR897,ICN,TPE,2025-03-09,2025-03-10,22:50,00:30,0,3690,0,202
酷航空,TR897,ICN,TPE,2025-03-05,2025-03-05,22:50,00:30,0,3691,0,202
酷航空,TR899,NRT,TPE,2025-03-07,2025-03-07,12:25,14:55,0,4208,0,202
酷航空,TR899,NRT,TPE,2025-03-09,2025-03-09,12:25,14:55,0,4209,0,202
酷航空,TR899,NRT,TPE,2025-03-04,2025-03-04,12:30,14:55,0,4210,0,202
酷航空,TR899,NRT,TPE,2025-03-06,2025-03-06,12:55,15:50,0,4211,0,202
酷航空,TR899,NRT,TPE,2025-03-08,2025-03-08,12:55,15:50,0,4212,0,202
酷航空,TR899,NRT,TPE,2025-03-03,2025-03-03,13:00,15:50,0,4213,0,202
酷航空,TR875,NRT,TPE,2025-03-04,2025-03-04,20:10,23:00,0,4208,0,202
酷航空,TR875,NRT,TPE,2025-03-06,2025-03-06,20:10,23:00,0,4209,0,202
酷航空,TR875,NRT,TPE,2025-03-07,2025-03-07,20:30,23:20,0,4210,0,202
酷航空,TR875,NRT,TPE,2025-03-08,2025-03-08,00:05,04:45,0,4211,0,202
酷航空,TR875,NRT,TPE,2025-03-13,2025-03-13,20:10,23:00,0,4212,0,202
酷航空,TR893,CTS,TPE,2025-03-13,2025-03-13,17:30,20:45,0,7680,0,202
酷航空,TR893,CTS,TPE,2025-03-15,2025-03-15,17:30,20:45,0,7680,0,202
酷航空,TR893,CTS,TPE,2025-03-16,2025-03-16,17:30,20:45,0,7680,0,202
酷航空,TR893,CTS,TPE,2025-03-10,2025-03-11,17:30,20:45,0,7680,0,202
酷航空,TR897,ICN,TPE,2025-03-12,2025-03-13,22:50,00:30,0,3687,0,202
酷航空,TR897,ICN,TPE,2025-03-13,2025-03-14,22:50,00:30,0,3688,0,202
酷航空,TR897,ICN,TPE,2025-03-14,2025-03-15,22:50,00:30,0,3689,0,202
酷航空,TR897,ICN,TPE,2025-03-16,2025-03-17,22:50,00:30,0,3690,0,202
酷航空,TR897,ICN,TPE,2025-03-12,2025-03-12,22:50,00:30,0,3691,0,202
酷航空,TR899,NRT,TPE,2025-03-14,2025-03-14,12:25,14:55,0,4208,0,202
酷航空,TR899,NRT,TPE,2025-03-16,2025-03-16,12:25,14:55,0,4209,0,202
酷航空,TR899,NRT,TPE,2025-03-11,2025-03-11,12:30,14:55,0,4210,0,202
酷航空,TR899,NRT,TPE,2025-03-13,2025-03-13,12:55,15:50,0,4211,0,202
酷航空,TR899,NRT,TPE,2025-03-15,2025-03-15,12:55,15:50,0,4212,0,202
酷航空,TR899,NRT,TPE,2025-03-10,2025-03-10,13:00,15:50,0,4213,0,202
酷航空,TR875,NRT,TPE,2025-03-11,2025-03-11,20:10,23:00,0,4208,0,202
酷航空,TR875,NRT,TPE,2025-03-13,2025-03-13,20:10,23:00,0,4209,0,202
酷航空,TR875,NRT,TPE,2025-03-14,2025-03-14,20:30,23:20,0,4210,0,202
酷航空,TR875,NRT,TPE,2025-03-15,2025-03-15,00:05,04:45,0,4211,0,202
酷航空,TR875,NRT,TPE,2025-03-20,2025-03-20,20:10,23:00,0,4212,0,202
酷航空,TR893,CTS,TPE,2025-03-20,2025-03-20,17:30,20:45,0,7680,0,202
酷航空,TR893,CTS,TPE,2025-03-22,2025-03-22,17:30,20:45,0,7680,0,202
酷航空,TR893,CTS,TPE,2025-03-23,2025-03-23,17:30,20:45,0,7680,0,202
酷航空,TR893,CTS,TPE,2025-03-17,2025-03-18,17:30,20:45,0,7680,0,202
酷航空,TR897,ICN,TPE,2025-03-19,2025-03-20,22:50,00:30,0,3687,0,202
酷航空,TR897,ICN,TPE,2025-03-20,2025-03-21,22:50,00:30,0,3688,0,202
酷航空,TR897,ICN,TPE,2025-03-21,2025-03-22,22:50,00:30,0,3689,0,202
酷航空,TR897,ICN,TPE,2025-03-23,2025-03-24,22:50,00:30,0,3690,0,202
酷航空,TR897,ICN,TPE,2025-03-19,2025-03-19,22:50,00:30,0,3691,0,202
酷航空,TR899,NRT,TPE,2025-03-21,2025-03-21,12:25,14:55,0,4208,0,202
酷航空,TR899,NRT,TPE,2025-03-23,2025-03-23,12:25,14:55,0,4209,0,202
酷航空,TR899,NRT,TPE,2025-03-18,2025-03-18,12:30,14:55,0,4210,0,202
酷航空,TR899,NRT,TPE,2025-03-20,2025-03-20,12:55,15:50,0,4211,0,202
酷航空,TR899,NRT,TPE,2025-03-22,2025-03-22,12:55,15:50,0,4212,0,202
酷航空,TR899,NRT,TPE,2025-03-17,2025-03-17,13:00,15:50,0,4213,0,202
酷航空,TR875,NRT,TPE,2025-03-18,2025-03-18,20:10,23:00,0,4208,0,202
酷航空,TR875,NRT,TPE,2025-03-20,2025-03-20,20:10,23:00,0,4209,0,202
酷航空,TR875,NRT,TPE,2025-03-21,2025-03-21,20:30,23:20,0,4210,0,202
酷航空,TR875,NRT,TPE,2025-03-22,2025-03-22,00:05,04:45,0,4211,0,202
酷航空,TR875,NRT,TPE,2025-03-27,2025-03-27,20:10,23:00,0,4212,0,202
酷航空,TR893,CTS,TPE,2025-03-27,2025-03-27,17:30,20:45,0,7680,0,202
酷航空,TR893,CTS,TPE,2025-03-29,2025-03-29,17:30,20:45,0,7680,0,202
酷航空,TR893,CTS,TPE,2025-03-30,2025-03-30,17:30,20:45,0,7680,0,202
酷航空,TR893,CTS,TPE,2025-03-24,2025-03-25,17:30,20:45,0,7680,0,202
酷航空,TR897,ICN,TPE,2025-03-26,2025-03-27,22:50,00:30,0,3687,0,202
酷航空,TR897,ICN,TPE,2025-03-27,2025-03-28,22:50,00:30,0,3688,0,202
酷航空,TR897,ICN,TPE,2025-03-28,2025-03-29,22:50,00:30,0,3689,0,202
酷航空,TR897,ICN,TPE,2025-03-30,2025-03-31,22:50,00:30,0,3690,0,202
酷航空,TR897,ICN,TPE,2025-03-26,2025-03-26,22:50,00:30,0,3691,0,202
酷航空,TR899,NRT,TPE,2025-03-28,2025-03-28,12:25,14:55,0,4208,0,202
酷航空,TR899,NRT,TPE,2025-03-30,2025-03-30,12:25,14:55,0,4209,0,202
酷航空,TR899,NRT,TPE,2025-03-25,2025-03-25,12:30,14:55,0,4210,0,202
酷航空,TR899,NRT,TPE,2025-03-27,2025-03-27,12:55,15:50,0,4211,0,202
酷航空,TR899,NRT,TPE,2025-03-29,2025-03-29,12:55,15:50,0,4212,0,202
酷航空,TR899,NRT,TPE,2025-03-24,2025-03-24,13:00,15:50,0,4213,0,202
酷航空,TR875,NRT,TPE,2025-03-25,2025-03-25,20:10,23:00,0,4208,0,202
酷航空,TR875,NRT,TPE,2025-03-27,2025-03-27,20:10,23:00,0,4209,0,202
酷航空,TR875,NRT,TPE,2025-03-28,2025-03-28,20:30,23:20,0,4210,0,202
酷航空,TR875,NRT,TPE,2025-03-29,2025-03-29,00:05,04:45,0,4211,0,202
酷航空,TR875,NRT,TPE,2025-04-03,2025-04-03,20:10,23:00,0,4212,0,202
酷航空,TR893,CTS,TPE,2025-04-03,2025-04-03,17:30,20:45,0,7680,0,202
酷航空,TR893,CTS,TPE,2025-04-05,2025-04-05,17:30,20:45,0,7680,0,202
酷航空,TR893,CTS,TPE,2025-04-06,2025-04-06,17:30,20:45,0,7680,0,202
酷航空,TR893,CTS,TPE,2025-03-31,2025-04-01,17:30,20:45,0,7680,0,202
酷航空,TR897,ICN,TPE,2025-04-02,2025-04-03,22:50,00:30,0,3687,0,202
酷航空,TR897,ICN,TPE,2025-04-03,2025-04-04,22:50,00:30,0,3688,0,202
酷航空,TR897,ICN,TPE,2025-04-04,2025-04-05,22:50,00:30,0,3689,0,202
酷航空,TR897,ICN,TPE,2025-04-06,2025-04-07,22:50,00:30,0,3690,0,202
酷航空,TR897,ICN,TPE,2025-04-02,2025-04-02,22:50,00:30,0,3691,0,202
酷航空,TR899,NRT,TPE,2025-04-04,2025-04-04,12:25,14:55,0,4208,0,202
酷航空,TR899,NRT,TPE,2025-04-06,2025-04-06,12:25,14:55,0,4209,0,202
酷航空,TR899,NRT,TPE,2025-04-01,2025-04-01,12:30,14:55,0,4210,0,202
酷航空,TR899,NRT,TPE,2025-04-03,2025-04-03,12:55,15:50,0,4211,0,202
酷航空,TR899,NRT,TPE,2025-04-05,2025-04-05,12:55,15:50,0,4212,0,202
酷航空,TR899,NRT,TPE,2025-03-31,2025-03-31,13:00,15:50,0,4213,0,202
酷航空,TR875,NRT,TPE,2025-04-01,2025-04-01,20:10,23:00,0,4208,0,202
酷航空,TR875,NRT,TPE,2025-04-03,2025-04-03,20:10,23:00,0,4209,0,202
酷航空,TR875,NRT,TPE,2025-04-04,2025-04-04,20:30,23:20,0,4210,0,202
酷航空,TR875,NRT,TPE,2025-04-05,2025-04-05,00:05,04:45,0,4211,0,202
酷航空,TR875,NRT,TPE,2025-04-10,2025-04-10,20:10,23:00,0,4212,0,202
酷航空,TR893,CTS,TPE,2025-04-10,2025-04-10,17:30,20:45,0,7680,0,202
酷航空,TR893,CTS,TPE,2025-04-12,2025-04-12,17:30,20:45,0,7680,0,202
酷航空,TR893,CTS,TPE,2025-04-13,2025-04-13,17:30,20:45,0,7680,0,202
酷航空,TR893,CTS,TPE,2025-04-07,2025-04-08,17:30,20:45,0,7680,0,202
酷航空,TR897,ICN,TPE,2025-04-09,2025-04-10,22:50,00:30,0,3687,0,202
酷航空,TR897,ICN,TPE,2025-04-10,2025-04-11,22:50,00:30,0,3688,0,202
酷航空,TR897,ICN,TPE,2025-04-11,2025-04-12,22:50,00:30,0,3689,0,202
酷航空,TR897,ICN,TPE,2025-04-13,2025-04-14,22:50,00:30,0,3690,0,202
酷航空,TR897,ICN,TPE,2025-04-09,2025-04-09,22:50,00:30,0,3691,0,202
酷航空,TR899,NRT,TPE,2025-04-11,2025-04-11,12:25,14:55,0,4208,0,202
酷航空,TR899,NRT,TPE,2025-04-13,2025-04-13,12:25,14:55,0,4209,0,202
酷航空,TR899,NRT,TPE,2025-04-08,2025-04-08,12:30,14:55,0,4210,0,202
酷航空,TR899,NRT,TPE,2025-04-10,2025-04-10,12:55,15:50,0,4211,0,202
酷航空,TR899,NRT,TPE,2025-04-12,2025-04-12,12:55,15:50,0,4212,0,202
酷航空,TR899,NRT,TPE,2025-04-07,2025-04-07,13:00,15:50,0,4213,0,202
酷航空,TR875,NRT,TPE,2025-04-08,2025-04-08,20:10,23:00,0,4208,0,202
酷航空,TR875,NRT,TPE,2025-04-10,2025-04-10,20:10,23:00,0,4209,0,202
酷航空,TR875,NRT,TPE,2025-04-11,2025-04-11,20:30,23:20,0,4210,0,202
酷航空,TR875,NRT,TPE,2025-04-12,2025-04-12,00:05,04:45,0,4211,0,202
酷航空,TR875,NRT,TPE,2025-04-17,2025-04-17,20:10,23:00,0,4212,0,202
酷航空,TR893,CTS,TPE,2025-04-17,2025-04-17,17:30,20:45,0,7680,0,202
酷航空,TR893,CTS,TPE,2025-04-19,2025-04-19,17:30,20:45,0,7680,0,202
酷航空,TR893,CTS,TPE,2025-04-20,2025-04-20,17:30,20:45,0,7680,0,202
酷航空,TR893,CTS,TPE,2025-04-14,2025-04-15,17:30,20:45,0,7680,0,202
酷航空,TR897,ICN,TPE,2025-04-16,2025-04-17,22:50,00:30,0,3687,0,202
酷航空,TR897,ICN,TPE,2025-04-17,2025-04-18,22:50,00:30,0,3688,0,202
酷航空,TR897,ICN,TPE,2025-04-18,2025-04-19,22:50,00:30,0,3689,0,202
酷航空,TR897,ICN,TPE,2025-04-20,2025-04-21,22:50,00:30,0,3690,0,202
酷航空,TR897,ICN,TPE,2025-04-16,2025-04-16,22:50,00:30,0,3691,0,202
酷航空,TR899,NRT,TPE,2025-04-18,2025-04-18,12:25,14:55,0,4208,0,202
酷航空,TR899,NRT,TPE,2025-04-20,2025-04-20,12:25,14:55,0,4209,0,202
酷航空,TR899,NRT,TPE,2025-04-15,2025-04-15,12:30,14:55,0,4210,0,202
酷航空,TR899,NRT,TPE,2025-04-17,2025-04-17,12:55,15:50,0,4211,0,202
酷航空,TR899,NRT,TPE,2025-04-19,2025-04-19,12:55,15:50,0,4212,0,202
酷航空,TR899,NRT,TPE,2025-04-14,2025-04-14,13:00,15:50,0,4213,0,202
酷航空,TR875,NRT,TPE,2025-04-15,2025-04-15,20:10,23:00,0,4208,0,202
酷航空,TR875,NRT,TPE,2025-04-17,2025-04-17,20:10,23:00,0,4209,0,202
酷航空,TR875,NRT,TPE,2025-04-18,2025-04-18,20:30,23:20,0,4210,0,202
酷航空,TR875,NRT,TPE,2025-04-19,2025-04-19,00:05,04:45,0,4211,0,202
酷航空,TR875,NRT,TPE,2025-04-24,2025-04-24,20:10,23:00,0,4212,0,202
酷航空,TR893,CTS,TPE,2025-04-24,2025-04-24,17:30,20:45,0,7680,0,202
酷航空,TR893,CTS,TPE,2025-04-26,2025-04-26,17:30,20:45,0,7680,0,202
酷航空,TR893,CTS,TPE,2025-04-27,2025-04-27,17:30,20:45,0,7680,0,202
酷航空,TR893,CTS,TPE,2025-04-21,2025-04-22,17:30,20:45,0,7680,0,202
酷航空,TR897,ICN,TPE,2025-04-23,2025-04-24,22:50,00:30,0,3687,0,202
酷航空,TR897,ICN,TPE,2025-04-24,2025-04-25,22:50,00:30,0,3688,0,202
酷航空,TR897,ICN,TPE,2025-04-25,2025-04-26,22:50,00:30,0,3689,0,202
酷航空,TR897,ICN,TPE,2025-04-27,2025-04-28,22:50,00:30,0,3690,0,202
酷航空,TR897,ICN,TPE,2025-04-23,2025-04-23,22:50,00:30,0,3691,0,202
酷航空,TR899,NRT,TPE,2025-04-25,2025-04-25,12:25,14:55,0,4208,0,202
酷航空,TR899,NRT,TPE,2025-04-27,2025-04-27,12:25,14:55,0,4209,0,202
酷航空,TR899,NRT,TPE,2025-04-22,2025-04-22,12:30,14:55,0,4210,0,202
酷航空,TR899,NRT,TPE,2025-04-24,2025-04-24,12:55,15:50,0,4211,0,202
酷航空,TR899,NRT,TPE,2025-04-26,2025-04-26,12:55,15:50,0,4212,0,202
酷航空,TR899,NRT,TPE,2025-04-21,2025-04-21,13:00,15:50,0,4213,0,202
酷航空,TR875,NRT,TPE,2025-04-22,2025-04-22,20:10,23:00,0,4208,0,202
酷航空,TR875,NRT,TPE,2025-04-24,2025-04-24,20:10,23:00,0,4209,0,202
酷航空,TR875,NRT,TPE,2025-04-25,2025-04-25,20:30,23:20,0,4210,0,202
酷航空,TR875,NRT,TPE,2025-04-26,2025-04-26,00:05,04:45,0,4211,0,202
酷航空,TR875,NRT,TPE,2025-05-01,2025-05-01,20:10,23:00,0,4212,0,202
酷航空,TR893,CTS,TPE,2025-05-01,2025-05-01,17:30,20:45,0,7680,0,202
酷航空,TR893,CTS,TPE,2025-05-03,2025-05-03,17:30,20:45,0,7680,0,202
酷航空,TR893,CTS,TPE,2025-05-04,2025-05-04,17:30,20:45,0,7680,0,202
酷航空,TR893,CTS,TPE,2025-04-28,2025-04-29,17:30,20:45,0,7680,0,202
酷航空,TR897,ICN,TPE,2025-04-30,2025-05-01,22:50,00:30,0,3687,0,202
酷航空,TR897,ICN,TPE,2025-05-01,2025-05-02,22:50,00:30,0,3688,0,202
酷航空,TR897,ICN,TPE,2025-05-02,2025-05-03,22:50,00:30,0,3689,0,202
酷航空,TR897,ICN,TPE,2025-05-04,2025-05-05,22:50,00:30,0,3690,0,202
酷航空,TR897,ICN,TPE,2025-04-30,2025-04-30,22:50,00:30,0,3691,0,202
酷航空,TR899,NRT,TPE,2025-05-02,2025-05-02,12:25,14:55,0,4208,0,202
酷航空,TR899,NRT,TPE,2025-05-04,2025-05-04,12:25,14:55,0,4209,0,202
酷航空,TR899,NRT,TPE,2025-04-29,2025-04-29,12:30,14:55,0,4210,0,202
酷航空,TR899,NRT,TPE,2025-05-01,2025-05-01,12:55,15:50,0,4211,0,202
酷航空,TR899,NRT,TPE,2025-05-03,2025-05-03,12:55,15:50,0,4212,0,202
酷航空,TR899,NRT,TPE,2025-04-28,2025-04-28,13:00,15:50,0,4213,0,202
酷航空,TR875,NRT,TPE,2025-04-29,2025-04-29,20:10,23:00,0,4208,0,202
酷航空,TR875,NRT,TPE,2025-05-01,2025-05-01,20:10,23:00,0,4209,0,202
酷航空,TR875,NRT,TPE,2025-05-02,2025-05-02,20:30,23:20,0,4210,0,202
酷航空,TR875,NRT,TPE,2025-05-03,2025-05-03,00:05,04:45,0,4211,0,202
酷航空,TR875,NRT,TPE,2025-05-08,2025-05-08,20:10,23:00,0,4212,0,202
酷航空,TR893,CTS,TPE,2025-05-08,2025-05-08,17:30,20:45,0,7680,0,202
酷航空,TR893,CTS,TPE,2025-05-10,2025-05-10,17:30,20:45,0,7680,0,202
酷航空,TR893,CTS,TPE,2025-05-11,2025-05-11,17:30,20:45,0,7680,0,202
酷航空,TR893,CTS,TPE,2025-05-05,2025-05-06,17:30,20:45,0,7680,0,202
酷航空,TR897,ICN,TPE,2025-05-07,2025-05-08,22:50,00:30,0,3687,0,202
酷航空,TR897,ICN,TPE,2025-05-08,2025-05-09,22:50,00:30,0,3688,0,202
酷航空,TR897,ICN,TPE,2025-05-09,2025-05-10,22:50,00:30,0,3689,0,202
酷航空,TR897,ICN,TPE,2025-05-11,2025-05-12,22:50,00:30,0,3690,0,202
酷航空,TR897,ICN,TPE,2025-05-07,2025-05-07,22:50,00:30,0,3691,0,202
酷航空,TR899,NRT,TPE,2025-05-09,2025-05-09,12:25,14:55,0,4208,0,202
酷航空,TR899,NRT,TPE,2025-05-11,2025-05-11,12:25,14:55,0,4209,0,202
酷航空,TR899,NRT,TPE,2025-05-06,2025-05-06,12:30,14:55,0,4210,0,202
酷航空,TR899,NRT,TPE,2025-05-08,2025-05-08,12:55,15:50,0,4211,0,202
酷航空,TR899,NRT,TPE,2025-05-10,2025-05-10,12:55,15:50,0,4212,0,202
酷航空,TR899,NRT,TPE,2025-05-05,2025-05-05,13:00,15:50,0,4213,0,202
酷航空,TR875,NRT,TPE,2025-05-06,2025-05-06,20:10,23:00,0,4208,0,202
酷航空,TR875,NRT,TPE,2025-05-08,2025-05-08,20:10,23:00,0,4209,0,202
酷航空,TR875,NRT,TPE,2025-05-09,2025-05-09,20:30,23:20,0,4210,0,202
酷航空,TR875,NRT,TPE,2025-05-10,2025-05-10,00:05,04:45,0,4211,0,202
酷航空,TR875,NRT,TPE,2025-05-15,2025-05-15,20:10,23:00,0,4212,0,202
酷航空,TR893,CTS,TPE,2025-05-15,2025-05-15,17:30,20:45,0,7680,0,202
酷航空,TR893,CTS,TPE,2025-05-17,2025-05-17,17:30,20:45,0,7680,0,202
酷航空,TR893,CTS,TPE,2025-05-18,2025-05-18,17:30,20:45,0,7680,0,202
酷航空,TR893,CTS,TPE,2025-05-12,2025-05-13,17:30,20:45,0,7680,0,202
酷航空,TR897,ICN,TPE,2025-05-14,2025-05-15,22:50,00:30,0,3687,0,202
酷航空,TR897,ICN,TPE,2025-05-15,2025-05-16,22:50,00:30,0,3688,0,202
酷航空,TR897,ICN,TPE,2025-05-16,2025-05-17,22:50,00:30,0,3689,0,202
酷航空,TR897,ICN,TPE,2025-05-18,2025-05-19,22:50,00:30,0,3690,0,202
酷航空,TR897,ICN,TPE,2025-05-14,2025-05-14,22:50,00:30,0,3691,0,202
酷航空,TR899,NRT,TPE,2025-05-16,2025-05-16,12:25,14:55,0,4208,0,202
酷航空,TR899,NRT,TPE,2025-05-18,2025-05-18,12:25,14:55,0,4209,0,202
酷航空,TR899,NRT,TPE,2025-05-13,2025-05-13,12:30,14:55,0,4210,0,202
酷航空,TR899,NRT,TPE,2025-05-15,2025-05-15,12:55,15:50,0,4211,0,202
酷航空,TR899,NRT,TPE,2025-05-17,2025-05-17,12:55,15:50,0,4212,0,202
酷航空,TR899,NRT,TPE,2025-05-12,2025-05-12,13:00,15:50,0,4213,0,202
酷航空,TR875,NRT,TPE,2025-05-13,2025-05-13,20:10,23:00,0,4208,0,202
酷航空,TR875,NRT,TPE,2025-05-15,2025-05-15,20:10,23:00,0,4209,0,202
酷航空,TR875,NRT,TPE,2025-05-16,2025-05-16,20:30,23:20,0,4210,0,202
酷航空,TR875,NRT,TPE,2025-05-17,2025-05-17,00:05,04:45,0,4211,0,202
酷航空,TR875,NRT,TPE,2025-05-22,2025-05-22,20:10,23:00,0,4212,0,202
酷航空,TR893,CTS,TPE,2025-05-22,2025-05-22,17:30,20:45,0,7680,0,202
酷航空,TR893,CTS,TPE,2025-05-24,2025-05-24,17:30,20:45,0,7680,0,202
酷航空,TR893,CTS,TPE,2025-05-25,2025-05-25,17:30,20:45,0,7680,0,202
酷航空,TR893,CTS,TPE,2025-05-19,2025-05-20,17:30,20:45,0,7680,0,202
酷航空,TR897,ICN,TPE,2025-05-21,2025-05-22,22:50,00:30,0,3687,0,202
酷航空,TR897,ICN,TPE,2025-05-22,2025-05-23,22:50,00:30,0,3688,0,202
酷航空,TR897,ICN,TPE,2025-05-23,2025-05-24,22:50,00:30,0,3689,0,202
酷航空,TR897,ICN,TPE,2025-05-25,2025-05-26,22:50,00:30,0,3690,0,202
酷航空,TR897,ICN,TPE,2025-05-21,2025-05-21,22:50,00:30,0,3691,0,202
酷航空,TR899,NRT,TPE,2025-05-23,2025-05-23,12:25,14:55,0,4208,0,202
酷航空,TR899,NRT,TPE,2025-05-25,2025-05-25,12:25,14:55,0,4209,0,202
酷航空,TR899,NRT,TPE,2025-05-20,2025-05-20,12:30,14:55,0,4210,0,202
酷航空,TR899,NRT,TPE,2025-05-22,2025-05-22,12:55,15:50,0,4211,0,202
酷航空,TR899,NRT,TPE,2025-05-24,2025-05-24,12:55,15:50,0,4212,0,202
酷航空,TR899,NRT,TPE,2025-05-19,2025-05-19,13:00,15:50,0,4213,0,202
酷航空,TR875,NRT,TPE,2025-05-20,2025-05-20,20:10,23:00,0,4208,0,202
酷航空,TR875,NRT,TPE,2025-05-22,2025-05-22,20:10,23:00,0,4209,0,202
酷航空,TR875,NRT,TPE,2025-05-23,2025-05-23,20:30,23:20,0,4210,0,202
酷航空,TR875,NRT,TPE,2025-05-24,2025-05-24,00:05,04:45,0,4211,0,202
酷航空,TR875,NRT,TPE,2025-05-29,2025-05-29,20:10,23:00,0,4212,0,202
酷航空,TR893,CTS,TPE,2025-05-29,2025-05-29,17:30,20:45,0,7680,0,202
酷航空,TR893,CTS,TPE,2025-05-31,2025-05-31,17:30,20:45,0,7680,0,202
酷航空,TR893,CTS,TPE,2025-06-01,2025-06-01,17:30,20:45,0,7680,0,202
酷航空,TR893,CTS,TPE,2025-05-26,2025-05-27,17:30,20:45,0,7680,0,202
酷航空,TR897,ICN,TPE,2025-05-28,2025-05-29,22:50,00:30,0,3687,0,202
酷航空,TR897,ICN,TPE,2025-05-29,2025-05-30,22:50,00:30,0,3688,0,202
酷航空,TR897,ICN,TPE,2025-05-30,2025-05-31,22:50,00:30,0,3689,0,202
酷航空,TR897,ICN,TPE,2025-06-01,2025-06-02,22:50,00:30,0,3690,0,202
酷航空,TR897,ICN,TPE,2025-05-28,2025-05-28,22:50,00:30,0,3691,0,202
酷航空,TR899,NRT,TPE,2025-05-30,2025-05-30,12:25,14:55,0,4208,0,202
酷航空,TR899,NRT,TPE,2025-06-01,2025-06-01,12:25,14:55,0,4209,0,202
酷航空,TR899,NRT,TPE,2025-05-27,2025-05-27,12:30,14:55,0,4210,0,202
酷航空,TR899,NRT,TPE,2025-05-29,2025-05-29,12:55,15:50,0,4211,0,202
酷航空,TR899,NRT,TPE,2025-05-31,2025-05-31,12:55,15:50,0,4212,0,202
酷航空,TR899,NRT,TPE,2025-05-26,2025-05-26,13:00,15:50,0,4213,0,202
酷航空,TR875,NRT,TPE,2025-05-27,2025-05-27,20:10,23:00,0,4208,0,202
酷航空,TR875,NRT,TPE,2025-05-29,2025-05-29,20:10,23:00,0,4209,0,202
酷航空,TR875,NRT,TPE,2025-05-30,2025-05-30,20:30,23:20,0,4210,0,202
酷航空,TR875,NRT,TPE,2025-05-31,2025-05-31,00:05,04:45,0,4211,0,202
酷航空,TR875,NRT,TPE,2025-06-05,2025-06-05,20:10,23:00,0,4212,0,202
酷航空,TR893,CTS,TPE,2025-06-05,2025-06-05,17:30,20:45,0,7680,0,202
酷航空,TR893,CTS,TPE,2025-06-07,2025-06-07,17:30,20:45,0,7680,0,202
酷航空,TR893,CTS,TPE,2025-06-08,2025-06-08,17:30,20:45,0,7680,0,202
酷航空,TR893,CTS,TPE,2025-06-02,2025-06-03,17:30,20:45,0,7680,0,202
酷航空,TR897,ICN,TPE,2025-06-04,2025-06-05,22:50,00:30,0,3687,0,202
酷航空,TR897,ICN,TPE,2025-06-05,2025-06-06,22:50,00:30,0,3688,0,202
酷航空,TR897,ICN,TPE,2025-06-06,2025-06-07,22:50,00:30,0,3689,0,202
酷航空,TR897,ICN,TPE,2025-06-08,2025-06-09,22:50,00:30,0,3690,0,202
酷航空,TR897,ICN,TPE,2025-06-04,2025-06-04,22:50,00:30,0,3691,0,202
酷航空,TR899,NRT,TPE,2025-06-06,2025-06-06,12:25,14:55,0,4208,0,202
酷航空,TR899,NRT,TPE,2025-06-08,2025-06-08,12:25,14:55,0,4209,0,202
酷航空,TR899,NRT,TPE,2025-06-03,2025-06-03,12:30,14:55,0,4210,0,202
酷航空,TR899,NRT,TPE,2025-06-05,2025-06-05,12:55,15:50,0,4211,0,202
酷航空,TR899,NRT,TPE,2025-06-07,2025-06-07,12:55,15:50,0,4212,0,202
酷航空,TR899,NRT,TPE,2025-06-02,2025-06-02,13:00,15:50,0,4213,0,202
酷航空,TR875,NRT,TPE,2025-06-03,2025-06-03,20:10,23:00,0,4208,0,202
酷航空,TR875,NRT,TPE,2025-06-05,2025-06-05,20:10,23:00,0,4209,0,202
酷航空,TR875,NRT,TPE,2025-06-06,2025-06-06,20:30,23:20,0,4210,0,202
酷航空,TR875,NRT,TPE,2025-06-07,2025-06-07,00:05,04:45,0,4211,0,202
酷航空,TR875,NRT,TPE,2025-06-12,2025-06-12,20:10,23:00,0,4212,0,202
酷航空,TR893,CTS,TPE,2025-06-12,2025-06-12,17:30,20:45,0,7680,0,202
酷航空,TR893,CTS,TPE,2025-06-14,2025-06-14,17:30,20:45,0,7680,0,202
酷航空,TR893,CTS,TPE,2025-06-15,2025-06-15,17:30,20:45,0,7680,0,202
酷航空,TR893,CTS,TPE,2025-06-09,2025-06-10,17:30,20:45,0,7680,0,202
酷航空,TR897,ICN,TPE,2025-06-11,2025-06-12,22:50,00:30,0,3687,0,202
酷航空,TR897,ICN,TPE,2025-06-12,2025-06-13,22:50,00:30,0,3688,0,202
酷航空,TR897,ICN,TPE,2025-06-13,2025-06-14,22:50,00:30,0,3689,0,202
酷航空,TR897,ICN,TPE,2025-06-15,2025-06-16,22:50,00:30,0,3690,0,202
酷航空,TR897,ICN,TPE,2025-06-11,2025-06-11,22:50,00:30,0,3691,0,202
酷航空,TR899,NRT,TPE,2025-06-13,2025-06-13,12:25,14:55,0,4208,0,202
酷航空,TR899,NRT,TPE,2025-06-15,2025-06-15,12:25,14:55,0,4209,0,202
酷航空,TR899,NRT,TPE,2025-06-10,2025-06-10,12:30,14:55,0,4210,0,202
酷航空,TR899,NRT,TPE,2025-06-12,2025-06-12,12:55,15:50,0,4211,0,202
酷航空,TR899,NRT,TPE,2025-06-14,2025-06-14,12:55,15:50,0,4212,0,202
酷航空,TR899,NRT,TPE,2025-06-09,2025-06-09,13:00,15:50,0,4213,0,202
酷航空,TR875,NRT,TPE,2025-06-10,2025-06-10,20:10,23:00,0,4208,0,202
酷航空,TR875,NRT,TPE,2025-06-12,2025-06-12,20:10,23:00,0,4209,0,202
酷航空,TR875,NRT,TPE,2025-06-13,2025-06-13,20:30,23:20,0,4210,0,202
酷航空,TR875,NRT,TPE,2025-06-14,2025-06-14,00:05,04:45,0,4211,0,202
酷航空,TR875,NRT,TPE,2025-06-19,2025-06-19,20:10,23:00,0,4212,0,202
酷航空,TR893,CTS,TPE,2025-06-19,2025-06-19,17:30,20:45,0,7680,0,202
酷航空,TR893,CTS,TPE,2025-06-21,2025-06-21,17:30,20:45,0,7680,0,202
酷航空,TR893,CTS,TPE,2025-06-22,2025-06-22,17:30,20:45,0,7680,0,202
酷航空,TR893,CTS,TPE,2025-06-16,2025-06-17,17:30,20:45,0,7680,0,202
酷航空,TR897,ICN,TPE,2025-06-18,2025-06-19,22:50,00:30,0,3687,0,202
酷航空,TR897,ICN,TPE,2025-06-19,2025-06-20,22:50,00:30,0,3688,0,202
酷航空,TR897,ICN,TPE,2025-06-20,2025-06-21,22:50,00:30,0,3689,0,202
酷航空,TR897,ICN,TPE,2025-06-22,2025-06-23,22:50,00:30,0,3690,0,202
酷航空,TR897,ICN,TPE,2025-06-18,2025-06-18,22:50,00:30,0,3691,0,202
酷航空,TR899,NRT,TPE,2025-06-20,2025-06-20,12:25,14:55,0,4208,0,202
酷航空,TR899,NRT,TPE,2025-06-22,2025-06-22,12:25,14:55,0,4209,0,202
酷航空,TR899,NRT,TPE,2025-06-17,2025-06-17,12:30,14:55,0,4210,0,202
酷航空,TR899,NRT,TPE,2025-06-19,2025-06-19,12:55,15:50,0,4211,0,202
酷航空,TR899,NRT,TPE,2025-06-21,2025-06-21,12:55,15:50,0,4212,0,202
酷航空,TR899,NRT,TPE,2025-06-16,2025-06-16,13:00,15:50,0,4213,0,202
酷航空,TR875,NRT,TPE,2025-06-17,2025-06-17,20:10,23:00,0,4208,0,202
酷航空,TR875,NRT,TPE,2025-06-19,2025-06-19,20:10,23:00,0,4209,0,202
酷航空,TR875,NRT,TPE,2025-06-20,2025-06-20,20:30,23:20,0,4210,0,202
酷航空,TR875,NRT,TPE,2025-06-21,2025-06-21,00:05,04:45,0,4211,0,202
酷航空,TR875,NRT,TPE,2025-06-26,2025-06-26,20:10,23:00,0,4212,0,202
酷航空,TR893,CTS,TPE,2025-06-26,2025-06-26,17:30,20:45,0,7680,0,202
酷航空,TR893,CTS,TPE,2025-06-28,2025-06-28,17:30,20:45,0,7680,0,202
酷航空,TR893,CTS,TPE,2025-06-29,2025-06-29,17:30,20:45,0,7680,0,202
酷航空,TR893,CTS,TPE,2025-06-23,2025-06-24,17:30,20:45,0,7680,0,202
酷航空,TR897,ICN,TPE,2025-06-25,2025-06-26,22:50,00:30,0,3687,0,202
酷航空,TR897,ICN,TPE,2025-06-26,2025-06-27,22:50,00:30,0,3688,0,202
酷航空,TR897,ICN,TPE,2025-06-27,2025-06-28,22:50,00:30,0,3689,0,202
酷航空,TR897,ICN,TPE,2025-06-29,2025-06-30,22:50,00:30,0,3690,0,202
酷航空,TR897,ICN,TPE,2025-06-25,2025-06-25,22:50,00:30,0,3691,0,202
酷航空,TR899,NRT,TPE,2025-06-27,2025-06-27,12:25,14:55,0,4208,0,202
酷航空,TR899,NRT,TPE,2025-06-29,2025-06-29,12:25,14:55,0,4209,0,202
酷航空,TR899,NRT,TPE,2025-06-24,2025-06-24,12:30,14:55,0,4210,0,202
酷航空,TR899,NRT,TPE,2025-06-26,2025-06-26,12:55,15:50,0,4211,0,202
酷航空,TR899,NRT,TPE,2025-06-28,2025-06-28,12:55,15:50,0,4212,0,202
酷航空,TR899,NRT,TPE,2025-06-23,2025-06-23,13:00,15:50,0,4213,0,202
酷航空,TR875,NRT,TPE,2025-06-24,2025-06-24,20:10,23:00,0,4208,0,202
酷航空,TR875,NRT,TPE,2025-06-26,2025-06-26,20:10,23:00,0,4209,0,202
酷航空,TR875,NRT,TPE,2025-06-27,2025-06-27,20:30,23:20,0,4210,0,202
酷航空,TR875,NRT,TPE,2025-06-28,2025-06-28,00:05,04:45,0,4211,0,202
酷航空,TR875,NRT,TPE,2025-07-03,2025-07-03,20:10,23:00,0,4212,0,202
酷航空,TR893,CTS,TPE,2025-07-03,2025-07-03,17:30,20:45,0,7680,0,202
酷航空,TR893,CTS,TPE,2025-07-05,2025-07-05,17:30,20:45,0,7680,0,202
酷航空,TR893,CTS,TPE,2025-07-06,2025-07-06,17:30,20:45,0,7680,0,202
酷航空,TR893,CTS,TPE,2025-06-30,2025-07-01,17:30,20:45,0,7680,0,202
酷航空,TR897,ICN,TPE,2025-07-02,2025-07-03,22:50,00:30,0,3687,0,202
酷航空,TR897,ICN,TPE,2025-07-03,2025-07-04,22:50,00:30,0,3688,0,202
酷航空,TR897,ICN,TPE,2025-07-04,2025-07-05,22:50,00:30,0,3689,0,202
酷航空,TR897,ICN,TPE,2025-07-06,2025-07-07,22:50,00:30,0,3690,0,202
酷航空,TR897,ICN,TPE,2025-07-02,2025-07-02,22:50,00:30,0,3691,0,202
酷航空,TR899,NRT,TPE,2025-07-04,2025-07-04,12:25,14:55,0,4208,0,202
酷航空,TR899,NRT,TPE,2025-07-06,2025-07-06,12:25,14:55,0,4209,0,202
酷航空,TR899,NRT,TPE,2025-07-01,2025-07-01,12:30,14:55,0,4210,0,202
酷航空,TR899,NRT,TPE,2025-07-03,2025-07-03,12:55,15:50,0,4211,0,202
酷航空,TR899,NRT,TPE,2025-07-05,2025-07-05,12:55,15:50,0,4212,0,202
酷航空,TR899,NRT,TPE,2025-06-30,2025-06-30,13:00,15:50,0,4213,0,202
酷航空,TR875,NRT,TPE,2025-07-01,2025-07-01,20:10,23:00,0,4208,0,202
酷航空,TR875,NRT,TPE,2025-07-03,2025-07-03,20:10,23:00,0,4209,0,202
酷航空,TR875,NRT,TPE,2025-07-04,2025-07-04,20:30,23:20,0,4210,0,202
酷航空,TR875,NRT,TPE,2025-07-05,2025-07-05,00:05,04:45,0,4211,0,202
酷航空,TR875,NRT,TPE,2025-07-10,2025-07-10,20:10,23:00,0,4212,0,202
酷航空,TR893,CTS,TPE,2025-07-10,2025-07-10,17:30,20:45,0,7680,0,202
酷航空,TR893,CTS,TPE,2025-07-12,2025-07-12,17:30,20:45,0,7680,0,202
酷航空,TR893,CTS,TPE,2025-07-13,2025-07-13,17:30,20:45,0,7680,0,202
酷航空,TR893,CTS,TPE,2025-07-07,2025-07-08,17:30,20:45,0,7680,0,202
酷航空,TR897,ICN,TPE,2025-07-09,2025-07-10,22:50,00:30,0,3687,0,202
酷航空,TR897,ICN,TPE,2025-07-10,2025-07-11,22:50,00:30,0,3688,0,202
酷航空,TR897,ICN,TPE,2025-07-11,2025-07-12,22:50,00:30,0,3689,0,202
酷航空,TR897,ICN,TPE,2025-07-13,2025-07-14,22:50,00:30,0,3690,0,202
酷航空,TR897,ICN,TPE,2025-07-09,2025-07-09,22:50,00:30,0,3691,0,202
酷航空,TR899,NRT,TPE,2025-07-11,2025-07-11,12:25,14:55,0,4208,0,202
酷航空,TR899,NRT,TPE,2025-07-13,2025-07-13,12:25,14:55,0,4209,0,202
酷航空,TR899,NRT,TPE,2025-07-08,2025-07-08,12:30,14:55,0,4210,0,202
酷航空,TR899,NRT,TPE,2025-07-10,2025-07-10,12:55,15:50,0,4211,0,202
酷航空,TR899,NRT,TPE,2025-07-12,2025-07-12,12:55,15:50,0,4212,0,202
酷航空,TR899,NRT,TPE,2025-07-07,2025-07-07,13:00,15:50,0,4213,0,202
酷航空,TR875,NRT,TPE,2025-07-08,2025-07-08,20:10,23:00,0,4208,0,202
酷航空,TR875,NRT,TPE,2025-07-10,2025-07-10,20:10,23:00,0,4209,0,202
酷航空,TR875,NRT,TPE,2025-07-11,2025-07-11,20:30,23:20,0,4210,0,202
酷航空,TR875,NRT,TPE,2025-07-12,2025-07-12,00:05,04:45,0,4211,0,202
酷航空,TR875,NRT,TPE,2025-07-17,2025-07-17,20:10,23:00,0,4212,0,202
酷航空,TR893,CTS,TPE,2025-07-17,2025-07-17,17:30,20:45,0,7680,0,202
酷航空,TR893,CTS,TPE,2025-07-19,2025-07-19,17:30,20:45,0,7680,0,202
酷航空,TR893,CTS,TPE,2025-07-20,2025-07-20,17:30,20:45,0,7680,0,202
酷航空,TR893,CTS,TPE,2025-07-14,2025-07-15,17:30,20:45,0,7680,0,202
酷航空,TR897,ICN,TPE,2025-07-16,2025-07-17,22:50,00:30,0,3687,0,202
酷航空,TR897,ICN,TPE,2025-07-17,2025-07-18,22:50,00:30,0,3688,0,202
酷航空,TR897,ICN,TPE,2025-07-18,2025-07-19,22:50,00:30,0,3689,0,202
酷航空,TR897,ICN,TPE,2025-07-20,2025-07-21,22:50,00:30,0,3690,0,202
酷航空,TR897,ICN,TPE,2025-07-16,2025-07-16,22:50,00:30,0,3691,0,202
酷航空,TR899,NRT,TPE,2025-07-18,2025-07-18,12:25,14:55,0,4208,0,202
酷航空,TR899,NRT,TPE,2025-07-20,2025-07-20,12:25,14:55,0,4209,0,202
酷航空,TR899,NRT,TPE,2025-07-15,2025-07-15,12:30,14:55,0,4210,0,202
酷航空,TR899,NRT,TPE,2025-07-17,2025-07-17,12:55,15:50,0,4211,0,202
酷航空,TR899,NRT,TPE,2025-07-19,2025-07-19,12:55,15:50,0,4212,0,202
酷航空,TR899,NRT,TPE,2025-07-14,2025-07-14,13:00,15:50,0,4213,0,202
酷航空,TR875,NRT,TPE,2025-07-15,2025-07-15,20:10,23:00,0,4208,0,202
酷航空,TR875,NRT,TPE,2025-07-17,2025-07-17,20:10,23:00,0,4209,0,202
酷航空,TR875,NRT,TPE,2025-07-18,2025-07-18,20:30,23:20,0,4210,0,202
酷航空,TR875,NRT,TPE,2025-07-19,2025-07-19,00:05,04:45,0,4211,0,202
酷航空,TR875,NRT,TPE,2025-07-24,2025-07-24,20:10,23:00,0,4212,0,202
酷航空,TR893,CTS,TPE,2025-07-24,2025-07-24,17:30,20:45,0,7680,0,202
酷航空,TR893,CTS,TPE,2025-07-26,2025-07-26,17:30,20:45,0,7680,0,202
酷航空,TR893,CTS,TPE,2025-07-27,2025-07-27,17:30,20:45,0,7680,0,202
酷航空,TR893,CTS,TPE,2025-07-21,2025-07-22,17:30,20:45,0,7680,0,202
酷航空,TR897,ICN,TPE,2025-07-23,2025-07-24,22:50,00:30,0,3687,0,202
酷航空,TR897,ICN,TPE,2025-07-24,2025-07-25,22:50,00:30,0,3688,0,202
酷航空,TR897,ICN,TPE,2025-07-25,2025-07-26,22:50,00:30,0,3689,0,202
酷航空,TR897,ICN,TPE,2025-07-27,2025-07-28,22:50,00:30,0,3690,0,202
酷航空,TR897,ICN,TPE,2025-07-23,2025-07-23,22:50,00:30,0,3691,0,202
酷航空,TR899,NRT,TPE,2025-07-25,2025-07-25,12:25,14:55,0,4208,0,202
酷航空,TR899,NRT,TPE,2025-07-27,2025-07-27,12:25,14:55,0,4209,0,202
酷航空,TR899,NRT,TPE,2025-07-22,2025-07-22,12:30,14:55,0,4210,0,202
酷航空,TR899,NRT,TPE,2025-07-24,2025-07-24,12:55,15:50,0,4211,0,202
酷航空,TR899,NRT,TPE,2025-07-26,2025-07-26,12:55,15:50,0,4212,0,202
酷航空,TR899,NRT,TPE,2025-07-21,2025-07-21,13:00,15:50,0,4213,0,202
酷航空,TR875,NRT,TPE,2025-07-22,2025-07-22,20:10,23:00,0,4208,0,202
酷航空,TR875,NRT,TPE,2025-07-24,2025-07-24,20:10,23:00,0,4209,0,202
酷航空,TR875,NRT,TPE,2025-07-25,2025-07-25,20:30,23:20,0,4210,0,202
酷航空,TR875,NRT,TPE,2025-07-26,2025-07-26,00:05,04:45,0,4211,0,202
酷航空,TR875,NRT,TPE,2025-07-31,2025-07-31,20:10,23:00,0,4212,0,202
酷航空,TR893,CTS,TPE,2025-07-31,2025-07-31,17:30,20:45,0,7680,0,202
酷航空,TR893,CTS,TPE,2025-08-02,2025-08-02,17:30,20:45,0,7680,0,202
酷航空,TR893,CTS,TPE,2025-08-03,2025-08-03,17:30,20:45,0,7680,0,202
酷航空,TR893,CTS,TPE,2025-07-28,2025-07-29,17:30,20:45,0,7680,0,202
酷航空,TR897,ICN,TPE,2025-07-30,2025-07-31,22:50,00:30,0,3687,0,202
酷航空,TR897,ICN,TPE,2025-07-31,2025-08-01,22:50,00:30,0,3688,0,202
酷航空,TR897,ICN,TPE,2025-08-01,2025-08-02,22:50,00:30,0,3689,0,202
酷航空,TR897,ICN,TPE,2025-08-03,2025-08-04,22:50,00:30,0,3690,0,202
酷航空,TR897,ICN,TPE,2025-07-30,2025-07-30,22:50,00:30,0,3691,0,202
酷航空,TR899,NRT,TPE,2025-08-01,2025-08-01,12:25,14:55,0,4208,0,202
酷航空,TR899,NRT,TPE,2025-08-03,2025-08-03,12:25,14:55,0,4209,0,202
酷航空,TR899,NRT,TPE,2025-07-29,2025-07-29,12:30,14:55,0,4210,0,202
酷航空,TR899,NRT,TPE,2025-07-31,2025-07-31,12:55,15:50,0,4211,0,202
酷航空,TR899,NRT,TPE,2025-08-02,2025-08-02,12:55,15:50,0,4212,0,202
酷航空,TR899,NRT,TPE,2025-07-28,2025-07-28,13:00,15:50,0,4213,0,202
酷航空,TR875,NRT,TPE,2025-07-29,2025-07-29,20:10,23:00,0,4208,0,202
酷航空,TR875,NRT,TPE,2025-07-31,2025-07-31,20:10,23:00,0,4209,0,202
酷航空,TR875,NRT,TPE,2025-08-01,2025-08-01,20:30,23:20,0,4210,0,202
酷航空,TR875,NRT,TPE,2025-08-02,2025-08-02,00:05,04:45,0,4211,0,202
酷航空,TR875,NRT,TPE,2025-08-07,2025-08-07,20:10,23:00,0,4212,0,202
酷航空,TR893,CTS,TPE,2025-08-07,2025-08-07,17:30,20:45,0,7680,0,202
酷航空,TR893,CTS,TPE,2025-08-09,2025-08-09,17:30,20:45,0,7680,0,202
酷航空,TR893,CTS,TPE,2025-08-10,2025-08-10,17:30,20:45,0,7680,0,202
酷航空,TR893,CTS,TPE,2025-08-04,2025-08-05,17:30,20:45,0,7680,0,202
酷航空,TR897,ICN,TPE,2025-08-06,2025-08-07,22:50,00:30,0,3687,0,202
酷航空,TR897,ICN,TPE,2025-08-07,2025-08-08,22:50,00:30,0,3688,0,202
酷航空,TR897,ICN,TPE,2025-08-08,2025-08-09,22:50,00:30,0,3689,0,202
酷航空,TR897,ICN,TPE,2025-08-10,2025-08-11,22:50,00:30,0,3690,0,202
酷航空,TR897,ICN,TPE,2025-08-06,2025-08-06,22:50,00:30,0,3691,0,202
酷航空,TR899,NRT,TPE,2025-08-08,2025-08-08,12:25,14:55,0,4208,0,202
酷航空,TR899,NRT,TPE,2025-08-10,2025-08-10,12:25,14:55,0,4209,0,202
酷航空,TR899,NRT,TPE,2025-08-05,2025-08-05,12:30,14:55,0,4210,0,202
酷航空,TR899,NRT,TPE,2025-08-07,2025-08-07,12:55,15:50,0,4211,0,202
酷航空,TR899,NRT,TPE,2025-08-09,2025-08-09,12:55,15:50,0,4212,0,202
酷航空,TR899,NRT,TPE,2025-08-04,2025-08-04,13:00,15:50,0,4213,0,202
酷航空,TR875,NRT,TPE,2025-08-05,2025-08-05,20:10,23:00,0,4208,0,202
酷航空,TR875,NRT,TPE,2025-08-07,2025-08-07,20:10,23:00,0,4209,0,202
酷航空,TR875,NRT,TPE,2025-08-08,2025-08-08,20:30,23:20,0,4210,0,202
酷航空,TR875,NRT,TPE,2025-08-09,2025-08-09,00:05,04:45,0,4211,0,202
酷航空,TR875,NRT,TPE,2025-08-14,2025-08-14,20:10,23:00,0,4212,0,202
酷航空,TR893,CTS,TPE,2025-08-14,2025-08-14,17:30,20:45,0,7680,0,202
酷航空,TR893,CTS,TPE,2025-08-16,2025-08-16,17:30,20:45,0,7680,0,202
酷航空,TR893,CTS,TPE,2025-08-17,2025-08-17,17:30,20:45,0,7680,0,202
酷航空,TR893,CTS,TPE,2025-08-11,2025-08-12,17:30,20:45,0,7680,0,202
酷航空,TR897,ICN,TPE,2025-08-13,2025-08-14,22:50,00:30,0,3687,0,202
酷航空,TR897,ICN,TPE,2025-08-14,2025-08-15,22:50,00:30,0,3688,0,202
酷航空,TR897,ICN,TPE,2025-08-15,2025-08-16,22:50,00:30,0,3689,0,202
酷航空,TR897,ICN,TPE,2025-08-17,2025-08-18,22:50,00:30,0,3690,0,202
酷航空,TR897,ICN,TPE,2025-08-13,2025-08-13,22:50,00:30,0,3691,0,202
酷航空,TR899,NRT,TPE,2025-08-15,2025-08-15,12:25,14:55,0,4208,0,202
酷航空,TR899,NRT,TPE,2025-08-17,2025-08-17,12:25,14:55,0,4209,0,202
酷航空,TR899,NRT,TPE,2025-08-12,2025-08-12,12:30,14:55,0,4210,0,202
酷航空,TR899,NRT,TPE,2025-08-14,2025-08-14,12:55,15:50,0,4211,0,202
酷航空,TR899,NRT,TPE,2025-08-16,2025-08-16,12:55,15:50,0,4212,0,202
酷航空,TR899,NRT,TPE,2025-08-11,2025-08-11,13:00,15:50,0,4213,0,202
酷航空,TR875,NRT,TPE,2025-08-12,2025-08-12,20:10,23:00,0,4208,0,202
酷航空,TR875,NRT,TPE,2025-08-14,2025-08-14,20:10,23:00,0,4209,0,202
酷航空,TR875,NRT,TPE,2025-08-15,2025-08-15,20:30,23:20,0,4210,0,202
酷航空,TR875,NRT,TPE,2025-08-16,2025-08-16,00:05,04:45,0,4211,0,202
酷航空,TR875,NRT,TPE,2025-08-21,2025-08-21,20:10,23:00,0,4212,0,202
酷航空,TR893,CTS,TPE,2025-08-21,2025-08-21,17:30,20:45,0,7680,0,202
酷航空,TR893,CTS,TPE,2025-08-23,2025-08-23,17:30,20:45,0,7680,0,202
酷航空,TR893,CTS,TPE,2025-08-24,2025-08-24,17:30,20:45,0,7680,0,202
酷航空,TR893,CTS,TPE,2025-08-18,2025-08-19,17:30,20:45,0,7680,0,202
酷航空,TR897,ICN,TPE,2025-08-20,2025-08-21,22:50,00:30,0,3687,0,202
酷航空,TR897,ICN,TPE,2025-08-21,2025-08-22,22:50,00:30,0,3688,0,202
酷航空,TR897,ICN,TPE,2025-08-22,2025-08-23,22:50,00:30,0,3689,0,202
酷航空,TR897,ICN,TPE,2025-08-24,2025-08-25,22:50,00:30,0,3690,0,202
酷航空,TR897,ICN,TPE,2025-08-20,2025-08-20,22:50,00:30,0,3691,0,202
酷航空,TR899,NRT,TPE,2025-08-22,2025-08-22,12:25,14:55,0,4208,0,202
酷航空,TR899,NRT,TPE,2025-08-24,2025-08-24,12:25,14:55,0,4209,0,202
酷航空,TR899,NRT,TPE,2025-08-19,2025-08-19,12:30,14:55,0,4210,0,202
酷航空,TR899,NRT,TPE,2025-08-21,2025-08-21,12:55,15:50,0,4211,0,202
酷航空,TR899,NRT,TPE,2025-08-23,2025-08-23,12:55,15:50,0,4212,0,202
酷航空,TR899,NRT,TPE,2025-08-18,2025-08-18,13:00,15:50,0,4213,0,202
酷航空,TR875,NRT,TPE,2025-08-19,2025-08-19,20:10,23:00,0,4208,0,202
酷航空,TR875,NRT,TPE,2025-08-21,2025-08-21,20:10,23:00,0,4209,0,202
酷航空,TR875,NRT,TPE,2025-08-22,2025-08-22,20:30,23:20,0,4210,0,202
酷航空,TR875,NRT,TPE,2025-08-23,2025-08-23,00:05,04:45,0,4211,0,202
酷航空,TR875,NRT,TPE,2025-08-28,2025-08-28,20:10,23:00,0,4212,0,202
酷航空,TR893,CTS,TPE,2025-08-28,2025-08-28,17:30,20:45,0,7680,0,202
酷航空,TR893,CTS,TPE,2025-08-30,2025-08-30,17:30,20:45,0,7680,0,202
酷航空,TR893,CTS,TPE,2025-08-31,2025-08-31,17:30,20:45,0,7680,0,202
酷航空,TR893,CTS,TPE,2025-08-25,2025-08-26,17:30,20:45,0,7680,0,202
酷航空,TR897,ICN,TPE,2025-08-27,2025-08-28,22:50,00:30,0,3687,0,202
酷航空,TR897,ICN,TPE,2025-08-28,2025-08-29,22:50,00:30,0,3688,0,202
酷航空,TR897,ICN,TPE,2025-08-29,2025-08-30,22:50,00:30,0,3689,0,202
酷航空,TR897,ICN,TPE,2025-08-31,2025-09-01,22:50,00:30,0,3690,0,202
酷航空,TR897,ICN,TPE,2025-08-27,2025-08-27,22:50,00:30,0,3691,0,202
酷航空,TR899,NRT,TPE,2025-08-29,2025-08-29,12:25,14:55,0,4208,0,202
酷航空,TR899,NRT,TPE,2025-08-31,2025-08-31,12:25,14:55,0,4209,0,202
酷航空,TR899,NRT,TPE,2025-08-26,2025-08-26,12:30,14:55,0,4210,0,202
酷航空,TR899,NRT,TPE,2025-08-28,2025-08-28,12:55,15:50,0,4211,0,202
酷航空,TR899,NRT,TPE,2025-08-30,2025-08-30,12:55,15:50,0,4212,0,202
酷航空,TR899,NRT,TPE,2025-08-25,2025-08-25,13:00,15:50,0,4213,0,202
酷航空,TR875,NRT,TPE,2025-08-26,2025-08-26,20:10,23:00,0,4208,0,202
酷航空,TR875,NRT,TPE,2025-08-28,2025-08-28,20:10,23:00,0,4209,0,202
酷航空,TR875,NRT,TPE,2025-08-29,2025-08-29,20:30,23:20,0,4210,0,202
酷航空,TR875,NRT,TPE,2025-08-30,2025-08-30,00:05,04:45,0,4211,0,202
酷航空,TR875,NRT,TPE,2025-09-04,2025-09-04,20:10,23:00,0,4212,0,202
酷航空,TR893,CTS,TPE,2025-09-04,2025-09-04,17:30,20:45,0,7680,0,202
酷航空,TR893,CTS,TPE,2025-09-06,2025-09-06,17:30,20:45,0,7680,0,202
酷航空,TR893,CTS,TPE,2025-09-07,2025-09-07,17:30,20:45,0,7680,0,202
酷航空,TR893,CTS,TPE,2025-09-01,2025-09-02,17:30,20:45,0,7680,0,202
酷航空,TR897,ICN,TPE,2025-09-03,2025-09-04,22:50,00:30,0,3687,0,202
酷航空,TR897,ICN,TPE,2025-09-04,2025-09-05,22:50,00:30,0,3688,0,202
酷航空,TR897,ICN,TPE,2025-09-05,2025-09-06,22:50,00:30,0,3689,0,202
酷航空,TR897,ICN,TPE,2025-09-07,2025-09-08,22:50,00:30,0,3690,0,202
酷航空,TR897,ICN,TPE,2025-09-03,2025-09-03,22:50,00:30,0,3691,0,202
酷航空,TR899,NRT,TPE,2025-09-05,2025-09-05,12:25,14:55,0,4208,0,202
酷航空,TR899,NRT,TPE,2025-09-07,2025-09-07,12:25,14:55,0,4209,0,202
酷航空,TR899,NRT,TPE,2025-09-02,2025-09-02,12:30,14:55,0,4210,0,202
酷航空,TR899,NRT,TPE,2025-09-04,2025-09-04,12:55,15:50,0,4211,0,202
酷航空,TR899,NRT,TPE,2025-09-06,2025-09-06,12:55,15:50,0,4212,0,202
酷航空,TR899,NRT,TPE,2025-09-01,2025-09-01,13:00,15:50,0,4213,0,202
酷航空,TR875,NRT,TPE,2025-09-02,2025-09-02,20:10,23:00,0,4208,0,202
酷航空,TR875,NRT,TPE,2025-09-04,2025-09-04,20:10,23:00,0,4209,0,202
酷航空,TR875,NRT,TPE,2025-09-05,2025-09-05,20:30,23:20,0,4210,0,202
酷航空,TR875,NRT,TPE,2025-09-06,2025-09-06,00:05,04:45,0,4211,0,202
酷航空,TR875,NRT,TPE,2025-09-11,2025-09-11,20:10,23:00,0,4212,0,202
酷航空,TR893,CTS,TPE,2025-09-11,2025-09-11,17:30,20:45,0,7680,0,202
酷航空,TR893,CTS,TPE,2025-09-13,2025-09-13,17:30,20:45,0,7680,0,202
酷航空,TR893,CTS,TPE,2025-09-14,2025-09-14,17:30,20:45,0,7680,0,202
酷航空,TR893,CTS,TPE,2025-09-08,2025-09-09,17:30,20:45,0,7680,0,202
酷航空,TR897,ICN,TPE,2025-09-10,2025-09-11,22:50,00:30,0,3687,0,202
酷航空,TR897,ICN,TPE,2025-09-11,2025-09-12,22:50,00:30,0,3688,0,202
酷航空,TR897,ICN,TPE,2025-09-12,2025-09-13,22:50,00:30,0,3689,0,202
酷航空,TR897,ICN,TPE,2025-09-14,2025-09-15,22:50,00:30,0,3690,0,202
酷航空,TR897,ICN,TPE,2025-09-10,2025-09-10,22:50,00:30,0,3691,0,202
酷航空,TR899,NRT,TPE,2025-09-12,2025-09-12,12:25,14:55,0,4208,0,202
酷航空,TR899,NRT,TPE,2025-09-14,2025-09-14,12:25,14:55,0,4209,0,202
酷航空,TR899,NRT,TPE,2025-09-09,2025-09-09,12:30,14:55,0,4210,0,202
酷航空,TR899,NRT,TPE,2025-09-11,2025-09-11,12:55,15:50,0,4211,0,202
酷航空,TR899,NRT,TPE,2025-09-13,2025-09-13,12:55,15:50,0,4212,0,202
酷航空,TR899,NRT,TPE,2025-09-08,2025-09-08,13:00,15:50,0,4213,0,202
酷航空,TR875,NRT,TPE,2025-09-09,2025-09-09,20:10,23:00,0,4208,0,202
酷航空,TR875,NRT,TPE,2025-09-11,2025-09-11,20:10,23:00,0,4209,0,202
酷航空,TR875,NRT,TPE,2025-09-12,2025-09-12,20:30,23:20,0,4210,0,202
酷航空,TR875,NRT,TPE,2025-09-13,2025-09-13,00:05,04:45,0,4211,0,202
酷航空,TR875,NRT,TPE,2025-09-18,2025-09-18,20:10,23:00,0,4212,0,202
酷航空,TR893,CTS,TPE,2025-09-18,2025-09-18,17:30,20:45,0,7680,0,202
酷航空,TR893,CTS,TPE,2025-09-20,2025-09-20,17:30,20:45,0,7680,0,202
酷航空,TR893,CTS,TPE,2025-09-21,2025-09-21,17:30,20:45,0,7680,0,202
酷航空,TR893,CTS,TPE,2025-09-15,2025-09-16,17:30,20:45,0,7680,0,202
酷航空,TR897,ICN,TPE,2025-09-17,2025-09-18,22:50,00:30,0,3687,0,202
酷航空,TR897,ICN,TPE,2025-09-18,2025-09-19,22:50,00:30,0,3688,0,202
酷航空,TR897,ICN,TPE,2025-09-19,2025-09-20,22:50,00:30,0,3689,0,202
酷航空,TR897,ICN,TPE,2025-09-21,2025-09-22,22:50,00:30,0,3690,0,202
酷航空,TR897,ICN,TPE,2025-09-17,2025-09-17,22:50,00:30,0,3691,0,202
酷航空,TR899,NRT,TPE,2025-09-19,2025-09-19,12:25,14:55,0,4208,0,202
酷航空,TR899,NRT,TPE,2025-09-21,2025-09-21,12:25,14:55,0,4209,0,202
酷航空,TR899,NRT,TPE,2025-09-16,2025-09-16,12:30,14:55,0,4210,0,202
酷航空,TR899,NRT,TPE,2025-09-18,2025-09-18,12:55,15:50,0,4211,0,202
酷航空,TR899,NRT,TPE,2025-09-20,2025-09-20,12:55,15:50,0,4212,0,202
酷航空,TR899,NRT,TPE,2025-09-15,2025-09-15,13:00,15:50,0,4213,0,202
酷航空,TR875,NRT,TPE,2025-09-16,2025-09-16,20:10,23:00,0,4208,0,202
酷航空,TR875,NRT,TPE,2025-09-18,2025-09-18,20:10,23:00,0,4209,0,202
酷航空,TR875,NRT,TPE,2025-09-19,2025-09-19,20:30,23:20,0,4210,0,202
酷航空,TR875,NRT,TPE,2025-09-20,2025-09-20,00:05,04:45,0,4211,0,202
酷航空,TR875,NRT,TPE,2025-09-25,2025-09-25,20:10,23:00,0,4212,0,202
酷航空,TR893,CTS,TPE,2025-09-25,2025-09-25,17:30,20:45,0,7680,0,202
酷航空,TR893,CTS,TPE,2025-09-27,2025-09-27,17:30,20:45,0,7680,0,202
酷航空,TR893,CTS,TPE,2025-09-28,2025-09-28,17:30,20:45,0,7680,0,202
酷航空,TR893,CTS,TPE,2025-09-22,2025-09-23,17:30,20:45,0,7680,0,202
酷航空,TR897,ICN,TPE,2025-09-24,2025-09-25,22:50,00:30,0,3687,0,202
酷航空,TR897,ICN,TPE,2025-09-25,2025-09-26,22:50,00:30,0,3688,0,202
酷航空,TR897,ICN,TPE,2025-09-26,2025-09-27,22:50,00:30,0,3689,0,202
酷航空,TR897,ICN,TPE,2025-09-28,2025-09-29,22:50,00:30,0,3690,0,202
酷航空,TR897,ICN,TPE,2025-09-24,2025-09-24,22:50,00:30,0,3691,0,202
酷航空,TR899,NRT,TPE,2025-09-26,2025-09-26,12:25,14:55,0,4208,0,202
酷航空,TR899,NRT,TPE,2025-09-28,2025-09-28,12:25,14:55,0,4209,0,202
酷航空,TR899,NRT,TPE,2025-09-23,2025-09-23,12:30,14:55,0,4210,0,202
酷航空,TR899,NRT,TPE,2025-09-25,2025-09-25,12:55,15:50,0,4211,0,202
酷航空,TR899,NRT,TPE,2025-09-27,2025-09-27,12:55,15:50,0,4212,0,202
酷航空,TR899,NRT,TPE,2025-09-22,2025-09-22,13:00,15:50,0,4213,0,202
酷航空,TR875,NRT,TPE,2025-09-23,2025-09-23,20:10,23:00,0,4208,0,202
酷航空,TR875,NRT,TPE,2025-09-25,2025-09-25,20:10,23:00,0,4209,0,202
酷航空,TR875,NRT,TPE,2025-09-26,2025-09-26,20:30,23:20,0,4210,0,202
酷航空,TR875,NRT,TPE,2025-09-27,2025-09-27,00:05,04:45,0,4211,0,202
酷航空,TR875,NRT,TPE,2025-10-02,2025-10-02,20:10,23:00,0,4212,0,202
酷航空,TR893,CTS,TPE,2025-10-02,2025-10-02,17:30,20:45,0,7680,0,202
酷航空,TR893,CTS,TPE,2025-10-04,2025-10-04,17:30,20:45,0,7680,0,202
酷航空,TR893,CTS,TPE,2025-10-05,2025-10-05,17:30,20:45,0,7680,0,202
酷航空,TR893,CTS,TPE,2025-09-29,2025-09-30,17:30,20:45,0,7680,0,202
酷航空,TR897,ICN,TPE,2025-10-01,2025-10-02,22:50,00:30,0,3687,0,202
酷航空,TR897,ICN,TPE,2025-10-02,2025-10-03,22:50,00:30,0,3688,0,202
酷航空,TR897,ICN,TPE,2025-10-03,2025-10-04,22:50,00:30,0,3689,0,202
酷航空,TR897,ICN,TPE,2025-10-05,2025-10-06,22:50,00:30,0,3690,0,202
酷航空,TR897,ICN,TPE,2025-10-01,2025-10-01,22:50,00:30,0,3691,0,202
酷航空,TR899,NRT,TPE,2025-10-03,2025-10-03,12:25,14:55,0,4208,0,202
酷航空,TR899,NRT,TPE,2025-10-05,2025-10-05,12:25,14:55,0,4209,0,202
酷航空,TR899,NRT,TPE,2025-09-30,2025-09-30,12:30,14:55,0,4210,0,202
酷航空,TR899,NRT,TPE,2025-10-02,2025-10-02,12:55,15:50,0,4211,0,202
酷航空,TR899,NRT,TPE,2025-10-04,2025-10-04,12:55,15:50,0,4212,0,202
酷航空,TR899,NRT,TPE,2025-09-29,2025-09-29,13:00,15:50,0,4213,0,202
酷航空,TR875,NRT,TPE,2025-09-30,2025-09-30,20:10,23:00,0,4208,0,202
酷航空,TR875,NRT,TPE,2025-10-02,2025-10-02,20:10,23:00,0,4209,0,202
酷航空,TR875,NRT,TPE,2025-10-03,2025-10-03,20:30,23:20,0,4210,0,202
酷航空,TR875,NRT,TPE,2025-10-04,2025-10-04,00:05,04:45,0,4211,0,202
酷航空,TR875,NRT,TPE,2025-10-09,2025-10-09,20:10,23:00,0,4212,0,202
酷航空,TR893,CTS,TPE,2025-10-09,2025-10-09,17:30,20:45,0,7680,0,202
酷航空,TR893,CTS,TPE,2025-10-11,2025-10-11,17:30,20:45,0,7680,0,202
酷航空,TR893,CTS,TPE,2025-10-12,2025-10-12,17:30,20:45,0,7680,0,202
酷航空,TR893,CTS,TPE,2025-10-06,2025-10-07,17:30,20:45,0,7680,0,202
酷航空,TR897,ICN,TPE,2025-10-08,2025-10-09,22:50,00:30,0,3687,0,202
酷航空,TR897,ICN,TPE,2025-10-09,2025-10-10,22:50,00:30,0,3688,0,202
酷航空,TR897,ICN,TPE,2025-10-10,2025-10-11,22:50,00:30,0,3689,0,202
酷航空,TR897,ICN,TPE,2025-10-12,2025-10-13,22:50,00:30,0,3690,0,202
酷航空,TR897,ICN,TPE,2025-10-08,2025-10-08,22:50,00:30,0,3691,0,202
酷航空,TR899,NRT,TPE,2025-10-10,2025-10-10,12:25,14:55,0,4208,0,202
酷航空,TR899,NRT,TPE,2025-10-12,2025-10-12,12:25,14:55,0,4209,0,202
酷航空,TR899,NRT,TPE,2025-10-07,2025-10-07,12:30,14:55,0,4210,0,202
酷航空,TR899,NRT,TPE,2025-10-09,2025-10-09,12:55,15:50,0,4211,0,202
酷航空,TR899,NRT,TPE,2025-10-11,2025-10-11,12:55,15:50,0,4212,0,202
酷航空,TR899,NRT,TPE,2025-10-06,2025-10-06,13:00,15:50,0,4213,0,202
酷航空,TR875,NRT,TPE,2025-10-07,2025-10-07,20:10,23:00,0,4208,0,202
酷航空,TR875,NRT,TPE,2025-10-09,2025-10-09,20:10,23:00,0,4209,0,202
酷航空,TR875,NRT,TPE,2025-10-10,2025-10-10,20:30,23:20,0,4210,0,202
酷航空,TR875,NRT,TPE,2025-10-11,2025-10-11,00:05,04:45,0,4211,0,202
酷航空,TR875,NRT,TPE,2025-10-16,2025-10-16,20:10,23:00,0,4212,0,202
酷航空,TR893,CTS,TPE,2025-10-16,2025-10-16,17:30,20:45,0,7680,0,202
酷航空,TR893,CTS,TPE,2025-10-18,2025-10-18,17:30,20:45,0,7680,0,202
酷航空,TR893,CTS,TPE,2025-10-19,2025-10-19,17:30,20:45,0,7680,0,202
酷航空,TR893,CTS,TPE,2025-10-13,2025-10-14,17:30,20:45,0,7680,0,202
酷航空,TR897,ICN,TPE,2025-10-15,2025-10-16,22:50,00:30,0,3687,0,202
酷航空,TR897,ICN,TPE,2025-10-16,2025-10-17,22:50,00:30,0,3688,0,202
酷航空,TR897,ICN,TPE,2025-10-17,2025-10-18,22:50,00:30,0,3689,0,202
酷航空,TR897,ICN,TPE,2025-10-19,2025-10-20,22:50,00:30,0,3690,0,202
酷航空,TR897,ICN,TPE,2025-10-15,2025-10-15,22:50,00:30,0,3691,0,202
酷航空,TR899,NRT,TPE,2025-10-17,2025-10-17,12:25,14:55,0,4208,0,202
酷航空,TR899,NRT,TPE,2025-10-19,2025-10-19,12:25,14:55,0,4209,0,202
酷航空,TR899,NRT,TPE,2025-10-14,2025-10-14,12:30,14:55,0,4210,0,202
酷航空,TR899,NRT,TPE,2025-10-16,2025-10-16,12:55,15:50,0,4211,0,202
酷航空,TR899,NRT,TPE,2025-10-18,2025-10-18,12:55,15:50,0,4212,0,202
酷航空,TR899,NRT,TPE,2025-10-13,2025-10-13,13:00,15:50,0,4213,0,202
酷航空,TR875,NRT,TPE,2025-10-14,2025-10-14,20:10,23:00,0,4208,0,202
酷航空,TR875,NRT,TPE,2025-10-16,2025-10-16,20:10,23:00,0,4209,0,202
酷航空,TR875,NRT,TPE,2025-10-17,2025-10-17,20:30,23:20,0,4210,0,202
酷航空,TR875,NRT,TPE,2025-10-18,2025-10-18,00:05,04:45,0,4211,0,202
酷航空,TR875,NRT,TPE,2025-10-23,2025-10-23,20:10,23:00,0,4212,0,202
酷航空,TR893,CTS,TPE,2025-10-23,2025-10-23,17:30,20:45,0,7680,0,202
酷航空,TR893,CTS,TPE,2025-10-25,2025-10-25,17:30,20:45,0,7680,0,202
酷航空,TR893,CTS,TPE,2025-10-26,2025-10-26,17:30,20:45,0,7680,0,202
酷航空,TR893,CTS,TPE,2025-10-20,2025-10-21,17:30,20:45,0,7680,0,202
酷航空,TR897,ICN,TPE,2025-10-22,2025-10-23,22:50,00:30,0,3687,0,202
酷航空,TR897,ICN,TPE,2025-10-23,2025-10-24,22:50,00:30,0,3688,0,202
酷航空,TR897,ICN,TPE,2025-10-24,2025-10-25,22:50,00:30,0,3689,0,202
酷航空,TR897,ICN,TPE,2025-10-26,2025-10-27,22:50,00:30,0,3690,0,202
酷航空,TR897,ICN,TPE,2025-10-22,2025-10-22,22:50,00:30,0,3691,0,202
酷航空,TR899,NRT,TPE,2025-10-24,2025-10-24,12:25,14:55,0,4208,0,202
酷航空,TR899,NRT,TPE,2025-10-26,2025-10-26,12:25,14:55,0,4209,0,202
酷航空,TR899,NRT,TPE,2025-10-21,2025-10-21,12:30,14:55,0,4210,0,202
酷航空,TR899,NRT,TPE,2025-10-23,2025-10-23,12:55,15:50,0,4211,0,202
酷航空,TR899,NRT,TPE,2025-10-25,2025-10-25,12:55,15:50,0,4212,0,202
酷航空,TR899,NRT,TPE,2025-10-20,2025-10-20,13:00,15:50,0,4213,0,202
酷航空,TR875,NRT,TPE,2025-10-21,2025-10-21,20:10,23:00,0,4208,0,202
酷航空,TR875,NRT,TPE,2025-10-23,2025-10-23,20:10,23:00,0,4209,0,202
酷航空,TR875,NRT,TPE,2025-10-24,2025-10-24,20:30,23:20,0,4210,0,202
酷航空,TR875,NRT,TPE,2025-10-25,2025-10-25,00:05,04:45,0,4211,0,202
酷航空,TR875,NRT,TPE,2025-10-30,2025-10-30,20:10,23:00,0,4212,0,202
酷航空,TR893,CTS,TPE,2025-10-30,2025-10-30,17:30,20:45,0,7680,0,202
酷航空,TR893,CTS,TPE,2025-11-01,2025-11-01,17:30,20:45,0,7680,0,202
酷航空,TR893,CTS,TPE,2025-11-02,2025-11-02,17:30,20:45,0,7680,0,202
酷航空,TR893,CTS,TPE,2025-10-27,2025-10-28,17:30,20:45,0,7680,0,202
酷航空,TR897,ICN,TPE,2025-10-29,2025-10-30,22:50,00:30,0,3687,0,202
酷航空,TR897,ICN,TPE,2025-10-30,2025-10-31,22:50,00:30,0,3688,0,202
酷航空,TR897,ICN,TPE,2025-10-31,2025-11-01,22:50,00:30,0,3689,0,202
酷航空,TR897,ICN,TPE,2025-11-02,2025-11-03,22:50,00:30,0,3690,0,202
酷航空,TR897,ICN,TPE,2025-10-29,2025-10-29,22:50,00:30,0,3691,0,202
酷航空,TR899,NRT,TPE,2025-10-31,2025-10-31,12:25,14:55,0,4208,0,202
酷航空,TR899,NRT,TPE,2025-11-02,2025-11-02,12:25,14:55,0,4209,0,202
酷航空,TR899,NRT,TPE,2025-10-28,2025-10-28,12:30,14:55,0,4210,0,202
酷航空,TR899,NRT,TPE,2025-10-30,2025-10-30,12:55,15:50,0,4211,0,202
酷航空,TR899,NRT,TPE,2025-11-01,2025-11-01,12:55,15:50,0,4212,0,202
酷航空,TR899,NRT,TPE,2025-10-27,2025-10-27,13:00,15:50,0,4213,0,202
酷航空,TR875,NRT,TPE,2025-10-28,2025-10-28,20:10,23:00,0,4208,0,202
酷航空,TR875,NRT,TPE,2025-10-30,2025-10-30,20:10,23:00,0,4209,0,202
酷航空,TR875,NRT,TPE,2025-10-31,2025-10-31,20:30,23:20,0,4210,0,202
酷航空,TR875,NRT,TPE,2025-11-01,2025-11-01,00:05,04:45,0,4211,0,202
酷航空,TR875,NRT,TPE,2025-11-06,2025-11-06,20:10,23:00,0,4212,0,202
