馬來西亞航空,MH9797,NRT,TPE,2024-10-28,2024-10-28,18:10,20:55,24785,11345,28,255
馬來西亞航空,MH9797,NRT,TPE,2024-10-29,2024-10-29,18:10,20:55,24785,11345,28,255
馬來西亞航空,MH9797,NRT,TPE,2024-10-30,2024-10-30,18:10,20:55,24785,11345,28,255
馬來西亞航空,MH9797,NRT,TPE,2024-10-31,2024-10-31,18:10,20:55,24785,11345,28,255
馬來西亞航空,MH9797,NRT,TPE,2024-11-01,2024-11-01,18:10,20:55,24785,11345,28,255
馬來西亞航空,MH9797,NRT,TPE,2024-11-02,2024-11-02,18:10,20:55,24785,11345,28,255
馬來西亞航空,MH9797,NRT,TPE,2024-11-03,2024-11-03,18:10,20:55,24785,11345,28,255
馬來西亞航空,MH5605,OKA,TPE,2024-10-28,2024-10-28,20:35,21:10,19420,11734,16,214
馬來西亞航空,MH5605,OKA,TPE,2024-10-29,2024-10-29,20:35,21:10,19420,11734,16,214
馬來西亞航空,MH5605,OKA,TPE,2024-10-30,2024-10-30,20:35,21:10,19420,11734,16,214
馬來西亞航空,MH5605,OKA,TPE,2024-10-31,2024-10-31,20:35,21:10,19420,11734,16,214
馬來西亞航空,MH5605,OKA,TPE,2024-11-01,2024-11-01,20:35,21:10,19420,11734,16,214
馬來西亞航空,MH5605,OKA,TPE,2024-11-02,2024-11-02,20:35,21:10,19420,11734,16,214
馬來西亞航空,MH5605,OKA,TPE,2024-11-03,2024-11-03,20:35,21:10,19420,11734,16,214
馬來西亞航空,MH5597,OKA,TPE,2024-10-28,2024-10-28,11:50,12:25,19420,12020,16,214
馬來西亞航空,MH5597,OKA,TPE,2024-10-29,2024-10-29,11:50,12:25,19420,12020,16,214
馬來西亞航空,MH5597,OKA,TPE,2024-10-30,2024-10-30,11:50,12:25,19420,12020,16,214
馬來西亞航空,MH5597,OKA,TPE,2024-10-31,2024-10-31,11:50,12:25,19420,12020,16,214
馬來西亞航空,MH5597,OKA,TPE,2024-11-01,2024-11-01,11:50,12:25,19420,12020,16,214
馬來西亞航空,MH5597,OKA,TPE,2024-11-02,2024-11-02,11:50,12:25,19420,12020,16,214
馬來西亞航空,MH5597,OKA,TPE,2024-11-03,2024-11-03,11:50,12:25,19420,12020,16,214
馬來西亞航空,MH9797,NRT,TPE,2024-11-05,2024-11-05,18:10,20:55,24785,11345,28,255
馬來西亞航空,MH9797,NRT,TPE,2024-11-06,2024-11-06,18:10,20:55,24785,11345,28,255
馬來西亞航空,MH9797,NRT,TPE,2024-11-07,2024-11-07,18:10,20:55,24785,11345,28,255
馬來西亞航空,MH9797,NRT,TPE,2024-11-08,2024-11-08,18:10,20:55,24785,11345,28,255
馬來西亞航空,MH9797,NRT,TPE,2024-11-09,2024-11-09,18:10,20:55,24785,11345,28,255
馬來西亞航空,MH9797,NRT,TPE,2024-11-10,2024-11-10,18:10,20:55,24785,11345,28,255
馬來西亞航空,MH9797,NRT,TPE,2024-11-04,2024-11-04,18:10,20:55,24785,11345,28,255
馬來西亞航空,MH5605,OKA,TPE,2024-11-05,2024-11-05,20:35,21:10,19420,11734,16,214
馬來西亞航空,MH5605,OKA,TPE,2024-11-06,2024-11-06,20:35,21:10,19420,11734,16,214
馬來西亞航空,MH5605,OKA,TPE,2024-11-07,2024-11-07,20:35,21:10,19420,11734,16,214
馬來西亞航空,MH5605,OKA,TPE,2024-11-08,2024-11-08,20:35,21:10,19420,11734,16,214
馬來西亞航空,MH5605,OKA,TPE,2024-11-09,2024-11-09,20:35,21:10,19420,11734,16,214
馬來西亞航空,MH5605,OKA,TPE,2024-11-10,2024-11-10,20:35,21:10,19420,11734,16,214
馬來西亞航空,MH5605,OKA,TPE,2024-11-04,2024-11-04,20:35,21:10,19420,11734,16,214
馬來西亞航空,MH5597,OKA,TPE,2024-11-05,2024-11-05,11:50,12:25,19420,12020,16,214
馬來西亞航空,MH5597,OKA,TPE,2024-11-06,2024-11-06,11:50,12:25,19420,12020,16,214
馬來西亞航空,MH5597,OKA,TPE,2024-11-07,2024-11-07,11:50,12:25,19420,12020,16,214
馬來西亞航空,MH5597,OKA,TPE,2024-11-08,2024-11-08,11:50,12:25,19420,12020,16,214
馬來西亞航空,MH5597,OKA,TPE,2024-11-09,2024-11-09,11:50,12:25,19420,12020,16,214
馬來西亞航空,MH5597,OKA,TPE,2024-11-10,2024-11-10,11:50,12:25,19420,12020,16,214
馬來西亞航空,MH5597,OKA,TPE,2024-11-12,2024-11-12,11:50,12:25,19420,12020,16,214
馬來西亞航空,MH9797,NRT,TPE,2024-11-12,2024-11-12,18:10,20:55,24785,11345,28,255
馬來西亞航空,MH9797,NRT,TPE,2024-11-13,2024-11-13,18:10,20:55,24785,11345,28,255
馬來西亞航空,MH9797,NRT,TPE,2024-11-14,2024-11-14,18:10,20:55,24785,11345,28,255
馬來西亞航空,MH9797,NRT,TPE,2024-11-15,2024-11-15,18:10,20:55,24785,11345,28,255
馬來西亞航空,MH9797,NRT,TPE,2024-11-16,2024-11-16,18:10,20:55,24785,11345,28,255
馬來西亞航空,MH9797,NRT,TPE,2024-11-17,2024-11-17,18:10,20:55,24785,11345,28,255
馬來西亞航空,MH9797,NRT,TPE,2024-11-11,2024-11-11,18:10,20:55,24785,11345,28,255
馬來西亞航空,MH5605,OKA,TPE,2024-11-12,2024-11-12,20:35,21:10,19420,11734,16,214
馬來西亞航空,MH5605,OKA,TPE,2024-11-13,2024-11-13,20:35,21:10,19420,11734,16,214
馬來西亞航空,MH5605,OKA,TPE,2024-11-14,2024-11-14,20:35,21:10,19420,11734,16,214
馬來西亞航空,MH5605,OKA,TPE,2024-11-15,2024-11-15,20:35,21:10,19420,11734,16,214
馬來西亞航空,MH5605,OKA,TPE,2024-11-16,2024-11-16,20:35,21:10,19420,11734,16,214
馬來西亞航空,MH5605,OKA,TPE,2024-11-17,2024-11-17,20:35,21:10,19420,11734,16,214
馬來西亞航空,MH5605,OKA,TPE,2024-11-11,2024-11-11,20:35,21:10,19420,11734,16,214
馬來西亞航空,MH5597,OKA,TPE,2024-11-12,2024-11-12,11:50,12:25,19420,12020,16,214
馬來西亞航空,MH5597,OKA,TPE,2024-11-13,2024-11-13,11:50,12:25,19420,12020,16,214
馬來西亞航空,MH5597,OKA,TPE,2024-11-14,2024-11-14,11:50,12:25,19420,12020,16,214
馬來西亞航空,MH5597,OKA,TPE,2024-11-15,2024-11-15,11:50,12:25,19420,12020,16,214
馬來西亞航空,MH5597,OKA,TPE,2024-11-16,2024-11-16,11:50,12:25,19420,12020,16,214
馬來西亞航空,MH5597,OKA,TPE,2024-11-17,2024-11-17,11:50,12:25,19420,12020,16,214
馬來西亞航空,MH5597,OKA,TPE,2024-11-19,2024-11-19,11:50,12:25,19420,12020,16,214
馬來西亞航空,MH9797,NRT,TPE,2024-11-19,2024-11-19,18:10,20:55,24785,11345,28,255
馬來西亞航空,MH9797,NRT,TPE,2024-11-20,2024-11-20,18:10,20:55,24785,11345,28,255
馬來西亞航空,MH9797,NRT,TPE,2024-11-21,2024-11-21,18:10,20:55,24785,11345,28,255
馬來西亞航空,MH9797,NRT,TPE,2024-11-22,2024-11-22,18:10,20:55,24785,11345,28,255
馬來西亞航空,MH9797,NRT,TPE,2024-11-23,2024-11-23,18:10,20:55,24785,11345,28,255
馬來西亞航空,MH9797,NRT,TPE,2024-11-24,2024-11-24,18:10,20:55,24785,11345,28,255
馬來西亞航空,MH9797,NRT,TPE,2024-11-18,2024-11-18,18:10,20:55,24785,11345,28,255
馬來西亞航空,MH5605,OKA,TPE,2024-11-19,2024-11-19,20:35,21:10,19420,11734,16,214
馬來西亞航空,MH5605,OKA,TPE,2024-11-20,2024-11-20,20:35,21:10,19420,11734,16,214
馬來西亞航空,MH5605,OKA,TPE,2024-11-21,2024-11-21,20:35,21:10,19420,11734,16,214
馬來西亞航空,MH5605,OKA,TPE,2024-11-22,2024-11-22,20:35,21:10,19420,11734,16,214
馬來西亞航空,MH5605,OKA,TPE,2024-11-23,2024-11-23,20:35,21:10,19420,11734,16,214
馬來西亞航空,MH5605,OKA,TPE,2024-11-24,2024-11-24,20:35,21:10,19420,11734,16,214
馬來西亞航空,MH5605,OKA,TPE,2024-11-18,2024-11-18,20:35,21:10,19420,11734,16,214
馬來西亞航空,MH5597,OKA,TPE,2024-11-19,2024-11-19,11:50,12:25,19420,12020,16,214
馬來西亞航空,MH5597,OKA,TPE,2024-11-20,2024-11-20,11:50,12:25,19420,12020,16,214
馬來西亞航空,MH5597,OKA,TPE,2024-11-21,2024-11-21,11:50,12:25,19420,12020,16,214
馬來西亞航空,MH5597,OKA,TPE,2024-11-22,2024-11-22,11:50,12:25,19420,12020,16,214
馬來西亞航空,MH5597,OKA,TPE,2024-11-23,2024-11-23,11:50,12:25,19420,12020,16,214
馬來西亞航空,MH5597,OKA,TPE,2024-11-24,2024-11-24,11:50,12:25,19420,12020,16,214
馬來西亞航空,MH5597,OKA,TPE,2024-11-26,2024-11-26,11:50,12:25,19420,12020,16,214
馬來西亞航空,MH9797,NRT,TPE,2024-11-26,2024-11-26,18:10,20:55,24785,11345,28,255
馬來西亞航空,MH9797,NRT,TPE,2024-11-27,2024-11-27,18:10,20:55,24785,11345,28,255
馬來西亞航空,MH9797,NRT,TPE,2024-11-28,2024-11-28,18:10,20:55,24785,11345,28,255
馬來西亞航空,MH9797,NRT,TPE,2024-11-29,2024-11-29,18:10,20:55,24785,11345,28,255
馬來西亞航空,MH9797,NRT,TPE,2024-11-30,2024-11-30,18:10,20:55,24785,11345,28,255
馬來西亞航空,MH9797,NRT,TPE,2024-12-01,2024-12-01,18:10,20:55,24785,11345,28,255
馬來西亞航空,MH9797,NRT,TPE,2024-11-25,2024-11-25,18:10,20:55,24785,11345,28,255
馬來西亞航空,MH5605,OKA,TPE,2024-11-26,2024-11-26,20:35,21:10,19420,11734,16,214
馬來西亞航空,MH5605,OKA,TPE,2024-11-27,2024-11-27,20:35,21:10,19420,11734,16,214
馬來西亞航空,MH5605,OKA,TPE,2024-11-28,2024-11-28,20:35,21:10,19420,11734,16,214
馬來西亞航空,MH5605,OKA,TPE,2024-11-29,2024-11-29,20:35,21:10,19420,11734,16,214
馬來西亞航空,MH5605,OKA,TPE,2024-11-30,2024-11-30,20:35,21:10,19420,11734,16,214
馬來西亞航空,MH5605,OKA,TPE,2024-12-01,2024-12-01,20:35,21:10,19420,11734,16,214
馬來西亞航空,MH5605,OKA,TPE,2024-11-25,2024-11-25,20:35,21:10,19420,11734,16,214
馬來西亞航空,MH5597,OKA,TPE,2024-11-26,2024-11-26,11:50,12:25,19420,12020,16,214
馬來西亞航空,MH5597,OKA,TPE,2024-11-27,2024-11-27,11:50,12:25,19420,12020,16,214
馬來西亞航空,MH5597,OKA,TPE,2024-11-28,2024-11-28,11:50,12:25,19420,12020,16,214
馬來西亞航空,MH5597,OKA,TPE,2024-11-29,2024-11-29,11:50,12:25,19420,12020,16,214
馬來西亞航空,MH5597,OKA,TPE,2024-11-30,2024-11-30,11:50,12:25,19420,12020,16,214
馬來西亞航空,MH5597,OKA,TPE,2024-12-01,2024-12-01,11:50,12:25,19420,12020,16,214
馬來西亞航空,MH5597,OKA,TPE,2024-12-03,2024-12-03,11:50,12:25,19420,12020,16,214
馬來西亞航空,MH9797,NRT,TPE,2024-12-03,2024-12-03,18:10,20:55,24785,11345,28,255
馬來西亞航空,MH9797,NRT,TPE,2024-12-04,2024-12-04,18:10,20:55,24785,11345,28,255
馬來西亞航空,MH9797,NRT,TPE,2024-12-05,2024-12-05,18:10,20:55,24785,11345,28,255
馬來西亞航空,MH9797,NRT,TPE,2024-12-06,2024-12-06,18:10,20:55,24785,11345,28,255
馬來西亞航空,MH9797,NRT,TPE,2024-12-07,2024-12-07,18:10,20:55,24785,11345,28,255
馬來西亞航空,MH9797,NRT,TPE,2024-12-08,2024-12-08,18:10,20:55,24785,11345,28,255
馬來西亞航空,MH9797,NRT,TPE,2024-12-02,2024-12-02,18:10,20:55,24785,11345,28,255
馬來西亞航空,MH5605,OKA,TPE,2024-12-03,2024-12-03,20:35,21:10,19420,11734,16,214
馬來西亞航空,MH5605,OKA,TPE,2024-12-04,2024-12-04,20:35,21:10,19420,11734,16,214
馬來西亞航空,MH5605,OKA,TPE,2024-12-05,2024-12-05,20:35,21:10,19420,11734,16,214
馬來西亞航空,MH5605,OKA,TPE,2024-12-06,2024-12-06,20:35,21:10,19420,11734,16,214
馬來西亞航空,MH5605,OKA,TPE,2024-12-07,2024-12-07,20:35,21:10,19420,11734,16,214
馬來西亞航空,MH5605,OKA,TPE,2024-12-08,2024-12-08,20:35,21:10,19420,11734,16,214
馬來西亞航空,MH5605,OKA,TPE,2024-12-02,2024-12-02,20:35,21:10,19420,11734,16,214
馬來西亞航空,MH5597,OKA,TPE,2024-12-03,2024-12-03,11:50,12:25,19420,12020,16,214
馬來西亞航空,MH5597,OKA,TPE,2024-12-04,2024-12-04,11:50,12:25,19420,12020,16,214
馬來西亞航空,MH5597,OKA,TPE,2024-12-05,2024-12-05,11:50,12:25,19420,12020,16,214
馬來西亞航空,MH5597,OKA,TPE,2024-12-06,2024-12-06,11:50,12:25,19420,12020,16,214
馬來西亞航空,MH5597,OKA,TPE,2024-12-07,2024-12-07,11:50,12:25,19420,12020,16,214
馬來西亞航空,MH5597,OKA,TPE,2024-12-08,2024-12-08,11:50,12:25,19420,12020,16,214
馬來西亞航空,MH5597,OKA,TPE,2024-12-10,2024-12-10,11:50,12:25,19420,12020,16,214
馬來西亞航空,MH9797,NRT,TPE,2024-12-10,2024-12-10,18:10,20:55,24785,11345,28,255
馬來西亞航空,MH9797,NRT,TPE,2024-12-11,2024-12-11,18:10,20:55,24785,11345,28,255
馬來西亞航空,MH9797,NRT,TPE,2024-12-12,2024-12-12,18:10,20:55,24785,11345,28,255
馬來西亞航空,MH9797,NRT,TPE,2024-12-13,2024-12-13,18:10,20:55,24785,11345,28,255
馬來西亞航空,MH9797,NRT,TPE,2024-12-14,2024-12-14,18:10,20:55,24785,11345,28,255
馬來西亞航空,MH9797,NRT,TPE,2024-12-15,2024-12-15,18:10,20:55,24785,11345,28,255
馬來西亞航空,MH9797,NRT,TPE,2024-12-09,2024-12-09,18:10,20:55,24785,11345,28,255
馬來西亞航空,MH5605,OKA,TPE,2024-12-10,2024-12-10,20:35,21:10,19420,11734,16,214
馬來西亞航空,MH5605,OKA,TPE,2024-12-11,2024-12-11,20:35,21:10,19420,11734,16,214
馬來西亞航空,MH5605,OKA,TPE,2024-12-12,2024-12-12,20:35,21:10,19420,11734,16,214
馬來西亞航空,MH5605,OKA,TPE,2024-12-13,2024-12-13,20:35,21:10,19420,11734,16,214
馬來西亞航空,MH5605,OKA,TPE,2024-12-14,2024-12-14,20:35,21:10,19420,11734,16,214
馬來西亞航空,MH5605,OKA,TPE,2024-12-15,2024-12-15,20:35,21:10,19420,11734,16,214
馬來西亞航空,MH5605,OKA,TPE,2024-12-09,2024-12-09,20:35,21:10,19420,11734,16,214
馬來西亞航空,MH5597,OKA,TPE,2024-12-10,2024-12-10,11:50,12:25,19420,12020,16,214
馬來西亞航空,MH5597,OKA,TPE,2024-12-11,2024-12-11,11:50,12:25,19420,12020,16,214
馬來西亞航空,MH5597,OKA,TPE,2024-12-12,2024-12-12,11:50,12:25,19420,12020,16,214
馬來西亞航空,MH5597,OKA,TPE,2024-12-13,2024-12-13,11:50,12:25,19420,12020,16,214
馬來西亞航空,MH5597,OKA,TPE,2024-12-14,2024-12-14,11:50,12:25,19420,12020,16,214
馬來西亞航空,MH5597,OKA,TPE,2024-12-15,2024-12-15,11:50,12:25,19420,12020,16,214
馬來西亞航空,MH5597,OKA,TPE,2024-12-17,2024-12-17,11:50,12:25,19420,12020,16,214
馬來西亞航空,MH9797,NRT,TPE,2024-12-17,2024-12-17,18:10,20:55,24785,11345,28,255
馬來西亞航空,MH9797,NRT,TPE,2024-12-18,2024-12-18,18:10,20:55,24785,11345,28,255
馬來西亞航空,MH9797,NRT,TPE,2024-12-19,2024-12-19,18:10,20:55,24785,11345,28,255
馬來西亞航空,MH9797,NRT,TPE,2024-12-20,2024-12-20,18:10,20:55,24785,11345,28,255
馬來西亞航空,MH9797,NRT,TPE,2024-12-21,2024-12-21,18:10,20:55,24785,11345,28,255
馬來西亞航空,MH9797,NRT,TPE,2024-12-22,2024-12-22,18:10,20:55,24785,11345,28,255
馬來西亞航空,MH9797,NRT,TPE,2024-12-16,2024-12-16,18:10,20:55,24785,11345,28,255
馬來西亞航空,MH5605,OKA,TPE,2024-12-17,2024-12-17,20:35,21:10,19420,11734,16,214
馬來西亞航空,MH5605,OKA,TPE,2024-12-18,2024-12-18,20:35,21:10,19420,11734,16,214
馬來西亞航空,MH5605,OKA,TPE,2024-12-19,2024-12-19,20:35,21:10,19420,11734,16,214
馬來西亞航空,MH5605,OKA,TPE,2024-12-20,2024-12-20,20:35,21:10,19420,11734,16,214
馬來西亞航空,MH5605,OKA,TPE,2024-12-21,2024-12-21,20:35,21:10,19420,11734,16,214
馬來西亞航空,MH5605,OKA,TPE,2024-12-22,2024-12-22,20:35,21:10,19420,11734,16,214
馬來西亞航空,MH5605,OKA,TPE,2024-12-16,2024-12-16,20:35,21:10,19420,11734,16,214
馬來西亞航空,MH5597,OKA,TPE,2024-12-17,2024-12-17,11:50,12:25,19420,12020,16,214
馬來西亞航空,MH5597,OKA,TPE,2024-12-18,2024-12-18,11:50,12:25,19420,12020,16,214
馬來西亞航空,MH5597,OKA,TPE,2024-12-19,2024-12-19,11:50,12:25,19420,12020,16,214
馬來西亞航空,MH5597,OKA,TPE,2024-12-20,2024-12-20,11:50,12:25,19420,12020,16,214
馬來西亞航空,MH5597,OKA,TPE,2024-12-21,2024-12-21,11:50,12:25,19420,12020,16,214
馬來西亞航空,MH5597,OKA,TPE,2024-12-22,2024-12-22,11:50,12:25,19420,12020,16,214
馬來西亞航空,MH5597,OKA,TPE,2024-12-24,2024-12-24,11:50,12:25,19420,12020,16,214
馬來西亞航空,MH9797,NRT,TPE,2024-12-24,2024-12-24,18:10,20:55,24785,11345,28,255
馬來西亞航空,MH9797,NRT,TPE,2024-12-25,2024-12-25,18:10,20:55,24785,11345,28,255
馬來西亞航空,MH9797,NRT,TPE,2024-12-26,2024-12-26,18:10,20:55,24785,11345,28,255
馬來西亞航空,MH9797,NRT,TPE,2024-12-27,2024-12-27,18:10,20:55,24785,11345,28,255
馬來西亞航空,MH9797,NRT,TPE,2024-12-28,2024-12-28,18:10,20:55,24785,11345,28,255
馬來西亞航空,MH9797,NRT,TPE,2024-12-29,2024-12-29,18:10,20:55,24785,11345,28,255
馬來西亞航空,MH9797,NRT,TPE,2024-12-23,2024-12-23,18:10,20:55,24785,11345,28,255
馬來西亞航空,MH5605,OKA,TPE,2024-12-24,2024-12-24,20:35,21:10,19420,11734,16,214
馬來西亞航空,MH5605,OKA,TPE,2024-12-25,2024-12-25,20:35,21:10,19420,11734,16,214
馬來西亞航空,MH5605,OKA,TPE,2024-12-26,2024-12-26,20:35,21:10,19420,11734,16,214
馬來西亞航空,MH5605,OKA,TPE,2024-12-27,2024-12-27,20:35,21:10,19420,11734,16,214
馬來西亞航空,MH5605,OKA,TPE,2024-12-28,2024-12-28,20:35,21:10,19420,11734,16,214
馬來西亞航空,MH5605,OKA,TPE,2024-12-29,2024-12-29,20:35,21:10,19420,11734,16,214
馬來西亞航空,MH5605,OKA,TPE,2024-12-23,2024-12-23,20:35,21:10,19420,11734,16,214
馬來西亞航空,MH5597,OKA,TPE,2024-12-24,2024-12-24,11:50,12:25,19420,12020,16,214
馬來西亞航空,MH5597,OKA,TPE,2024-12-25,2024-12-25,11:50,12:25,19420,12020,16,214
馬來西亞航空,MH5597,OKA,TPE,2024-12-26,2024-12-26,11:50,12:25,19420,12020,16,214
馬來西亞航空,MH5597,OKA,TPE,2024-12-27,2024-12-27,11:50,12:25,19420,12020,16,214
馬來西亞航空,MH5597,OKA,TPE,2024-12-28,2024-12-28,11:50,12:25,19420,12020,16,214
馬來西亞航空,MH5597,OKA,TPE,2024-12-29,2024-12-29,11:50,12:25,19420,12020,16,214
馬來西亞航空,MH5597,OKA,TPE,2024-12-31,2024-12-31,11:50,12:25,19420,12020,16,214
馬來西亞航空,MH9797,NRT,TPE,2024-12-31,2024-12-31,18:10,20:55,24785,11345,28,255
馬來西亞航空,MH9797,NRT,TPE,2025-01-01,2025-01-01,18:10,20:55,24785,11345,28,255
馬來西亞航空,MH9797,NRT,TPE,2025-01-02,2025-01-02,18:10,20:55,24785,11345,28,255
馬來西亞航空,MH9797,NRT,TPE,2025-01-03,2025-01-03,18:10,20:55,24785,11345,28,255
馬來西亞航空,MH9797,NRT,TPE,2025-01-04,2025-01-04,18:10,20:55,24785,11345,28,255
馬來西亞航空,MH9797,NRT,TPE,2025-01-05,2025-01-05,18:10,20:55,24785,11345,28,255
馬來西亞航空,MH9797,NRT,TPE,2024-12-30,2024-12-30,18:10,20:55,24785,11345,28,255
馬來西亞航空,MH5605,OKA,TPE,2024-12-31,2024-12-31,20:35,21:10,19420,11734,16,214
馬來西亞航空,MH5605,OKA,TPE,2025-01-01,2025-01-01,20:35,21:10,19420,11734,16,214
馬來西亞航空,MH5605,OKA,TPE,2025-01-02,2025-01-02,20:35,21:10,19420,11734,16,214
馬來西亞航空,MH5605,OKA,TPE,2025-01-03,2025-01-03,20:35,21:10,19420,11734,16,214
馬來西亞航空,MH5605,OKA,TPE,2025-01-04,2025-01-04,20:35,21:10,19420,11734,16,214
馬來西亞航空,MH5605,OKA,TPE,2025-01-05,2025-01-05,20:35,21:10,19420,11734,16,214
馬來西亞航空,MH5605,OKA,TPE,2024-12-30,2024-12-30,20:35,21:10,19420,11734,16,214
馬來西亞航空,MH5597,OKA,TPE,2024-12-31,2024-12-31,11:50,12:25,19420,12020,16,214
馬來西亞航空,MH5597,OKA,TPE,2025-01-01,2025-01-01,11:50,12:25,19420,12020,16,214
馬來西亞航空,MH5597,OKA,TPE,2025-01-02,2025-01-02,11:50,12:25,19420,12020,16,214
馬來西亞航空,MH5597,OKA,TPE,2025-01-03,2025-01-03,11:50,12:25,19420,12020,16,214
馬來西亞航空,MH5597,OKA,TPE,2025-01-04,2025-01-04,11:50,12:25,19420,12020,16,214
馬來西亞航空,MH5597,OKA,TPE,2025-01-05,2025-01-05,11:50,12:25,19420,12020,16,214
馬來西亞航空,MH5597,OKA,TPE,2025-01-07,2025-01-07,11:50,12:25,19420,12020,16,214
馬來西亞航空,MH9797,NRT,TPE,2025-01-07,2025-01-07,18:10,20:55,24785,11345,28,255
馬來西亞航空,MH9797,NRT,TPE,2025-01-08,2025-01-08,18:10,20:55,24785,11345,28,255
馬來西亞航空,MH9797,NRT,TPE,2025-01-09,2025-01-09,18:10,20:55,24785,11345,28,255
馬來西亞航空,MH9797,NRT,TPE,2025-01-10,2025-01-10,18:10,20:55,24785,11345,28,255
馬來西亞航空,MH9797,NRT,TPE,2025-01-11,2025-01-11,18:10,20:55,24785,11345,28,255
馬來西亞航空,MH9797,NRT,TPE,2025-01-12,2025-01-12,18:10,20:55,24785,11345,28,255
馬來西亞航空,MH9797,NRT,TPE,2025-01-06,2025-01-06,18:10,20:55,24785,11345,28,255
馬來西亞航空,MH5605,OKA,TPE,2025-01-07,2025-01-07,20:35,21:10,19420,11734,16,214
馬來西亞航空,MH5605,OKA,TPE,2025-01-08,2025-01-08,20:35,21:10,19420,11734,16,214
馬來西亞航空,MH5605,OKA,TPE,2025-01-09,2025-01-09,20:35,21:10,19420,11734,16,214
馬來西亞航空,MH5605,OKA,TPE,2025-01-10,2025-01-10,20:35,21:10,19420,11734,16,214
馬來西亞航空,MH5605,OKA,TPE,2025-01-11,2025-01-11,20:35,21:10,19420,11734,16,214
馬來西亞航空,MH5605,OKA,TPE,2025-01-12,2025-01-12,20:35,21:10,19420,11734,16,214
馬來西亞航空,MH5605,OKA,TPE,2025-01-06,2025-01-06,20:35,21:10,19420,11734,16,214
馬來西亞航空,MH5597,OKA,TPE,2025-01-07,2025-01-07,11:50,12:25,19420,12020,16,214
馬來西亞航空,MH5597,OKA,TPE,2025-01-08,2025-01-08,11:50,12:25,19420,12020,16,214
馬來西亞航空,MH5597,OKA,TPE,2025-01-09,2025-01-09,11:50,12:25,19420,12020,16,214
馬來西亞航空,MH5597,OKA,TPE,2025-01-10,2025-01-10,11:50,12:25,19420,12020,16,214
馬來西亞航空,MH5597,OKA,TPE,2025-01-11,2025-01-11,11:50,12:25,19420,12020,16,214
馬來西亞航空,MH5597,OKA,TPE,2025-01-12,2025-01-12,11:50,12:25,19420,12020,16,214
馬來西亞航空,MH5597,OKA,TPE,2025-01-14,2025-01-14,11:50,12:25,19420,12020,16,214
馬來西亞航空,MH9797,NRT,TPE,2025-01-14,2025-01-14,18:10,20:55,24785,11345,28,255
馬來西亞航空,MH9797,NRT,TPE,2025-01-15,2025-01-15,18:10,20:55,24785,11345,28,255
馬來西亞航空,MH9797,NRT,TPE,2025-01-16,2025-01-16,18:10,20:55,24785,11345,28,255
馬來西亞航空,MH9797,NRT,TPE,2025-01-17,2025-01-17,18:10,20:55,24785,11345,28,255
馬來西亞航空,MH9797,NRT,TPE,2025-01-18,2025-01-18,18:10,20:55,24785,11345,28,255
馬來西亞航空,MH9797,NRT,TPE,2025-01-19,2025-01-19,18:10,20:55,24785,11345,28,255
馬來西亞航空,MH9797,NRT,TPE,2025-01-13,2025-01-13,18:10,20:55,24785,11345,28,255
馬來西亞航空,MH5605,OKA,TPE,2025-01-14,2025-01-14,20:35,21:10,19420,11734,16,214
馬來西亞航空,MH5605,OKA,TPE,2025-01-15,2025-01-15,20:35,21:10,19420,11734,16,214
馬來西亞航空,MH5605,OKA,TPE,2025-01-16,2025-01-16,20:35,21:10,19420,11734,16,214
馬來西亞航空,MH5605,OKA,TPE,2025-01-17,2025-01-17,20:35,21:10,19420,11734,16,214
馬來西亞航空,MH5605,OKA,TPE,2025-01-18,2025-01-18,20:35,21:10,19420,11734,16,214
馬來西亞航空,MH5605,OKA,TPE,2025-01-19,2025-01-19,20:35,21:10,19420,11734,16,214
馬來西亞航空,MH5605,OKA,TPE,2025-01-13,2025-01-13,20:35,21:10,19420,11734,16,214
馬來西亞航空,MH5597,OKA,TPE,2025-01-14,2025-01-14,11:50,12:25,19420,12020,16,214
馬來西亞航空,MH5597,OKA,TPE,2025-01-15,2025-01-15,11:50,12:25,19420,12020,16,214
馬來西亞航空,MH5597,OKA,TPE,2025-01-16,2025-01-16,11:50,12:25,19420,12020,16,214
馬來西亞航空,MH5597,OKA,TPE,2025-01-17,2025-01-17,11:50,12:25,19420,12020,16,214
馬來西亞航空,MH5597,OKA,TPE,2025-01-18,2025-01-18,11:50,12:25,19420,12020,16,214
馬來西亞航空,MH5597,OKA,TPE,2025-01-19,2025-01-19,11:50,12:25,19420,12020,16,214
馬來西亞航空,MH5597,OKA,TPE,2025-01-21,2025-01-21,11:50,12:25,19420,12020,16,214
馬來西亞航空,MH9797,NRT,TPE,2025-01-21,2025-01-21,18:10,20:55,24785,11345,28,255
馬來西亞航空,MH9797,NRT,TPE,2025-01-22,2025-01-22,18:10,20:55,24785,11345,28,255
馬來西亞航空,MH9797,NRT,TPE,2025-01-23,2025-01-23,18:10,20:55,24785,11345,28,255
馬來西亞航空,MH9797,NRT,TPE,2025-01-24,2025-01-24,18:10,20:55,24785,11345,28,255
馬來西亞航空,MH9797,NRT,TPE,2025-01-25,2025-01-25,18:10,20:55,24785,11345,28,255
馬來西亞航空,MH9797,NRT,TPE,2025-01-26,2025-01-26,18:10,20:55,24785,11345,28,255
馬來西亞航空,MH9797,NRT,TPE,2025-01-20,2025-01-20,18:10,20:55,24785,11345,28,255
馬來西亞航空,MH5605,OKA,TPE,2025-01-21,2025-01-21,20:35,21:10,19420,11734,16,214
馬來西亞航空,MH5605,OKA,TPE,2025-01-22,2025-01-22,20:35,21:10,19420,11734,16,214
馬來西亞航空,MH5605,OKA,TPE,2025-01-23,2025-01-23,20:35,21:10,19420,11734,16,214
馬來西亞航空,MH5605,OKA,TPE,2025-01-24,2025-01-24,20:35,21:10,19420,11734,16,214
馬來西亞航空,MH5605,OKA,TPE,2025-01-25,2025-01-25,20:35,21:10,19420,11734,16,214
馬來西亞航空,MH5605,OKA,TPE,2025-01-26,2025-01-26,20:35,21:10,19420,11734,16,214
馬來西亞航空,MH5605,OKA,TPE,2025-01-20,2025-01-20,20:35,21:10,19420,11734,16,214
馬來西亞航空,MH5597,OKA,TPE,2025-01-21,2025-01-21,11:50,12:25,19420,12020,16,214
馬來西亞航空,MH5597,OKA,TPE,2025-01-22,2025-01-22,11:50,12:25,19420,12020,16,214
馬來西亞航空,MH5597,OKA,TPE,2025-01-23,2025-01-23,11:50,12:25,19420,12020,16,214
馬來西亞航空,MH5597,OKA,TPE,2025-01-24,2025-01-24,11:50,12:25,19420,12020,16,214
馬來西亞航空,MH5597,OKA,TPE,2025-01-25,2025-01-25,11:50,12:25,19420,12020,16,214
馬來西亞航空,MH5597,OKA,TPE,2025-01-26,2025-01-26,11:50,12:25,19420,12020,16,214
馬來西亞航空,MH5597,OKA,TPE,2025-01-28,2025-01-28,11:50,12:25,19420,12020,16,214
馬來西亞航空,MH9797,NRT,TPE,2025-01-28,2025-01-28,18:10,20:55,24785,11345,28,255
馬來西亞航空,MH9797,NRT,TPE,2025-01-29,2025-01-29,18:10,20:55,24785,11345,28,255
馬來西亞航空,MH9797,NRT,TPE,2025-01-30,2025-01-30,18:10,20:55,24785,11345,28,255
馬來西亞航空,MH9797,NRT,TPE,2025-01-31,2025-01-31,18:10,20:55,24785,11345,28,255
馬來西亞航空,MH9797,NRT,TPE,2025-02-01,2025-02-01,18:10,20:55,24785,11345,28,255
馬來西亞航空,MH9797,NRT,TPE,2025-02-02,2025-02-02,18:10,20:55,24785,11345,28,255
馬來西亞航空,MH9797,NRT,TPE,2025-01-27,2025-01-27,18:10,20:55,24785,11345,28,255
馬來西亞航空,MH5605,OKA,TPE,2025-01-28,2025-01-28,20:35,21:10,19420,11734,16,214
馬來西亞航空,MH5605,OKA,TPE,2025-01-29,2025-01-29,20:35,21:10,19420,11734,16,214
馬來西亞航空,MH5605,OKA,TPE,2025-01-30,2025-01-30,20:35,21:10,19420,11734,16,214
馬來西亞航空,MH5605,OKA,TPE,2025-01-31,2025-01-31,20:35,21:10,19420,11734,16,214
馬來西亞航空,MH5605,OKA,TPE,2025-02-01,2025-02-01,20:35,21:10,19420,11734,16,214
馬來西亞航空,MH5605,OKA,TPE,2025-02-02,2025-02-02,20:35,21:10,19420,11734,16,214
馬來西亞航空,MH5605,OKA,TPE,2025-01-27,2025-01-27,20:35,21:10,19420,11734,16,214
馬來西亞航空,MH5597,OKA,TPE,2025-01-28,2025-01-28,11:50,12:25,19420,12020,16,214
馬來西亞航空,MH5597,OKA,TPE,2025-01-29,2025-01-29,11:50,12:25,19420,12020,16,214
馬來西亞航空,MH5597,OKA,TPE,2025-01-30,2025-01-30,11:50,12:25,19420,12020,16,214
馬來西亞航空,MH5597,OKA,TPE,2025-01-31,2025-01-31,11:50,12:25,19420,12020,16,214
馬來西亞航空,MH5597,OKA,TPE,2025-02-01,2025-02-01,11:50,12:25,19420,12020,16,214
馬來西亞航空,MH5597,OKA,TPE,2025-02-02,2025-02-02,11:50,12:25,19420,12020,16,214
馬來西亞航空,MH5597,OKA,TPE,2025-02-04,2025-02-04,11:50,12:25,19420,12020,16,214
馬來西亞航空,MH9797,NRT,TPE,2025-02-04,2025-02-04,18:10,20:55,24785,11345,28,255
馬來西亞航空,MH9797,NRT,TPE,2025-02-05,2025-02-05,18:10,20:55,24785,11345,28,255
馬來西亞航空,MH9797,NRT,TPE,2025-02-06,2025-02-06,18:10,20:55,24785,11345,28,255
馬來西亞航空,MH9797,NRT,TPE,2025-02-07,2025-02-07,18:10,20:55,24785,11345,28,255
馬來西亞航空,MH9797,NRT,TPE,2025-02-08,2025-02-08,18:10,20:55,24785,11345,28,255
馬來西亞航空,MH9797,NRT,TPE,2025-02-09,2025-02-09,18:10,20:55,24785,11345,28,255
馬來西亞航空,MH9797,NRT,TPE,2025-02-03,2025-02-03,18:10,20:55,24785,11345,28,255
馬來西亞航空,MH5605,OKA,TPE,2025-02-04,2025-02-04,20:35,21:10,19420,11734,16,214
馬來西亞航空,MH5605,OKA,TPE,2025-02-05,2025-02-05,20:35,21:10,19420,11734,16,214
馬來西亞航空,MH5605,OKA,TPE,2025-02-06,2025-02-06,20:35,21:10,19420,11734,16,214
馬來西亞航空,MH5605,OKA,TPE,2025-02-07,2025-02-07,20:35,21:10,19420,11734,16,214
馬來西亞航空,MH5605,OKA,TPE,2025-02-08,2025-02-08,20:35,21:10,19420,11734,16,214
馬來西亞航空,MH5605,OKA,TPE,2025-02-09,2025-02-09,20:35,21:10,19420,11734,16,214
馬來西亞航空,MH5605,OKA,TPE,2025-02-03,2025-02-03,20:35,21:10,19420,11734,16,214
馬來西亞航空,MH5597,OKA,TPE,2025-02-04,2025-02-04,11:50,12:25,19420,12020,16,214
馬來西亞航空,MH5597,OKA,TPE,2025-02-05,2025-02-05,11:50,12:25,19420,12020,16,214
馬來西亞航空,MH5597,OKA,TPE,2025-02-06,2025-02-06,11:50,12:25,19420,12020,16,214
馬來西亞航空,MH5597,OKA,TPE,2025-02-07,2025-02-07,11:50,12:25,19420,12020,16,214
馬來西亞航空,MH5597,OKA,TPE,2025-02-08,2025-02-08,11:50,12:25,19420,12020,16,214
馬來西亞航空,MH5597,OKA,TPE,2025-02-09,2025-02-09,11:50,12:25,19420,12020,16,214
馬來西亞航空,MH5597,OKA,TPE,2025-02-11,2025-02-11,11:50,12:25,19420,12020,16,214
馬來西亞航空,MH9797,NRT,TPE,2025-02-11,2025-02-11,18:10,20:55,24785,11345,28,255
馬來西亞航空,MH9797,NRT,TPE,2025-02-12,2025-02-12,18:10,20:55,24785,11345,28,255
馬來西亞航空,MH9797,NRT,TPE,2025-02-13,2025-02-13,18:10,20:55,24785,11345,28,255
馬來西亞航空,MH9797,NRT,TPE,2025-02-14,2025-02-14,18:10,20:55,24785,11345,28,255
馬來西亞航空,MH9797,NRT,TPE,2025-02-15,2025-02-15,18:10,20:55,24785,11345,28,255
馬來西亞航空,MH9797,NRT,TPE,2025-02-16,2025-02-16,18:10,20:55,24785,11345,28,255
馬來西亞航空,MH9797,NRT,TPE,2025-02-10,2025-02-10,18:10,20:55,24785,11345,28,255
馬來西亞航空,MH5605,OKA,TPE,2025-02-11,2025-02-11,20:35,21:10,19420,11734,16,214
馬來西亞航空,MH5605,OKA,TPE,2025-02-12,2025-02-12,20:35,21:10,19420,11734,16,214
馬來西亞航空,MH5605,OKA,TPE,2025-02-13,2025-02-13,20:35,21:10,19420,11734,16,214
馬來西亞航空,MH5605,OKA,TPE,2025-02-14,2025-02-14,20:35,21:10,19420,11734,16,214
馬來西亞航空,MH5605,OKA,TPE,2025-02-15,2025-02-15,20:35,21:10,19420,11734,16,214
馬來西亞航空,MH5605,OKA,TPE,2025-02-16,2025-02-16,20:35,21:10,19420,11734,16,214
馬來西亞航空,MH5605,OKA,TPE,2025-02-10,2025-02-10,20:35,21:10,19420,11734,16,214
馬來西亞航空,MH5597,OKA,TPE,2025-02-11,2025-02-11,11:50,12:25,19420,12020,16,214
馬來西亞航空,MH5597,OKA,TPE,2025-02-12,2025-02-12,11:50,12:25,19420,12020,16,214
馬來西亞航空,MH5597,OKA,TPE,2025-02-13,2025-02-13,11:50,12:25,19420,12020,16,214
馬來西亞航空,MH5597,OKA,TPE,2025-02-14,2025-02-14,11:50,12:25,19420,12020,16,214
馬來西亞航空,MH5597,OKA,TPE,2025-02-15,2025-02-15,11:50,12:25,19420,12020,16,214
馬來西亞航空,MH5597,OKA,TPE,2025-02-16,2025-02-16,11:50,12:25,19420,12020,16,214
馬來西亞航空,MH5597,OKA,TPE,2025-02-18,2025-02-18,11:50,12:25,19420,12020,16,214
馬來西亞航空,MH9797,NRT,TPE,2025-02-18,2025-02-18,18:10,20:55,24785,11345,28,255
馬來西亞航空,MH9797,NRT,TPE,2025-02-19,2025-02-19,18:10,20:55,24785,11345,28,255
馬來西亞航空,MH9797,NRT,TPE,2025-02-20,2025-02-20,18:10,20:55,24785,11345,28,255
馬來西亞航空,MH9797,NRT,TPE,2025-02-21,2025-02-21,18:10,20:55,24785,11345,28,255
馬來西亞航空,MH9797,NRT,TPE,2025-02-22,2025-02-22,18:10,20:55,24785,11345,28,255
馬來西亞航空,MH9797,NRT,TPE,2025-02-23,2025-02-23,18:10,20:55,24785,11345,28,255
馬來西亞航空,MH9797,NRT,TPE,2025-02-17,2025-02-17,18:10,20:55,24785,11345,28,255
馬來西亞航空,MH5605,OKA,TPE,2025-02-18,2025-02-18,20:35,21:10,19420,11734,16,214
馬來西亞航空,MH5605,OKA,TPE,2025-02-19,2025-02-19,20:35,21:10,19420,11734,16,214
馬來西亞航空,MH5605,OKA,TPE,2025-02-20,2025-02-20,20:35,21:10,19420,11734,16,214
馬來西亞航空,MH5605,OKA,TPE,2025-02-21,2025-02-21,20:35,21:10,19420,11734,16,214
馬來西亞航空,MH5605,OKA,TPE,2025-02-22,2025-02-22,20:35,21:10,19420,11734,16,214
馬來西亞航空,MH5605,OKA,TPE,2025-02-23,2025-02-23,20:35,21:10,19420,11734,16,214
馬來西亞航空,MH5605,OKA,TPE,2025-02-17,2025-02-17,20:35,21:10,19420,11734,16,214
馬來西亞航空,MH5597,OKA,TPE,2025-02-18,2025-02-18,11:50,12:25,19420,12020,16,214
馬來西亞航空,MH5597,OKA,TPE,2025-02-19,2025-02-19,11:50,12:25,19420,12020,16,214
馬來西亞航空,MH5597,OKA,TPE,2025-02-20,2025-02-20,11:50,12:25,19420,12020,16,214
馬來西亞航空,MH5597,OKA,TPE,2025-02-21,2025-02-21,11:50,12:25,19420,12020,16,214
馬來西亞航空,MH5597,OKA,TPE,2025-02-22,2025-02-22,11:50,12:25,19420,12020,16,214
馬來西亞航空,MH5597,OKA,TPE,2025-02-23,2025-02-23,11:50,12:25,19420,12020,16,214
馬來西亞航空,MH5597,OKA,TPE,2025-02-25,2025-02-25,11:50,12:25,19420,12020,16,214
馬來西亞航空,MH9797,NRT,TPE,2025-02-25,2025-02-25,18:10,20:55,24785,11345,28,255
馬來西亞航空,MH9797,NRT,TPE,2025-02-26,2025-02-26,18:10,20:55,24785,11345,28,255
馬來西亞航空,MH9797,NRT,TPE,2025-02-27,2025-02-27,18:10,20:55,24785,11345,28,255
馬來西亞航空,MH9797,NRT,TPE,2025-02-28,2025-02-28,18:10,20:55,24785,11345,28,255
馬來西亞航空,MH9797,NRT,TPE,2025-03-01,2025-03-01,18:10,20:55,24785,11345,28,255
馬來西亞航空,MH9797,NRT,TPE,2025-03-02,2025-03-02,18:10,20:55,24785,11345,28,255
馬來西亞航空,MH9797,NRT,TPE,2025-02-24,2025-02-24,18:10,20:55,24785,11345,28,255
馬來西亞航空,MH5605,OKA,TPE,2025-02-25,2025-02-25,20:35,21:10,19420,11734,16,214
馬來西亞航空,MH5605,OKA,TPE,2025-02-26,2025-02-26,20:35,21:10,19420,11734,16,214
馬來西亞航空,MH5605,OKA,TPE,2025-02-27,2025-02-27,20:35,21:10,19420,11734,16,214
馬來西亞航空,MH5605,OKA,TPE,2025-02-28,2025-02-28,20:35,21:10,19420,11734,16,214
馬來西亞航空,MH5605,OKA,TPE,2025-03-01,2025-03-01,20:35,21:10,19420,11734,16,214
馬來西亞航空,MH5605,OKA,TPE,2025-03-02,2025-03-02,20:35,21:10,19420,11734,16,214
馬來西亞航空,MH5605,OKA,TPE,2025-02-24,2025-02-24,20:35,21:10,19420,11734,16,214
馬來西亞航空,MH5597,OKA,TPE,2025-02-25,2025-02-25,11:50,12:25,19420,12020,16,214
馬來西亞航空,MH5597,OKA,TPE,2025-02-26,2025-02-26,11:50,12:25,19420,12020,16,214
馬來西亞航空,MH5597,OKA,TPE,2025-02-27,2025-02-27,11:50,12:25,19420,12020,16,214
馬來西亞航空,MH5597,OKA,TPE,2025-02-28,2025-02-28,11:50,12:25,19420,12020,16,214
馬來西亞航空,MH5597,OKA,TPE,2025-03-01,2025-03-01,11:50,12:25,19420,12020,16,214
馬來西亞航空,MH5597,OKA,TPE,2025-03-02,2025-03-02,11:50,12:25,19420,12020,16,214
馬來西亞航空,MH5597,OKA,TPE,2025-03-04,2025-03-04,11:50,12:25,19420,12020,16,214
馬來西亞航空,MH9797,NRT,TPE,2025-03-04,2025-03-04,18:10,20:55,24785,11345,28,255
馬來西亞航空,MH9797,NRT,TPE,2025-03-05,2025-03-05,18:10,20:55,24785,11345,28,255
馬來西亞航空,MH9797,NRT,TPE,2025-03-06,2025-03-06,18:10,20:55,24785,11345,28,255
馬來西亞航空,MH9797,NRT,TPE,2025-03-07,2025-03-07,18:10,20:55,24785,11345,28,255
馬來西亞航空,MH9797,NRT,TPE,2025-03-08,2025-03-08,18:10,20:55,24785,11345,28,255
馬來西亞航空,MH9797,NRT,TPE,2025-03-09,2025-03-09,18:10,20:55,24785,11345,28,255
馬來西亞航空,MH9797,NRT,TPE,2025-03-03,2025-03-03,18:10,20:55,24785,11345,28,255
馬來西亞航空,MH5605,OKA,TPE,2025-03-04,2025-03-04,20:35,21:10,19420,11734,16,214
馬來西亞航空,MH5605,OKA,TPE,2025-03-05,2025-03-05,20:35,21:10,19420,11734,16,214
馬來西亞航空,MH5605,OKA,TPE,2025-03-06,2025-03-06,20:35,21:10,19420,11734,16,214
馬來西亞航空,MH5605,OKA,TPE,2025-03-07,2025-03-07,20:35,21:10,19420,11734,16,214
馬來西亞航空,MH5605,OKA,TPE,2025-03-08,2025-03-08,20:35,21:10,19420,11734,16,214
馬來西亞航空,MH5605,OKA,TPE,2025-03-09,2025-03-09,20:35,21:10,19420,11734,16,214
馬來西亞航空,MH5605,OKA,TPE,2025-03-03,2025-03-03,20:35,21:10,19420,11734,16,214
馬來西亞航空,MH5597,OKA,TPE,2025-03-04,2025-03-04,11:50,12:25,19420,12020,16,214
馬來西亞航空,MH5597,OKA,TPE,2025-03-05,2025-03-05,11:50,12:25,19420,12020,16,214
馬來西亞航空,MH5597,OKA,TPE,2025-03-06,2025-03-06,11:50,12:25,19420,12020,16,214
馬來西亞航空,MH5597,OKA,TPE,2025-03-07,2025-03-07,11:50,12:25,19420,12020,16,214
馬來西亞航空,MH5597,OKA,TPE,2025-03-08,2025-03-08,11:50,12:25,19420,12020,16,214
馬來西亞航空,MH5597,OKA,TPE,2025-03-09,2025-03-09,11:50,12:25,19420,12020,16,214
馬來西亞航空,MH5597,OKA,TPE,2025-03-11,2025-03-11,11:50,12:25,19420,12020,16,214
馬來西亞航空,MH9797,NRT,TPE,2025-03-11,2025-03-11,18:10,20:55,24785,11345,28,255
馬來西亞航空,MH9797,NRT,TPE,2025-03-12,2025-03-12,18:10,20:55,24785,11345,28,255
馬來西亞航空,MH9797,NRT,TPE,2025-03-13,2025-03-13,18:10,20:55,24785,11345,28,255
馬來西亞航空,MH9797,NRT,TPE,2025-03-14,2025-03-14,18:10,20:55,24785,11345,28,255
馬來西亞航空,MH9797,NRT,TPE,2025-03-15,2025-03-15,18:10,20:55,24785,11345,28,255
馬來西亞航空,MH9797,NRT,TPE,2025-03-16,2025-03-16,18:10,20:55,24785,11345,28,255
馬來西亞航空,MH9797,NRT,TPE,2025-03-10,2025-03-10,18:10,20:55,24785,11345,28,255
馬來西亞航空,MH5605,OKA,TPE,2025-03-11,2025-03-11,20:35,21:10,19420,11734,16,214
馬來西亞航空,MH5605,OKA,TPE,2025-03-12,2025-03-12,20:35,21:10,19420,11734,16,214
馬來西亞航空,MH5605,OKA,TPE,2025-03-13,2025-03-13,20:35,21:10,19420,11734,16,214
馬來西亞航空,MH5605,OKA,TPE,2025-03-14,2025-03-14,20:35,21:10,19420,11734,16,214
馬來西亞航空,MH5605,OKA,TPE,2025-03-15,2025-03-15,20:35,21:10,19420,11734,16,214
馬來西亞航空,MH5605,OKA,TPE,2025-03-16,2025-03-16,20:35,21:10,19420,11734,16,214
馬來西亞航空,MH5605,OKA,TPE,2025-03-10,2025-03-10,20:35,21:10,19420,11734,16,214
馬來西亞航空,MH5597,OKA,TPE,2025-03-11,2025-03-11,11:50,12:25,19420,12020,16,214
馬來西亞航空,MH5597,OKA,TPE,2025-03-12,2025-03-12,11:50,12:25,19420,12020,16,214
馬來西亞航空,MH5597,OKA,TPE,2025-03-13,2025-03-13,11:50,12:25,19420,12020,16,214
馬來西亞航空,MH5597,OKA,TPE,2025-03-14,2025-03-14,11:50,12:25,19420,12020,16,214
馬來西亞航空,MH5597,OKA,TPE,2025-03-15,2025-03-15,11:50,12:25,19420,12020,16,214
馬來西亞航空,MH5597,OKA,TPE,2025-03-16,2025-03-16,11:50,12:25,19420,12020,16,214
馬來西亞航空,MH5597,OKA,TPE,2025-03-18,2025-03-18,11:50,12:25,19420,12020,16,214
馬來西亞航空,MH9797,NRT,TPE,2025-03-18,2025-03-18,18:10,20:55,24785,11345,28,255
馬來西亞航空,MH9797,NRT,TPE,2025-03-19,2025-03-19,18:10,20:55,24785,11345,28,255
馬來西亞航空,MH9797,NRT,TPE,2025-03-20,2025-03-20,18:10,20:55,24785,11345,28,255
馬來西亞航空,MH9797,NRT,TPE,2025-03-21,2025-03-21,18:10,20:55,24785,11345,28,255
馬來西亞航空,MH9797,NRT,TPE,2025-03-22,2025-03-22,18:10,20:55,24785,11345,28,255
馬來西亞航空,MH9797,NRT,TPE,2025-03-23,2025-03-23,18:10,20:55,24785,11345,28,255
馬來西亞航空,MH9797,NRT,TPE,2025-03-17,2025-03-17,18:10,20:55,24785,11345,28,255
馬來西亞航空,MH5605,OKA,TPE,2025-03-18,2025-03-18,20:35,21:10,19420,11734,16,214
馬來西亞航空,MH5605,OKA,TPE,2025-03-19,2025-03-19,20:35,21:10,19420,11734,16,214
馬來西亞航空,MH5605,OKA,TPE,2025-03-20,2025-03-20,20:35,21:10,19420,11734,16,214
馬來西亞航空,MH5605,OKA,TPE,2025-03-21,2025-03-21,20:35,21:10,19420,11734,16,214
馬來西亞航空,MH5605,OKA,TPE,2025-03-22,2025-03-22,20:35,21:10,19420,11734,16,214
馬來西亞航空,MH5605,OKA,TPE,2025-03-23,2025-03-23,20:35,21:10,19420,11734,16,214
馬來西亞航空,MH5605,OKA,TPE,2025-03-17,2025-03-17,20:35,21:10,19420,11734,16,214
馬來西亞航空,MH5597,OKA,TPE,2025-03-18,2025-03-18,11:50,12:25,19420,12020,16,214
馬來西亞航空,MH5597,OKA,TPE,2025-03-19,2025-03-19,11:50,12:25,19420,12020,16,214
馬來西亞航空,MH5597,OKA,TPE,2025-03-20,2025-03-20,11:50,12:25,19420,12020,16,214
馬來西亞航空,MH5597,OKA,TPE,2025-03-21,2025-03-21,11:50,12:25,19420,12020,16,214
馬來西亞航空,MH5597,OKA,TPE,2025-03-22,2025-03-22,11:50,12:25,19420,12020,16,214
馬來西亞航空,MH5597,OKA,TPE,2025-03-23,2025-03-23,11:50,12:25,19420,12020,16,214
馬來西亞航空,MH5597,OKA,TPE,2025-03-25,2025-03-25,11:50,12:25,19420,12020,16,214
馬來西亞航空,MH9797,NRT,TPE,2025-03-25,2025-03-25,18:10,20:55,24785,11345,28,255
馬來西亞航空,MH9797,NRT,TPE,2025-03-26,2025-03-26,18:10,20:55,24785,11345,28,255
馬來西亞航空,MH9797,NRT,TPE,2025-03-27,2025-03-27,18:10,20:55,24785,11345,28,255
馬來西亞航空,MH9797,NRT,TPE,2025-03-28,2025-03-28,18:10,20:55,24785,11345,28,255
馬來西亞航空,MH9797,NRT,TPE,2025-03-29,2025-03-29,18:10,20:55,24785,11345,28,255
馬來西亞航空,MH9797,NRT,TPE,2025-03-30,2025-03-30,18:10,20:55,24785,11345,28,255
馬來西亞航空,MH9797,NRT,TPE,2025-03-24,2025-03-24,18:10,20:55,24785,11345,28,255
馬來西亞航空,MH5605,OKA,TPE,2025-03-25,2025-03-25,20:35,21:10,19420,11734,16,214
馬來西亞航空,MH5605,OKA,TPE,2025-03-26,2025-03-26,20:35,21:10,19420,11734,16,214
馬來西亞航空,MH5605,OKA,TPE,2025-03-27,2025-03-27,20:35,21:10,19420,11734,16,214
馬來西亞航空,MH5605,OKA,TPE,2025-03-28,2025-03-28,20:35,21:10,19420,11734,16,214
馬來西亞航空,MH5605,OKA,TPE,2025-03-29,2025-03-29,20:35,21:10,19420,11734,16,214
馬來西亞航空,MH5605,OKA,TPE,2025-03-30,2025-03-30,20:35,21:10,19420,11734,16,214
馬來西亞航空,MH5605,OKA,TPE,2025-03-24,2025-03-24,20:35,21:10,19420,11734,16,214
馬來西亞航空,MH5597,OKA,TPE,2025-03-25,2025-03-25,11:50,12:25,19420,12020,16,214
馬來西亞航空,MH5597,OKA,TPE,2025-03-26,2025-03-26,11:50,12:25,19420,12020,16,214
馬來西亞航空,MH5597,OKA,TPE,2025-03-27,2025-03-27,11:50,12:25,19420,12020,16,214
馬來西亞航空,MH5597,OKA,TPE,2025-03-28,2025-03-28,11:50,12:25,19420,12020,16,214
馬來西亞航空,MH5597,OKA,TPE,2025-03-29,2025-03-29,11:50,12:25,19420,12020,16,214
馬來西亞航空,MH5597,OKA,TPE,2025-03-30,2025-03-30,11:50,12:25,19420,12020,16,214
馬來西亞航空,MH5597,OKA,TPE,2025-04-01,2025-04-01,11:50,12:25,19420,12020,16,214
馬來西亞航空,MH9797,NRT,TPE,2025-04-01,2025-04-01,18:10,20:55,24785,11345,28,255
馬來西亞航空,MH9797,NRT,TPE,2025-04-02,2025-04-02,18:10,20:55,24785,11345,28,255
馬來西亞航空,MH9797,NRT,TPE,2025-04-03,2025-04-03,18:10,20:55,24785,11345,28,255
馬來西亞航空,MH9797,NRT,TPE,2025-04-04,2025-04-04,18:10,20:55,24785,11345,28,255
馬來西亞航空,MH9797,NRT,TPE,2025-04-05,2025-04-05,18:10,20:55,24785,11345,28,255
馬來西亞航空,MH9797,NRT,TPE,2025-04-06,2025-04-06,18:10,20:55,24785,11345,28,255
馬來西亞航空,MH9797,NRT,TPE,2025-03-31,2025-03-31,18:10,20:55,24785,11345,28,255
馬來西亞航空,MH5605,OKA,TPE,2025-04-01,2025-04-01,20:35,21:10,19420,11734,16,214
馬來西亞航空,MH5605,OKA,TPE,2025-04-02,2025-04-02,20:35,21:10,19420,11734,16,214
馬來西亞航空,MH5605,OKA,TPE,2025-04-03,2025-04-03,20:35,21:10,19420,11734,16,214
馬來西亞航空,MH5605,OKA,TPE,2025-04-04,2025-04-04,20:35,21:10,19420,11734,16,214
馬來西亞航空,MH5605,OKA,TPE,2025-04-05,2025-04-05,20:35,21:10,19420,11734,16,214
馬來西亞航空,MH5605,OKA,TPE,2025-04-06,2025-04-06,20:35,21:10,19420,11734,16,214
馬來西亞航空,MH5605,OKA,TPE,2025-03-31,2025-03-31,20:35,21:10,19420,11734,16,214
馬來西亞航空,MH5597,OKA,TPE,2025-04-01,2025-04-01,11:50,12:25,19420,12020,16,214
馬來西亞航空,MH5597,OKA,TPE,2025-04-02,2025-04-02,11:50,12:25,19420,12020,16,214
馬來西亞航空,MH5597,OKA,TPE,2025-04-03,2025-04-03,11:50,12:25,19420,12020,16,214
馬來西亞航空,MH5597,OKA,TPE,2025-04-04,2025-04-04,11:50,12:25,19420,12020,16,214
馬來西亞航空,MH5597,OKA,TPE,2025-04-05,2025-04-05,11:50,12:25,19420,12020,16,214
馬來西亞航空,MH5597,OKA,TPE,2025-04-06,2025-04-06,11:50,12:25,19420,12020,16,214
馬來西亞航空,MH5597,OKA,TPE,2025-04-08,2025-04-08,11:50,12:25,19420,12020,16,214
馬來西亞航空,MH9797,NRT,TPE,2025-04-08,2025-04-08,18:10,20:55,24785,11345,28,255
馬來西亞航空,MH9797,NRT,TPE,2025-04-09,2025-04-09,18:10,20:55,24785,11345,28,255
馬來西亞航空,MH9797,NRT,TPE,2025-04-10,2025-04-10,18:10,20:55,24785,11345,28,255
馬來西亞航空,MH9797,NRT,TPE,2025-04-11,2025-04-11,18:10,20:55,24785,11345,28,255
馬來西亞航空,MH9797,NRT,TPE,2025-04-12,2025-04-12,18:10,20:55,24785,11345,28,255
馬來西亞航空,MH9797,NRT,TPE,2025-04-13,2025-04-13,18:10,20:55,24785,11345,28,255
馬來西亞航空,MH9797,NRT,TPE,2025-04-07,2025-04-07,18:10,20:55,24785,11345,28,255
馬來西亞航空,MH5605,OKA,TPE,2025-04-08,2025-04-08,20:35,21:10,19420,11734,16,214
馬來西亞航空,MH5605,OKA,TPE,2025-04-09,2025-04-09,20:35,21:10,19420,11734,16,214
馬來西亞航空,MH5605,OKA,TPE,2025-04-10,2025-04-10,20:35,21:10,19420,11734,16,214
馬來西亞航空,MH5605,OKA,TPE,2025-04-11,2025-04-11,20:35,21:10,19420,11734,16,214
馬來西亞航空,MH5605,OKA,TPE,2025-04-12,2025-04-12,20:35,21:10,19420,11734,16,214
馬來西亞航空,MH5605,OKA,TPE,2025-04-13,2025-04-13,20:35,21:10,19420,11734,16,214
馬來西亞航空,MH5605,OKA,TPE,2025-04-07,2025-04-07,20:35,21:10,19420,11734,16,214
馬來西亞航空,MH5597,OKA,TPE,2025-04-08,2025-04-08,11:50,12:25,19420,12020,16,214
馬來西亞航空,MH5597,OKA,TPE,2025-04-09,2025-04-09,11:50,12:25,19420,12020,16,214
馬來西亞航空,MH5597,OKA,TPE,2025-04-10,2025-04-10,11:50,12:25,19420,12020,16,214
馬來西亞航空,MH5597,OKA,TPE,2025-04-11,2025-04-11,11:50,12:25,19420,12020,16,214
馬來西亞航空,MH5597,OKA,TPE,2025-04-12,2025-04-12,11:50,12:25,19420,12020,16,214
馬來西亞航空,MH5597,OKA,TPE,2025-04-13,2025-04-13,11:50,12:25,19420,12020,16,214
馬來西亞航空,MH5597,OKA,TPE,2025-04-15,2025-04-15,11:50,12:25,19420,12020,16,214
馬來西亞航空,MH9797,NRT,TPE,2025-04-15,2025-04-15,18:10,20:55,24785,11345,28,255
馬來西亞航空,MH9797,NRT,TPE,2025-04-16,2025-04-16,18:10,20:55,24785,11345,28,255
馬來西亞航空,MH9797,NRT,TPE,2025-04-17,2025-04-17,18:10,20:55,24785,11345,28,255
馬來西亞航空,MH9797,NRT,TPE,2025-04-18,2025-04-18,18:10,20:55,24785,11345,28,255
馬來西亞航空,MH9797,NRT,TPE,2025-04-19,2025-04-19,18:10,20:55,24785,11345,28,255
馬來西亞航空,MH9797,NRT,TPE,2025-04-20,2025-04-20,18:10,20:55,24785,11345,28,255
馬來西亞航空,MH9797,NRT,TPE,2025-04-14,2025-04-14,18:10,20:55,24785,11345,28,255
馬來西亞航空,MH5605,OKA,TPE,2025-04-15,2025-04-15,20:35,21:10,19420,11734,16,214
馬來西亞航空,MH5605,OKA,TPE,2025-04-16,2025-04-16,20:35,21:10,19420,11734,16,214
馬來西亞航空,MH5605,OKA,TPE,2025-04-17,2025-04-17,20:35,21:10,19420,11734,16,214
馬來西亞航空,MH5605,OKA,TPE,2025-04-18,2025-04-18,20:35,21:10,19420,11734,16,214
馬來西亞航空,MH5605,OKA,TPE,2025-04-19,2025-04-19,20:35,21:10,19420,11734,16,214
馬來西亞航空,MH5605,OKA,TPE,2025-04-20,2025-04-20,20:35,21:10,19420,11734,16,214
馬來西亞航空,MH5605,OKA,TPE,2025-04-14,2025-04-14,20:35,21:10,19420,11734,16,214
馬來西亞航空,MH5597,OKA,TPE,2025-04-15,2025-04-15,11:50,12:25,19420,12020,16,214
馬來西亞航空,MH5597,OKA,TPE,2025-04-16,2025-04-16,11:50,12:25,19420,12020,16,214
馬來西亞航空,MH5597,OKA,TPE,2025-04-17,2025-04-17,11:50,12:25,19420,12020,16,214
馬來西亞航空,MH5597,OKA,TPE,2025-04-18,2025-04-18,11:50,12:25,19420,12020,16,214
馬來西亞航空,MH5597,OKA,TPE,2025-04-19,2025-04-19,11:50,12:25,19420,12020,16,214
馬來西亞航空,MH5597,OKA,TPE,2025-04-20,2025-04-20,11:50,12:25,19420,12020,16,214
馬來西亞航空,MH5597,OKA,TPE,2025-04-22,2025-04-22,11:50,12:25,19420,12020,16,214
馬來西亞航空,MH9797,NRT,TPE,2025-04-22,2025-04-22,18:10,20:55,24785,11345,28,255
馬來西亞航空,MH9797,NRT,TPE,2025-04-23,2025-04-23,18:10,20:55,24785,11345,28,255
馬來西亞航空,MH9797,NRT,TPE,2025-04-24,2025-04-24,18:10,20:55,24785,11345,28,255
馬來西亞航空,MH9797,NRT,TPE,2025-04-25,2025-04-25,18:10,20:55,24785,11345,28,255
馬來西亞航空,MH9797,NRT,TPE,2025-04-26,2025-04-26,18:10,20:55,24785,11345,28,255
馬來西亞航空,MH9797,NRT,TPE,2025-04-27,2025-04-27,18:10,20:55,24785,11345,28,255
馬來西亞航空,MH9797,NRT,TPE,2025-04-21,2025-04-21,18:10,20:55,24785,11345,28,255
馬來西亞航空,MH5605,OKA,TPE,2025-04-22,2025-04-22,20:35,21:10,19420,11734,16,214
馬來西亞航空,MH5605,OKA,TPE,2025-04-23,2025-04-23,20:35,21:10,19420,11734,16,214
馬來西亞航空,MH5605,OKA,TPE,2025-04-24,2025-04-24,20:35,21:10,19420,11734,16,214
馬來西亞航空,MH5605,OKA,TPE,2025-04-25,2025-04-25,20:35,21:10,19420,11734,16,214
馬來西亞航空,MH5605,OKA,TPE,2025-04-26,2025-04-26,20:35,21:10,19420,11734,16,214
馬來西亞航空,MH5605,OKA,TPE,2025-04-27,2025-04-27,20:35,21:10,19420,11734,16,214
馬來西亞航空,MH5605,OKA,TPE,2025-04-21,2025-04-21,20:35,21:10,19420,11734,16,214
馬來西亞航空,MH5597,OKA,TPE,2025-04-22,2025-04-22,11:50,12:25,19420,12020,16,214
馬來西亞航空,MH5597,OKA,TPE,2025-04-23,2025-04-23,11:50,12:25,19420,12020,16,214
馬來西亞航空,MH5597,OKA,TPE,2025-04-24,2025-04-24,11:50,12:25,19420,12020,16,214
馬來西亞航空,MH5597,OKA,TPE,2025-04-25,2025-04-25,11:50,12:25,19420,12020,16,214
馬來西亞航空,MH5597,OKA,TPE,2025-04-26,2025-04-26,11:50,12:25,19420,12020,16,214
馬來西亞航空,MH5597,OKA,TPE,2025-04-27,2025-04-27,11:50,12:25,19420,12020,16,214
馬來西亞航空,MH5597,OKA,TPE,2025-04-29,2025-04-29,11:50,12:25,19420,12020,16,214
馬來西亞航空,MH9797,NRT,TPE,2025-04-29,2025-04-29,18:10,20:55,24785,11345,28,255
馬來西亞航空,MH9797,NRT,TPE,2025-04-30,2025-04-30,18:10,20:55,24785,11345,28,255
馬來西亞航空,MH9797,NRT,TPE,2025-05-01,2025-05-01,18:10,20:55,24785,11345,28,255
馬來西亞航空,MH9797,NRT,TPE,2025-05-02,2025-05-02,18:10,20:55,24785,11345,28,255
馬來西亞航空,MH9797,NRT,TPE,2025-05-03,2025-05-03,18:10,20:55,24785,11345,28,255
馬來西亞航空,MH9797,NRT,TPE,2025-05-04,2025-05-04,18:10,20:55,24785,11345,28,255
馬來西亞航空,MH9797,NRT,TPE,2025-04-28,2025-04-28,18:10,20:55,24785,11345,28,255
馬來西亞航空,MH5605,OKA,TPE,2025-04-29,2025-04-29,20:35,21:10,19420,11734,16,214
馬來西亞航空,MH5605,OKA,TPE,2025-04-30,2025-04-30,20:35,21:10,19420,11734,16,214
馬來西亞航空,MH5605,OKA,TPE,2025-05-01,2025-05-01,20:35,21:10,19420,11734,16,214
馬來西亞航空,MH5605,OKA,TPE,2025-05-02,2025-05-02,20:35,21:10,19420,11734,16,214
馬來西亞航空,MH5605,OKA,TPE,2025-05-03,2025-05-03,20:35,21:10,19420,11734,16,214
馬來西亞航空,MH5605,OKA,TPE,2025-05-04,2025-05-04,20:35,21:10,19420,11734,16,214
馬來西亞航空,MH5605,OKA,TPE,2025-04-28,2025-04-28,20:35,21:10,19420,11734,16,214
馬來西亞航空,MH5597,OKA,TPE,2025-04-29,2025-04-29,11:50,12:25,19420,12020,16,214
馬來西亞航空,MH5597,OKA,TPE,2025-04-30,2025-04-30,11:50,12:25,19420,12020,16,214
馬來西亞航空,MH5597,OKA,TPE,2025-05-01,2025-05-01,11:50,12:25,19420,12020,16,214
馬來西亞航空,MH5597,OKA,TPE,2025-05-02,2025-05-02,11:50,12:25,19420,12020,16,214
馬來西亞航空,MH5597,OKA,TPE,2025-05-03,2025-05-03,11:50,12:25,19420,12020,16,214
馬來西亞航空,MH5597,OKA,TPE,2025-05-04,2025-05-04,11:50,12:25,19420,12020,16,214
馬來西亞航空,MH5597,OKA,TPE,2025-05-06,2025-05-06,11:50,12:25,19420,12020,16,214
馬來西亞航空,MH9797,NRT,TPE,2025-05-06,2025-05-06,18:10,20:55,24785,11345,28,255
馬來西亞航空,MH9797,NRT,TPE,2025-05-07,2025-05-07,18:10,20:55,24785,11345,28,255
馬來西亞航空,MH9797,NRT,TPE,2025-05-08,2025-05-08,18:10,20:55,24785,11345,28,255
馬來西亞航空,MH9797,NRT,TPE,2025-05-09,2025-05-09,18:10,20:55,24785,11345,28,255
馬來西亞航空,MH9797,NRT,TPE,2025-05-10,2025-05-10,18:10,20:55,24785,11345,28,255
馬來西亞航空,MH9797,NRT,TPE,2025-05-11,2025-05-11,18:10,20:55,24785,11345,28,255
馬來西亞航空,MH9797,NRT,TPE,2025-05-05,2025-05-05,18:10,20:55,24785,11345,28,255
馬來西亞航空,MH5605,OKA,TPE,2025-05-06,2025-05-06,20:35,21:10,19420,11734,16,214
馬來西亞航空,MH5605,OKA,TPE,2025-05-07,2025-05-07,20:35,21:10,19420,11734,16,214
馬來西亞航空,MH5605,OKA,TPE,2025-05-08,2025-05-08,20:35,21:10,19420,11734,16,214
馬來西亞航空,MH5605,OKA,TPE,2025-05-09,2025-05-09,20:35,21:10,19420,11734,16,214
馬來西亞航空,MH5605,OKA,TPE,2025-05-10,2025-05-10,20:35,21:10,19420,11734,16,214
馬來西亞航空,MH5605,OKA,TPE,2025-05-11,2025-05-11,20:35,21:10,19420,11734,16,214
馬來西亞航空,MH5605,OKA,TPE,2025-05-05,2025-05-05,20:35,21:10,19420,11734,16,214
馬來西亞航空,MH5597,OKA,TPE,2025-05-06,2025-05-06,11:50,12:25,19420,12020,16,214
馬來西亞航空,MH5597,OKA,TPE,2025-05-07,2025-05-07,11:50,12:25,19420,12020,16,214
馬來西亞航空,MH5597,OKA,TPE,2025-05-08,2025-05-08,11:50,12:25,19420,12020,16,214
馬來西亞航空,MH5597,OKA,TPE,2025-05-09,2025-05-09,11:50,12:25,19420,12020,16,214
馬來西亞航空,MH5597,OKA,TPE,2025-05-10,2025-05-10,11:50,12:25,19420,12020,16,214
馬來西亞航空,MH5597,OKA,TPE,2025-05-11,2025-05-11,11:50,12:25,19420,12020,16,214
馬來西亞航空,MH5597,OKA,TPE,2025-05-13,2025-05-13,11:50,12:25,19420,12020,16,214
馬來西亞航空,MH9797,NRT,TPE,2025-05-13,2025-05-13,18:10,20:55,24785,11345,28,255
馬來西亞航空,MH9797,NRT,TPE,2025-05-14,2025-05-14,18:10,20:55,24785,11345,28,255
馬來西亞航空,MH9797,NRT,TPE,2025-05-15,2025-05-15,18:10,20:55,24785,11345,28,255
馬來西亞航空,MH9797,NRT,TPE,2025-05-16,2025-05-16,18:10,20:55,24785,11345,28,255
馬來西亞航空,MH9797,NRT,TPE,2025-05-17,2025-05-17,18:10,20:55,24785,11345,28,255
馬來西亞航空,MH9797,NRT,TPE,2025-05-18,2025-05-18,18:10,20:55,24785,11345,28,255
馬來西亞航空,MH9797,NRT,TPE,2025-05-12,2025-05-12,18:10,20:55,24785,11345,28,255
馬來西亞航空,MH5605,OKA,TPE,2025-05-13,2025-05-13,20:35,21:10,19420,11734,16,214
馬來西亞航空,MH5605,OKA,TPE,2025-05-14,2025-05-14,20:35,21:10,19420,11734,16,214
馬來西亞航空,MH5605,OKA,TPE,2025-05-15,2025-05-15,20:35,21:10,19420,11734,16,214
馬來西亞航空,MH5605,OKA,TPE,2025-05-16,2025-05-16,20:35,21:10,19420,11734,16,214
馬來西亞航空,MH5605,OKA,TPE,2025-05-17,2025-05-17,20:35,21:10,19420,11734,16,214
馬來西亞航空,MH5605,OKA,TPE,2025-05-18,2025-05-18,20:35,21:10,19420,11734,16,214
馬來西亞航空,MH5605,OKA,TPE,2025-05-12,2025-05-12,20:35,21:10,19420,11734,16,214
馬來西亞航空,MH5597,OKA,TPE,2025-05-13,2025-05-13,11:50,12:25,19420,12020,16,214
馬來西亞航空,MH5597,OKA,TPE,2025-05-14,2025-05-14,11:50,12:25,19420,12020,16,214
馬來西亞航空,MH5597,OKA,TPE,2025-05-15,2025-05-15,11:50,12:25,19420,12020,16,214
馬來西亞航空,MH5597,OKA,TPE,2025-05-16,2025-05-16,11:50,12:25,19420,12020,16,214
馬來西亞航空,MH5597,OKA,TPE,2025-05-17,2025-05-17,11:50,12:25,19420,12020,16,214
馬來西亞航空,MH5597,OKA,TPE,2025-05-18,2025-05-18,11:50,12:25,19420,12020,16,214
馬來西亞航空,MH5597,OKA,TPE,2025-05-20,2025-05-20,11:50,12:25,19420,12020,16,214
馬來西亞航空,MH9797,NRT,TPE,2025-05-20,2025-05-20,18:10,20:55,24785,11345,28,255
馬來西亞航空,MH9797,NRT,TPE,2025-05-21,2025-05-21,18:10,20:55,24785,11345,28,255
馬來西亞航空,MH9797,NRT,TPE,2025-05-22,2025-05-22,18:10,20:55,24785,11345,28,255
馬來西亞航空,MH9797,NRT,TPE,2025-05-23,2025-05-23,18:10,20:55,24785,11345,28,255
馬來西亞航空,MH9797,NRT,TPE,2025-05-24,2025-05-24,18:10,20:55,24785,11345,28,255
馬來西亞航空,MH9797,NRT,TPE,2025-05-25,2025-05-25,18:10,20:55,24785,11345,28,255
馬來西亞航空,MH9797,NRT,TPE,2025-05-19,2025-05-19,18:10,20:55,24785,11345,28,255
馬來西亞航空,MH5605,OKA,TPE,2025-05-20,2025-05-20,20:35,21:10,19420,11734,16,214
馬來西亞航空,MH5605,OKA,TPE,2025-05-21,2025-05-21,20:35,21:10,19420,11734,16,214
馬來西亞航空,MH5605,OKA,TPE,2025-05-22,2025-05-22,20:35,21:10,19420,11734,16,214
馬來西亞航空,MH5605,OKA,TPE,2025-05-23,2025-05-23,20:35,21:10,19420,11734,16,214
馬來西亞航空,MH5605,OKA,TPE,2025-05-24,2025-05-24,20:35,21:10,19420,11734,16,214
馬來西亞航空,MH5605,OKA,TPE,2025-05-25,2025-05-25,20:35,21:10,19420,11734,16,214
馬來西亞航空,MH5605,OKA,TPE,2025-05-19,2025-05-19,20:35,21:10,19420,11734,16,214
馬來西亞航空,MH5597,OKA,TPE,2025-05-20,2025-05-20,11:50,12:25,19420,12020,16,214
馬來西亞航空,MH5597,OKA,TPE,2025-05-21,2025-05-21,11:50,12:25,19420,12020,16,214
馬來西亞航空,MH5597,OKA,TPE,2025-05-22,2025-05-22,11:50,12:25,19420,12020,16,214
馬來西亞航空,MH5597,OKA,TPE,2025-05-23,2025-05-23,11:50,12:25,19420,12020,16,214
馬來西亞航空,MH5597,OKA,TPE,2025-05-24,2025-05-24,11:50,12:25,19420,12020,16,214
馬來西亞航空,MH5597,OKA,TPE,2025-05-25,2025-05-25,11:50,12:25,19420,12020,16,214
馬來西亞航空,MH5597,OKA,TPE,2025-05-27,2025-05-27,11:50,12:25,19420,12020,16,214
馬來西亞航空,MH9797,NRT,TPE,2025-05-27,2025-05-27,18:10,20:55,24785,11345,28,255
馬來西亞航空,MH9797,NRT,TPE,2025-05-28,2025-05-28,18:10,20:55,24785,11345,28,255
馬來西亞航空,MH9797,NRT,TPE,2025-05-29,2025-05-29,18:10,20:55,24785,11345,28,255
馬來西亞航空,MH9797,NRT,TPE,2025-05-30,2025-05-30,18:10,20:55,24785,11345,28,255
馬來西亞航空,MH9797,NRT,TPE,2025-05-31,2025-05-31,18:10,20:55,24785,11345,28,255
馬來西亞航空,MH9797,NRT,TPE,2025-06-01,2025-06-01,18:10,20:55,24785,11345,28,255
馬來西亞航空,MH9797,NRT,TPE,2025-05-26,2025-05-26,18:10,20:55,24785,11345,28,255
馬來西亞航空,MH5605,OKA,TPE,2025-05-27,2025-05-27,20:35,21:10,19420,11734,16,214
馬來西亞航空,MH5605,OKA,TPE,2025-05-28,2025-05-28,20:35,21:10,19420,11734,16,214
馬來西亞航空,MH5605,OKA,TPE,2025-05-29,2025-05-29,20:35,21:10,19420,11734,16,214
馬來西亞航空,MH5605,OKA,TPE,2025-05-30,2025-05-30,20:35,21:10,19420,11734,16,214
馬來西亞航空,MH5605,OKA,TPE,2025-05-31,2025-05-31,20:35,21:10,19420,11734,16,214
馬來西亞航空,MH5605,OKA,TPE,2025-06-01,2025-06-01,20:35,21:10,19420,11734,16,214
馬來西亞航空,MH5605,OKA,TPE,2025-05-26,2025-05-26,20:35,21:10,19420,11734,16,214
馬來西亞航空,MH5597,OKA,TPE,2025-05-27,2025-05-27,11:50,12:25,19420,12020,16,214
馬來西亞航空,MH5597,OKA,TPE,2025-05-28,2025-05-28,11:50,12:25,19420,12020,16,214
馬來西亞航空,MH5597,OKA,TPE,2025-05-29,2025-05-29,11:50,12:25,19420,12020,16,214
馬來西亞航空,MH5597,OKA,TPE,2025-05-30,2025-05-30,11:50,12:25,19420,12020,16,214
馬來西亞航空,MH5597,OKA,TPE,2025-05-31,2025-05-31,11:50,12:25,19420,12020,16,214
馬來西亞航空,MH5597,OKA,TPE,2025-06-01,2025-06-01,11:50,12:25,19420,12020,16,214
馬來西亞航空,MH5597,OKA,TPE,2025-06-03,2025-06-03,11:50,12:25,19420,12020,16,214
馬來西亞航空,MH9797,NRT,TPE,2025-06-03,2025-06-03,18:10,20:55,24785,11345,28,255
馬來西亞航空,MH9797,NRT,TPE,2025-06-04,2025-06-04,18:10,20:55,24785,11345,28,255
馬來西亞航空,MH9797,NRT,TPE,2025-06-05,2025-06-05,18:10,20:55,24785,11345,28,255
馬來西亞航空,MH9797,NRT,TPE,2025-06-06,2025-06-06,18:10,20:55,24785,11345,28,255
馬來西亞航空,MH9797,NRT,TPE,2025-06-07,2025-06-07,18:10,20:55,24785,11345,28,255
馬來西亞航空,MH9797,NRT,TPE,2025-06-08,2025-06-08,18:10,20:55,24785,11345,28,255
馬來西亞航空,MH9797,NRT,TPE,2025-06-02,2025-06-02,18:10,20:55,24785,11345,28,255
馬來西亞航空,MH5605,OKA,TPE,2025-06-03,2025-06-03,20:35,21:10,19420,11734,16,214
馬來西亞航空,MH5605,OKA,TPE,2025-06-04,2025-06-04,20:35,21:10,19420,11734,16,214
馬來西亞航空,MH5605,OKA,TPE,2025-06-05,2025-06-05,20:35,21:10,19420,11734,16,214
馬來西亞航空,MH5605,OKA,TPE,2025-06-06,2025-06-06,20:35,21:10,19420,11734,16,214
馬來西亞航空,MH5605,OKA,TPE,2025-06-07,2025-06-07,20:35,21:10,19420,11734,16,214
馬來西亞航空,MH5605,OKA,TPE,2025-06-08,2025-06-08,20:35,21:10,19420,11734,16,214
馬來西亞航空,MH5605,OKA,TPE,2025-06-02,2025-06-02,20:35,21:10,19420,11734,16,214
馬來西亞航空,MH5597,OKA,TPE,2025-06-03,2025-06-03,11:50,12:25,19420,12020,16,214
馬來西亞航空,MH5597,OKA,TPE,2025-06-04,2025-06-04,11:50,12:25,19420,12020,16,214
馬來西亞航空,MH5597,OKA,TPE,2025-06-05,2025-06-05,11:50,12:25,19420,12020,16,214
馬來西亞航空,MH5597,OKA,TPE,2025-06-06,2025-06-06,11:50,12:25,19420,12020,16,214
馬來西亞航空,MH5597,OKA,TPE,2025-06-07,2025-06-07,11:50,12:25,19420,12020,16,214
馬來西亞航空,MH5597,OKA,TPE,2025-06-08,2025-06-08,11:50,12:25,19420,12020,16,214
馬來西亞航空,MH5597,OKA,TPE,2025-06-10,2025-06-10,11:50,12:25,19420,12020,16,214
馬來西亞航空,MH9797,NRT,TPE,2025-06-10,2025-06-10,18:10,20:55,24785,11345,28,255
馬來西亞航空,MH9797,NRT,TPE,2025-06-11,2025-06-11,18:10,20:55,24785,11345,28,255
馬來西亞航空,MH9797,NRT,TPE,2025-06-12,2025-06-12,18:10,20:55,24785,11345,28,255
馬來西亞航空,MH9797,NRT,TPE,2025-06-13,2025-06-13,18:10,20:55,24785,11345,28,255
馬來西亞航空,MH9797,NRT,TPE,2025-06-14,2025-06-14,18:10,20:55,24785,11345,28,255
馬來西亞航空,MH9797,NRT,TPE,2025-06-15,2025-06-15,18:10,20:55,24785,11345,28,255
馬來西亞航空,MH9797,NRT,TPE,2025-06-09,2025-06-09,18:10,20:55,24785,11345,28,255
馬來西亞航空,MH5605,OKA,TPE,2025-06-10,2025-06-10,20:35,21:10,19420,11734,16,214
馬來西亞航空,MH5605,OKA,TPE,2025-06-11,2025-06-11,20:35,21:10,19420,11734,16,214
馬來西亞航空,MH5605,OKA,TPE,2025-06-12,2025-06-12,20:35,21:10,19420,11734,16,214
馬來西亞航空,MH5605,OKA,TPE,2025-06-13,2025-06-13,20:35,21:10,19420,11734,16,214
馬來西亞航空,MH5605,OKA,TPE,2025-06-14,2025-06-14,20:35,21:10,19420,11734,16,214
馬來西亞航空,MH5605,OKA,TPE,2025-06-15,2025-06-15,20:35,21:10,19420,11734,16,214
馬來西亞航空,MH5605,OKA,TPE,2025-06-09,2025-06-09,20:35,21:10,19420,11734,16,214
馬來西亞航空,MH5597,OKA,TPE,2025-06-10,2025-06-10,11:50,12:25,19420,12020,16,214
馬來西亞航空,MH5597,OKA,TPE,2025-06-11,2025-06-11,11:50,12:25,19420,12020,16,214
馬來西亞航空,MH5597,OKA,TPE,2025-06-12,2025-06-12,11:50,12:25,19420,12020,16,214
馬來西亞航空,MH5597,OKA,TPE,2025-06-13,2025-06-13,11:50,12:25,19420,12020,16,214
馬來西亞航空,MH5597,OKA,TPE,2025-06-14,2025-06-14,11:50,12:25,19420,12020,16,214
馬來西亞航空,MH5597,OKA,TPE,2025-06-15,2025-06-15,11:50,12:25,19420,12020,16,214
馬來西亞航空,MH5597,OKA,TPE,2025-06-17,2025-06-17,11:50,12:25,19420,12020,16,214
馬來西亞航空,MH9797,NRT,TPE,2025-06-17,2025-06-17,18:10,20:55,24785,11345,28,255
馬來西亞航空,MH9797,NRT,TPE,2025-06-18,2025-06-18,18:10,20:55,24785,11345,28,255
馬來西亞航空,MH9797,NRT,TPE,2025-06-19,2025-06-19,18:10,20:55,24785,11345,28,255
馬來西亞航空,MH9797,NRT,TPE,2025-06-20,2025-06-20,18:10,20:55,24785,11345,28,255
馬來西亞航空,MH9797,NRT,TPE,2025-06-21,2025-06-21,18:10,20:55,24785,11345,28,255
馬來西亞航空,MH9797,NRT,TPE,2025-06-22,2025-06-22,18:10,20:55,24785,11345,28,255
馬來西亞航空,MH9797,NRT,TPE,2025-06-16,2025-06-16,18:10,20:55,24785,11345,28,255
馬來西亞航空,MH5605,OKA,TPE,2025-06-17,2025-06-17,20:35,21:10,19420,11734,16,214
馬來西亞航空,MH5605,OKA,TPE,2025-06-18,2025-06-18,20:35,21:10,19420,11734,16,214
馬來西亞航空,MH5605,OKA,TPE,2025-06-19,2025-06-19,20:35,21:10,19420,11734,16,214
馬來西亞航空,MH5605,OKA,TPE,2025-06-20,2025-06-20,20:35,21:10,19420,11734,16,214
馬來西亞航空,MH5605,OKA,TPE,2025-06-21,2025-06-21,20:35,21:10,19420,11734,16,214
馬來西亞航空,MH5605,OKA,TPE,2025-06-22,2025-06-22,20:35,21:10,19420,11734,16,214
馬來西亞航空,MH5605,OKA,TPE,2025-06-16,2025-06-16,20:35,21:10,19420,11734,16,214
馬來西亞航空,MH5597,OKA,TPE,2025-06-17,2025-06-17,11:50,12:25,19420,12020,16,214
馬來西亞航空,MH5597,OKA,TPE,2025-06-18,2025-06-18,11:50,12:25,19420,12020,16,214
馬來西亞航空,MH5597,OKA,TPE,2025-06-19,2025-06-19,11:50,12:25,19420,12020,16,214
馬來西亞航空,MH5597,OKA,TPE,2025-06-20,2025-06-20,11:50,12:25,19420,12020,16,214
馬來西亞航空,MH5597,OKA,TPE,2025-06-21,2025-06-21,11:50,12:25,19420,12020,16,214
馬來西亞航空,MH5597,OKA,TPE,2025-06-22,2025-06-22,11:50,12:25,19420,12020,16,214
馬來西亞航空,MH5597,OKA,TPE,2025-06-24,2025-06-24,11:50,12:25,19420,12020,16,214
馬來西亞航空,MH9797,NRT,TPE,2025-06-24,2025-06-24,18:10,20:55,24785,11345,28,255
馬來西亞航空,MH9797,NRT,TPE,2025-06-25,2025-06-25,18:10,20:55,24785,11345,28,255
馬來西亞航空,MH9797,NRT,TPE,2025-06-26,2025-06-26,18:10,20:55,24785,11345,28,255
馬來西亞航空,MH9797,NRT,TPE,2025-06-27,2025-06-27,18:10,20:55,24785,11345,28,255
馬來西亞航空,MH9797,NRT,TPE,2025-06-28,2025-06-28,18:10,20:55,24785,11345,28,255
馬來西亞航空,MH9797,NRT,TPE,2025-06-29,2025-06-29,18:10,20:55,24785,11345,28,255
馬來西亞航空,MH9797,NRT,TPE,2025-06-23,2025-06-23,18:10,20:55,24785,11345,28,255
馬來西亞航空,MH5605,OKA,TPE,2025-06-24,2025-06-24,20:35,21:10,19420,11734,16,214
馬來西亞航空,MH5605,OKA,TPE,2025-06-25,2025-06-25,20:35,21:10,19420,11734,16,214
馬來西亞航空,MH5605,OKA,TPE,2025-06-26,2025-06-26,20:35,21:10,19420,11734,16,214
馬來西亞航空,MH5605,OKA,TPE,2025-06-27,2025-06-27,20:35,21:10,19420,11734,16,214
馬來西亞航空,MH5605,OKA,TPE,2025-06-28,2025-06-28,20:35,21:10,19420,11734,16,214
馬來西亞航空,MH5605,OKA,TPE,2025-06-29,2025-06-29,20:35,21:10,19420,11734,16,214
馬來西亞航空,MH5605,OKA,TPE,2025-06-23,2025-06-23,20:35,21:10,19420,11734,16,214
馬來西亞航空,MH5597,OKA,TPE,2025-06-24,2025-06-24,11:50,12:25,19420,12020,16,214
馬來西亞航空,MH5597,OKA,TPE,2025-06-25,2025-06-25,11:50,12:25,19420,12020,16,214
馬來西亞航空,MH5597,OKA,TPE,2025-06-26,2025-06-26,11:50,12:25,19420,12020,16,214
馬來西亞航空,MH5597,OKA,TPE,2025-06-27,2025-06-27,11:50,12:25,19420,12020,16,214
馬來西亞航空,MH5597,OKA,TPE,2025-06-28,2025-06-28,11:50,12:25,19420,12020,16,214
馬來西亞航空,MH5597,OKA,TPE,2025-06-29,2025-06-29,11:50,12:25,19420,12020,16,214
馬來西亞航空,MH5597,OKA,TPE,2025-07-01,2025-07-01,11:50,12:25,19420,12020,16,214
馬來西亞航空,MH9797,NRT,TPE,2025-07-01,2025-07-01,18:10,20:55,24785,11345,28,255
馬來西亞航空,MH9797,NRT,TPE,2025-07-02,2025-07-02,18:10,20:55,24785,11345,28,255
馬來西亞航空,MH9797,NRT,TPE,2025-07-03,2025-07-03,18:10,20:55,24785,11345,28,255
馬來西亞航空,MH9797,NRT,TPE,2025-07-04,2025-07-04,18:10,20:55,24785,11345,28,255
馬來西亞航空,MH9797,NRT,TPE,2025-07-05,2025-07-05,18:10,20:55,24785,11345,28,255
馬來西亞航空,MH9797,NRT,TPE,2025-07-06,2025-07-06,18:10,20:55,24785,11345,28,255
馬來西亞航空,MH9797,NRT,TPE,2025-06-30,2025-06-30,18:10,20:55,24785,11345,28,255
馬來西亞航空,MH5605,OKA,TPE,2025-07-01,2025-07-01,20:35,21:10,19420,11734,16,214
馬來西亞航空,MH5605,OKA,TPE,2025-07-02,2025-07-02,20:35,21:10,19420,11734,16,214
馬來西亞航空,MH5605,OKA,TPE,2025-07-03,2025-07-03,20:35,21:10,19420,11734,16,214
馬來西亞航空,MH5605,OKA,TPE,2025-07-04,2025-07-04,20:35,21:10,19420,11734,16,214
馬來西亞航空,MH5605,OKA,TPE,2025-07-05,2025-07-05,20:35,21:10,19420,11734,16,214
馬來西亞航空,MH5605,OKA,TPE,2025-07-06,2025-07-06,20:35,21:10,19420,11734,16,214
馬來西亞航空,MH5605,OKA,TPE,2025-06-30,2025-06-30,20:35,21:10,19420,11734,16,214
馬來西亞航空,MH5597,OKA,TPE,2025-07-01,2025-07-01,11:50,12:25,19420,12020,16,214
馬來西亞航空,MH5597,OKA,TPE,2025-07-02,2025-07-02,11:50,12:25,19420,12020,16,214
馬來西亞航空,MH5597,OKA,TPE,2025-07-03,2025-07-03,11:50,12:25,19420,12020,16,214
馬來西亞航空,MH5597,OKA,TPE,2025-07-04,2025-07-04,11:50,12:25,19420,12020,16,214
馬來西亞航空,MH5597,OKA,TPE,2025-07-05,2025-07-05,11:50,12:25,19420,12020,16,214
馬來西亞航空,MH5597,OKA,TPE,2025-07-06,2025-07-06,11:50,12:25,19420,12020,16,214
馬來西亞航空,MH5597,OKA,TPE,2025-07-08,2025-07-08,11:50,12:25,19420,12020,16,214
馬來西亞航空,MH9797,NRT,TPE,2025-07-08,2025-07-08,18:10,20:55,24785,11345,28,255
馬來西亞航空,MH9797,NRT,TPE,2025-07-09,2025-07-09,18:10,20:55,24785,11345,28,255
馬來西亞航空,MH9797,NRT,TPE,2025-07-10,2025-07-10,18:10,20:55,24785,11345,28,255
馬來西亞航空,MH9797,NRT,TPE,2025-07-11,2025-07-11,18:10,20:55,24785,11345,28,255
馬來西亞航空,MH9797,NRT,TPE,2025-07-12,2025-07-12,18:10,20:55,24785,11345,28,255
馬來西亞航空,MH9797,NRT,TPE,2025-07-13,2025-07-13,18:10,20:55,24785,11345,28,255
馬來西亞航空,MH9797,NRT,TPE,2025-07-07,2025-07-07,18:10,20:55,24785,11345,28,255
馬來西亞航空,MH5605,OKA,TPE,2025-07-08,2025-07-08,20:35,21:10,19420,11734,16,214
馬來西亞航空,MH5605,OKA,TPE,2025-07-09,2025-07-09,20:35,21:10,19420,11734,16,214
馬來西亞航空,MH5605,OKA,TPE,2025-07-10,2025-07-10,20:35,21:10,19420,11734,16,214
馬來西亞航空,MH5605,OKA,TPE,2025-07-11,2025-07-11,20:35,21:10,19420,11734,16,214
馬來西亞航空,MH5605,OKA,TPE,2025-07-12,2025-07-12,20:35,21:10,19420,11734,16,214
馬來西亞航空,MH5605,OKA,TPE,2025-07-13,2025-07-13,20:35,21:10,19420,11734,16,214
馬來西亞航空,MH5605,OKA,TPE,2025-07-07,2025-07-07,20:35,21:10,19420,11734,16,214
馬來西亞航空,MH5597,OKA,TPE,2025-07-08,2025-07-08,11:50,12:25,19420,12020,16,214
馬來西亞航空,MH5597,OKA,TPE,2025-07-09,2025-07-09,11:50,12:25,19420,12020,16,214
馬來西亞航空,MH5597,OKA,TPE,2025-07-10,2025-07-10,11:50,12:25,19420,12020,16,214
馬來西亞航空,MH5597,OKA,TPE,2025-07-11,2025-07-11,11:50,12:25,19420,12020,16,214
馬來西亞航空,MH5597,OKA,TPE,2025-07-12,2025-07-12,11:50,12:25,19420,12020,16,214
馬來西亞航空,MH5597,OKA,TPE,2025-07-13,2025-07-13,11:50,12:25,19420,12020,16,214
馬來西亞航空,MH5597,OKA,TPE,2025-07-15,2025-07-15,11:50,12:25,19420,12020,16,214
馬來西亞航空,MH9797,NRT,TPE,2025-07-15,2025-07-15,18:10,20:55,24785,11345,28,255
馬來西亞航空,MH9797,NRT,TPE,2025-07-16,2025-07-16,18:10,20:55,24785,11345,28,255
馬來西亞航空,MH9797,NRT,TPE,2025-07-17,2025-07-17,18:10,20:55,24785,11345,28,255
馬來西亞航空,MH9797,NRT,TPE,2025-07-18,2025-07-18,18:10,20:55,24785,11345,28,255
馬來西亞航空,MH9797,NRT,TPE,2025-07-19,2025-07-19,18:10,20:55,24785,11345,28,255
馬來西亞航空,MH9797,NRT,TPE,2025-07-20,2025-07-20,18:10,20:55,24785,11345,28,255
馬來西亞航空,MH9797,NRT,TPE,2025-07-14,2025-07-14,18:10,20:55,24785,11345,28,255
馬來西亞航空,MH5605,OKA,TPE,2025-07-15,2025-07-15,20:35,21:10,19420,11734,16,214
馬來西亞航空,MH5605,OKA,TPE,2025-07-16,2025-07-16,20:35,21:10,19420,11734,16,214
馬來西亞航空,MH5605,OKA,TPE,2025-07-17,2025-07-17,20:35,21:10,19420,11734,16,214
馬來西亞航空,MH5605,OKA,TPE,2025-07-18,2025-07-18,20:35,21:10,19420,11734,16,214
馬來西亞航空,MH5605,OKA,TPE,2025-07-19,2025-07-19,20:35,21:10,19420,11734,16,214
馬來西亞航空,MH5605,OKA,TPE,2025-07-20,2025-07-20,20:35,21:10,19420,11734,16,214
馬來西亞航空,MH5605,OKA,TPE,2025-07-14,2025-07-14,20:35,21:10,19420,11734,16,214
馬來西亞航空,MH5597,OKA,TPE,2025-07-15,2025-07-15,11:50,12:25,19420,12020,16,214
馬來西亞航空,MH5597,OKA,TPE,2025-07-16,2025-07-16,11:50,12:25,19420,12020,16,214
馬來西亞航空,MH5597,OKA,TPE,2025-07-17,2025-07-17,11:50,12:25,19420,12020,16,214
馬來西亞航空,MH5597,OKA,TPE,2025-07-18,2025-07-18,11:50,12:25,19420,12020,16,214
馬來西亞航空,MH5597,OKA,TPE,2025-07-19,2025-07-19,11:50,12:25,19420,12020,16,214
馬來西亞航空,MH5597,OKA,TPE,2025-07-20,2025-07-20,11:50,12:25,19420,12020,16,214
馬來西亞航空,MH5597,OKA,TPE,2025-07-22,2025-07-22,11:50,12:25,19420,12020,16,214
馬來西亞航空,MH9797,NRT,TPE,2025-07-22,2025-07-22,18:10,20:55,24785,11345,28,255
馬來西亞航空,MH9797,NRT,TPE,2025-07-23,2025-07-23,18:10,20:55,24785,11345,28,255
馬來西亞航空,MH9797,NRT,TPE,2025-07-24,2025-07-24,18:10,20:55,24785,11345,28,255
馬來西亞航空,MH9797,NRT,TPE,2025-07-25,2025-07-25,18:10,20:55,24785,11345,28,255
馬來西亞航空,MH9797,NRT,TPE,2025-07-26,2025-07-26,18:10,20:55,24785,11345,28,255
馬來西亞航空,MH9797,NRT,TPE,2025-07-27,2025-07-27,18:10,20:55,24785,11345,28,255
馬來西亞航空,MH9797,NRT,TPE,2025-07-21,2025-07-21,18:10,20:55,24785,11345,28,255
馬來西亞航空,MH5605,OKA,TPE,2025-07-22,2025-07-22,20:35,21:10,19420,11734,16,214
馬來西亞航空,MH5605,OKA,TPE,2025-07-23,2025-07-23,20:35,21:10,19420,11734,16,214
馬來西亞航空,MH5605,OKA,TPE,2025-07-24,2025-07-24,20:35,21:10,19420,11734,16,214
馬來西亞航空,MH5605,OKA,TPE,2025-07-25,2025-07-25,20:35,21:10,19420,11734,16,214
馬來西亞航空,MH5605,OKA,TPE,2025-07-26,2025-07-26,20:35,21:10,19420,11734,16,214
馬來西亞航空,MH5605,OKA,TPE,2025-07-27,2025-07-27,20:35,21:10,19420,11734,16,214
馬來西亞航空,MH5605,OKA,TPE,2025-07-21,2025-07-21,20:35,21:10,19420,11734,16,214
馬來西亞航空,MH5597,OKA,TPE,2025-07-22,2025-07-22,11:50,12:25,19420,12020,16,214
馬來西亞航空,MH5597,OKA,TPE,2025-07-23,2025-07-23,11:50,12:25,19420,12020,16,214
馬來西亞航空,MH5597,OKA,TPE,2025-07-24,2025-07-24,11:50,12:25,19420,12020,16,214
馬來西亞航空,MH5597,OKA,TPE,2025-07-25,2025-07-25,11:50,12:25,19420,12020,16,214
馬來西亞航空,MH5597,OKA,TPE,2025-07-26,2025-07-26,11:50,12:25,19420,12020,16,214
馬來西亞航空,MH5597,OKA,TPE,2025-07-27,2025-07-27,11:50,12:25,19420,12020,16,214
馬來西亞航空,MH5597,OKA,TPE,2025-07-29,2025-07-29,11:50,12:25,19420,12020,16,214
馬來西亞航空,MH9797,NRT,TPE,2025-07-29,2025-07-29,18:10,20:55,24785,11345,28,255
馬來西亞航空,MH9797,NRT,TPE,2025-07-30,2025-07-30,18:10,20:55,24785,11345,28,255
馬來西亞航空,MH9797,NRT,TPE,2025-07-31,2025-07-31,18:10,20:55,24785,11345,28,255
馬來西亞航空,MH9797,NRT,TPE,2025-08-01,2025-08-01,18:10,20:55,24785,11345,28,255
馬來西亞航空,MH9797,NRT,TPE,2025-08-02,2025-08-02,18:10,20:55,24785,11345,28,255
馬來西亞航空,MH9797,NRT,TPE,2025-08-03,2025-08-03,18:10,20:55,24785,11345,28,255
馬來西亞航空,MH9797,NRT,TPE,2025-07-28,2025-07-28,18:10,20:55,24785,11345,28,255
馬來西亞航空,MH5605,OKA,TPE,2025-07-29,2025-07-29,20:35,21:10,19420,11734,16,214
馬來西亞航空,MH5605,OKA,TPE,2025-07-30,2025-07-30,20:35,21:10,19420,11734,16,214
馬來西亞航空,MH5605,OKA,TPE,2025-07-31,2025-07-31,20:35,21:10,19420,11734,16,214
馬來西亞航空,MH5605,OKA,TPE,2025-08-01,2025-08-01,20:35,21:10,19420,11734,16,214
馬來西亞航空,MH5605,OKA,TPE,2025-08-02,2025-08-02,20:35,21:10,19420,11734,16,214
馬來西亞航空,MH5605,OKA,TPE,2025-08-03,2025-08-03,20:35,21:10,19420,11734,16,214
馬來西亞航空,MH5605,OKA,TPE,2025-07-28,2025-07-28,20:35,21:10,19420,11734,16,214
馬來西亞航空,MH5597,OKA,TPE,2025-07-29,2025-07-29,11:50,12:25,19420,12020,16,214
馬來西亞航空,MH5597,OKA,TPE,2025-07-30,2025-07-30,11:50,12:25,19420,12020,16,214
馬來西亞航空,MH5597,OKA,TPE,2025-07-31,2025-07-31,11:50,12:25,19420,12020,16,214
馬來西亞航空,MH5597,OKA,TPE,2025-08-01,2025-08-01,11:50,12:25,19420,12020,16,214
馬來西亞航空,MH5597,OKA,TPE,2025-08-02,2025-08-02,11:50,12:25,19420,12020,16,214
馬來西亞航空,MH5597,OKA,TPE,2025-08-03,2025-08-03,11:50,12:25,19420,12020,16,214
馬來西亞航空,MH5597,OKA,TPE,2025-08-05,2025-08-05,11:50,12:25,19420,12020,16,214
馬來西亞航空,MH9797,NRT,TPE,2025-08-05,2025-08-05,18:10,20:55,24785,11345,28,255
馬來西亞航空,MH9797,NRT,TPE,2025-08-06,2025-08-06,18:10,20:55,24785,11345,28,255
馬來西亞航空,MH9797,NRT,TPE,2025-08-07,2025-08-07,18:10,20:55,24785,11345,28,255
馬來西亞航空,MH9797,NRT,TPE,2025-08-08,2025-08-08,18:10,20:55,24785,11345,28,255
馬來西亞航空,MH9797,NRT,TPE,2025-08-09,2025-08-09,18:10,20:55,24785,11345,28,255
馬來西亞航空,MH9797,NRT,TPE,2025-08-10,2025-08-10,18:10,20:55,24785,11345,28,255
馬來西亞航空,MH9797,NRT,TPE,2025-08-04,2025-08-04,18:10,20:55,24785,11345,28,255
馬來西亞航空,MH5605,OKA,TPE,2025-08-05,2025-08-05,20:35,21:10,19420,11734,16,214
馬來西亞航空,MH5605,OKA,TPE,2025-08-06,2025-08-06,20:35,21:10,19420,11734,16,214
馬來西亞航空,MH5605,OKA,TPE,2025-08-07,2025-08-07,20:35,21:10,19420,11734,16,214
馬來西亞航空,MH5605,OKA,TPE,2025-08-08,2025-08-08,20:35,21:10,19420,11734,16,214
馬來西亞航空,MH5605,OKA,TPE,2025-08-09,2025-08-09,20:35,21:10,19420,11734,16,214
馬來西亞航空,MH5605,OKA,TPE,2025-08-10,2025-08-10,20:35,21:10,19420,11734,16,214
馬來西亞航空,MH5605,OKA,TPE,2025-08-04,2025-08-04,20:35,21:10,19420,11734,16,214
馬來西亞航空,MH5597,OKA,TPE,2025-08-05,2025-08-05,11:50,12:25,19420,12020,16,214
馬來西亞航空,MH5597,OKA,TPE,2025-08-06,2025-08-06,11:50,12:25,19420,12020,16,214
馬來西亞航空,MH5597,OKA,TPE,2025-08-07,2025-08-07,11:50,12:25,19420,12020,16,214
馬來西亞航空,MH5597,OKA,TPE,2025-08-08,2025-08-08,11:50,12:25,19420,12020,16,214
馬來西亞航空,MH5597,OKA,TPE,2025-08-09,2025-08-09,11:50,12:25,19420,12020,16,214
馬來西亞航空,MH5597,OKA,TPE,2025-08-10,2025-08-10,11:50,12:25,19420,12020,16,214
馬來西亞航空,MH5597,OKA,TPE,2025-08-12,2025-08-12,11:50,12:25,19420,12020,16,214
馬來西亞航空,MH9797,NRT,TPE,2025-08-12,2025-08-12,18:10,20:55,24785,11345,28,255
馬來西亞航空,MH9797,NRT,TPE,2025-08-13,2025-08-13,18:10,20:55,24785,11345,28,255
馬來西亞航空,MH9797,NRT,TPE,2025-08-14,2025-08-14,18:10,20:55,24785,11345,28,255
馬來西亞航空,MH9797,NRT,TPE,2025-08-15,2025-08-15,18:10,20:55,24785,11345,28,255
馬來西亞航空,MH9797,NRT,TPE,2025-08-16,2025-08-16,18:10,20:55,24785,11345,28,255
馬來西亞航空,MH9797,NRT,TPE,2025-08-17,2025-08-17,18:10,20:55,24785,11345,28,255
馬來西亞航空,MH9797,NRT,TPE,2025-08-11,2025-08-11,18:10,20:55,24785,11345,28,255
馬來西亞航空,MH5605,OKA,TPE,2025-08-12,2025-08-12,20:35,21:10,19420,11734,16,214
馬來西亞航空,MH5605,OKA,TPE,2025-08-13,2025-08-13,20:35,21:10,19420,11734,16,214
馬來西亞航空,MH5605,OKA,TPE,2025-08-14,2025-08-14,20:35,21:10,19420,11734,16,214
馬來西亞航空,MH5605,OKA,TPE,2025-08-15,2025-08-15,20:35,21:10,19420,11734,16,214
馬來西亞航空,MH5605,OKA,TPE,2025-08-16,2025-08-16,20:35,21:10,19420,11734,16,214
馬來西亞航空,MH5605,OKA,TPE,2025-08-17,2025-08-17,20:35,21:10,19420,11734,16,214
馬來西亞航空,MH5605,OKA,TPE,2025-08-11,2025-08-11,20:35,21:10,19420,11734,16,214
馬來西亞航空,MH5597,OKA,TPE,2025-08-12,2025-08-12,11:50,12:25,19420,12020,16,214
馬來西亞航空,MH5597,OKA,TPE,2025-08-13,2025-08-13,11:50,12:25,19420,12020,16,214
馬來西亞航空,MH5597,OKA,TPE,2025-08-14,2025-08-14,11:50,12:25,19420,12020,16,214
馬來西亞航空,MH5597,OKA,TPE,2025-08-15,2025-08-15,11:50,12:25,19420,12020,16,214
馬來西亞航空,MH5597,OKA,TPE,2025-08-16,2025-08-16,11:50,12:25,19420,12020,16,214
馬來西亞航空,MH5597,OKA,TPE,2025-08-17,2025-08-17,11:50,12:25,19420,12020,16,214
馬來西亞航空,MH5597,OKA,TPE,2025-08-19,2025-08-19,11:50,12:25,19420,12020,16,214
馬來西亞航空,MH9797,NRT,TPE,2025-08-19,2025-08-19,18:10,20:55,24785,11345,28,255
馬來西亞航空,MH9797,NRT,TPE,2025-08-20,2025-08-20,18:10,20:55,24785,11345,28,255
馬來西亞航空,MH9797,NRT,TPE,2025-08-21,2025-08-21,18:10,20:55,24785,11345,28,255
馬來西亞航空,MH9797,NRT,TPE,2025-08-22,2025-08-22,18:10,20:55,24785,11345,28,255
馬來西亞航空,MH9797,NRT,TPE,2025-08-23,2025-08-23,18:10,20:55,24785,11345,28,255
馬來西亞航空,MH9797,NRT,TPE,2025-08-24,2025-08-24,18:10,20:55,24785,11345,28,255
馬來西亞航空,MH9797,NRT,TPE,2025-08-18,2025-08-18,18:10,20:55,24785,11345,28,255
馬來西亞航空,MH5605,OKA,TPE,2025-08-19,2025-08-19,20:35,21:10,19420,11734,16,214
馬來西亞航空,MH5605,OKA,TPE,2025-08-20,2025-08-20,20:35,21:10,19420,11734,16,214
馬來西亞航空,MH5605,OKA,TPE,2025-08-21,2025-08-21,20:35,21:10,19420,11734,16,214
馬來西亞航空,MH5605,OKA,TPE,2025-08-22,2025-08-22,20:35,21:10,19420,11734,16,214
馬來西亞航空,MH5605,OKA,TPE,2025-08-23,2025-08-23,20:35,21:10,19420,11734,16,214
馬來西亞航空,MH5605,OKA,TPE,2025-08-24,2025-08-24,20:35,21:10,19420,11734,16,214
馬來西亞航空,MH5605,OKA,TPE,2025-08-18,2025-08-18,20:35,21:10,19420,11734,16,214
馬來西亞航空,MH5597,OKA,TPE,2025-08-19,2025-08-19,11:50,12:25,19420,12020,16,214
馬來西亞航空,MH5597,OKA,TPE,2025-08-20,2025-08-20,11:50,12:25,19420,12020,16,214
馬來西亞航空,MH5597,OKA,TPE,2025-08-21,2025-08-21,11:50,12:25,19420,12020,16,214
馬來西亞航空,MH5597,OKA,TPE,2025-08-22,2025-08-22,11:50,12:25,19420,12020,16,214
馬來西亞航空,MH5597,OKA,TPE,2025-08-23,2025-08-23,11:50,12:25,19420,12020,16,214
馬來西亞航空,MH5597,OKA,TPE,2025-08-24,2025-08-24,11:50,12:25,19420,12020,16,214
馬來西亞航空,MH5597,OKA,TPE,2025-08-26,2025-08-26,11:50,12:25,19420,12020,16,214
馬來西亞航空,MH9797,NRT,TPE,2025-08-26,2025-08-26,18:10,20:55,24785,11345,28,255
馬來西亞航空,MH9797,NRT,TPE,2025-08-27,2025-08-27,18:10,20:55,24785,11345,28,255
馬來西亞航空,MH9797,NRT,TPE,2025-08-28,2025-08-28,18:10,20:55,24785,11345,28,255
馬來西亞航空,MH9797,NRT,TPE,2025-08-29,2025-08-29,18:10,20:55,24785,11345,28,255
馬來西亞航空,MH9797,NRT,TPE,2025-08-30,2025-08-30,18:10,20:55,24785,11345,28,255
馬來西亞航空,MH9797,NRT,TPE,2025-08-31,2025-08-31,18:10,20:55,24785,11345,28,255
馬來西亞航空,MH9797,NRT,TPE,2025-08-25,2025-08-25,18:10,20:55,24785,11345,28,255
馬來西亞航空,MH5605,OKA,TPE,2025-08-26,2025-08-26,20:35,21:10,19420,11734,16,214
馬來西亞航空,MH5605,OKA,TPE,2025-08-27,2025-08-27,20:35,21:10,19420,11734,16,214
馬來西亞航空,MH5605,OKA,TPE,2025-08-28,2025-08-28,20:35,21:10,19420,11734,16,214
馬來西亞航空,MH5605,OKA,TPE,2025-08-29,2025-08-29,20:35,21:10,19420,11734,16,214
馬來西亞航空,MH5605,OKA,TPE,2025-08-30,2025-08-30,20:35,21:10,19420,11734,16,214
馬來西亞航空,MH5605,OKA,TPE,2025-08-31,2025-08-31,20:35,21:10,19420,11734,16,214
馬來西亞航空,MH5605,OKA,TPE,2025-08-25,2025-08-25,20:35,21:10,19420,11734,16,214
馬來西亞航空,MH5597,OKA,TPE,2025-08-26,2025-08-26,11:50,12:25,19420,12020,16,214
馬來西亞航空,MH5597,OKA,TPE,2025-08-27,2025-08-27,11:50,12:25,19420,12020,16,214
馬來西亞航空,MH5597,OKA,TPE,2025-08-28,2025-08-28,11:50,12:25,19420,12020,16,214
馬來西亞航空,MH5597,OKA,TPE,2025-08-29,2025-08-29,11:50,12:25,19420,12020,16,214
馬來西亞航空,MH5597,OKA,TPE,2025-08-30,2025-08-30,11:50,12:25,19420,12020,16,214
馬來西亞航空,MH5597,OKA,TPE,2025-08-31,2025-08-31,11:50,12:25,19420,12020,16,214
馬來西亞航空,MH5597,OKA,TPE,2025-09-02,2025-09-02,11:50,12:25,19420,12020,16,214
馬來西亞航空,MH9797,NRT,TPE,2025-09-02,2025-09-02,18:10,20:55,24785,11345,28,255
馬來西亞航空,MH9797,NRT,TPE,2025-09-03,2025-09-03,18:10,20:55,24785,11345,28,255
馬來西亞航空,MH9797,NRT,TPE,2025-09-04,2025-09-04,18:10,20:55,24785,11345,28,255
馬來西亞航空,MH9797,NRT,TPE,2025-09-05,2025-09-05,18:10,20:55,24785,11345,28,255
馬來西亞航空,MH9797,NRT,TPE,2025-09-06,2025-09-06,18:10,20:55,24785,11345,28,255
馬來西亞航空,MH9797,NRT,TPE,2025-09-07,2025-09-07,18:10,20:55,24785,11345,28,255
馬來西亞航空,MH9797,NRT,TPE,2025-09-01,2025-09-01,18:10,20:55,24785,11345,28,255
馬來西亞航空,MH5605,OKA,TPE,2025-09-02,2025-09-02,20:35,21:10,19420,11734,16,214
馬來西亞航空,MH5605,OKA,TPE,2025-09-03,2025-09-03,20:35,21:10,19420,11734,16,214
馬來西亞航空,MH5605,OKA,TPE,2025-09-04,2025-09-04,20:35,21:10,19420,11734,16,214
馬來西亞航空,MH5605,OKA,TPE,2025-09-05,2025-09-05,20:35,21:10,19420,11734,16,214
馬來西亞航空,MH5605,OKA,TPE,2025-09-06,2025-09-06,20:35,21:10,19420,11734,16,214
馬來西亞航空,MH5605,OKA,TPE,2025-09-07,2025-09-07,20:35,21:10,19420,11734,16,214
馬來西亞航空,MH5605,OKA,TPE,2025-09-01,2025-09-01,20:35,21:10,19420,11734,16,214
馬來西亞航空,MH5597,OKA,TPE,2025-09-02,2025-09-02,11:50,12:25,19420,12020,16,214
馬來西亞航空,MH5597,OKA,TPE,2025-09-03,2025-09-03,11:50,12:25,19420,12020,16,214
馬來西亞航空,MH5597,OKA,TPE,2025-09-04,2025-09-04,11:50,12:25,19420,12020,16,214
馬來西亞航空,MH5597,OKA,TPE,2025-09-05,2025-09-05,11:50,12:25,19420,12020,16,214
馬來西亞航空,MH5597,OKA,TPE,2025-09-06,2025-09-06,11:50,12:25,19420,12020,16,214
馬來西亞航空,MH5597,OKA,TPE,2025-09-07,2025-09-07,11:50,12:25,19420,12020,16,214
馬來西亞航空,MH5597,OKA,TPE,2025-09-09,2025-09-09,11:50,12:25,19420,12020,16,214
馬來西亞航空,MH9797,NRT,TPE,2025-09-09,2025-09-09,18:10,20:55,24785,11345,28,255
馬來西亞航空,MH9797,NRT,TPE,2025-09-10,2025-09-10,18:10,20:55,24785,11345,28,255
馬來西亞航空,MH9797,NRT,TPE,2025-09-11,2025-09-11,18:10,20:55,24785,11345,28,255
馬來西亞航空,MH9797,NRT,TPE,2025-09-12,2025-09-12,18:10,20:55,24785,11345,28,255
馬來西亞航空,MH9797,NRT,TPE,2025-09-13,2025-09-13,18:10,20:55,24785,11345,28,255
馬來西亞航空,MH9797,NRT,TPE,2025-09-14,2025-09-14,18:10,20:55,24785,11345,28,255
馬來西亞航空,MH9797,NRT,TPE,2025-09-08,2025-09-08,18:10,20:55,24785,11345,28,255
馬來西亞航空,MH5605,OKA,TPE,2025-09-09,2025-09-09,20:35,21:10,19420,11734,16,214
馬來西亞航空,MH5605,OKA,TPE,2025-09-10,2025-09-10,20:35,21:10,19420,11734,16,214
馬來西亞航空,MH5605,OKA,TPE,2025-09-11,2025-09-11,20:35,21:10,19420,11734,16,214
馬來西亞航空,MH5605,OKA,TPE,2025-09-12,2025-09-12,20:35,21:10,19420,11734,16,214
馬來西亞航空,MH5605,OKA,TPE,2025-09-13,2025-09-13,20:35,21:10,19420,11734,16,214
馬來西亞航空,MH5605,OKA,TPE,2025-09-14,2025-09-14,20:35,21:10,19420,11734,16,214
馬來西亞航空,MH5605,OKA,TPE,2025-09-08,2025-09-08,20:35,21:10,19420,11734,16,214
馬來西亞航空,MH5597,OKA,TPE,2025-09-09,2025-09-09,11:50,12:25,19420,12020,16,214
馬來西亞航空,MH5597,OKA,TPE,2025-09-10,2025-09-10,11:50,12:25,19420,12020,16,214
馬來西亞航空,MH5597,OKA,TPE,2025-09-11,2025-09-11,11:50,12:25,19420,12020,16,214
馬來西亞航空,MH5597,OKA,TPE,2025-09-12,2025-09-12,11:50,12:25,19420,12020,16,214
馬來西亞航空,MH5597,OKA,TPE,2025-09-13,2025-09-13,11:50,12:25,19420,12020,16,214
馬來西亞航空,MH5597,OKA,TPE,2025-09-14,2025-09-14,11:50,12:25,19420,12020,16,214
馬來西亞航空,MH5597,OKA,TPE,2025-09-16,2025-09-16,11:50,12:25,19420,12020,16,214
馬來西亞航空,MH9797,NRT,TPE,2025-09-16,2025-09-16,18:10,20:55,24785,11345,28,255
馬來西亞航空,MH9797,NRT,TPE,2025-09-17,2025-09-17,18:10,20:55,24785,11345,28,255
馬來西亞航空,MH9797,NRT,TPE,2025-09-18,2025-09-18,18:10,20:55,24785,11345,28,255
馬來西亞航空,MH9797,NRT,TPE,2025-09-19,2025-09-19,18:10,20:55,24785,11345,28,255
馬來西亞航空,MH9797,NRT,TPE,2025-09-20,2025-09-20,18:10,20:55,24785,11345,28,255
馬來西亞航空,MH9797,NRT,TPE,2025-09-21,2025-09-21,18:10,20:55,24785,11345,28,255
馬來西亞航空,MH9797,NRT,TPE,2025-09-15,2025-09-15,18:10,20:55,24785,11345,28,255
馬來西亞航空,MH5605,OKA,TPE,2025-09-16,2025-09-16,20:35,21:10,19420,11734,16,214
馬來西亞航空,MH5605,OKA,TPE,2025-09-17,2025-09-17,20:35,21:10,19420,11734,16,214
馬來西亞航空,MH5605,OKA,TPE,2025-09-18,2025-09-18,20:35,21:10,19420,11734,16,214
馬來西亞航空,MH5605,OKA,TPE,2025-09-19,2025-09-19,20:35,21:10,19420,11734,16,214
馬來西亞航空,MH5605,OKA,TPE,2025-09-20,2025-09-20,20:35,21:10,19420,11734,16,214
馬來西亞航空,MH5605,OKA,TPE,2025-09-21,2025-09-21,20:35,21:10,19420,11734,16,214
馬來西亞航空,MH5605,OKA,TPE,2025-09-15,2025-09-15,20:35,21:10,19420,11734,16,214
馬來西亞航空,MH5597,OKA,TPE,2025-09-16,2025-09-16,11:50,12:25,19420,12020,16,214
馬來西亞航空,MH5597,OKA,TPE,2025-09-17,2025-09-17,11:50,12:25,19420,12020,16,214
馬來西亞航空,MH5597,OKA,TPE,2025-09-18,2025-09-18,11:50,12:25,19420,12020,16,214
馬來西亞航空,MH5597,OKA,TPE,2025-09-19,2025-09-19,11:50,12:25,19420,12020,16,214
馬來西亞航空,MH5597,OKA,TPE,2025-09-20,2025-09-20,11:50,12:25,19420,12020,16,214
馬來西亞航空,MH5597,OKA,TPE,2025-09-21,2025-09-21,11:50,12:25,19420,12020,16,214
馬來西亞航空,MH5597,OKA,TPE,2025-09-23,2025-09-23,11:50,12:25,19420,12020,16,214
馬來西亞航空,MH9797,NRT,TPE,2025-09-23,2025-09-23,18:10,20:55,24785,11345,28,255
馬來西亞航空,MH9797,NRT,TPE,2025-09-24,2025-09-24,18:10,20:55,24785,11345,28,255
馬來西亞航空,MH9797,NRT,TPE,2025-09-25,2025-09-25,18:10,20:55,24785,11345,28,255
馬來西亞航空,MH9797,NRT,TPE,2025-09-26,2025-09-26,18:10,20:55,24785,11345,28,255
馬來西亞航空,MH9797,NRT,TPE,2025-09-27,2025-09-27,18:10,20:55,24785,11345,28,255
馬來西亞航空,MH9797,NRT,TPE,2025-09-28,2025-09-28,18:10,20:55,24785,11345,28,255
馬來西亞航空,MH9797,NRT,TPE,2025-09-22,2025-09-22,18:10,20:55,24785,11345,28,255
馬來西亞航空,MH5605,OKA,TPE,2025-09-23,2025-09-23,20:35,21:10,19420,11734,16,214
馬來西亞航空,MH5605,OKA,TPE,2025-09-24,2025-09-24,20:35,21:10,19420,11734,16,214
馬來西亞航空,MH5605,OKA,TPE,2025-09-25,2025-09-25,20:35,21:10,19420,11734,16,214
馬來西亞航空,MH5605,OKA,TPE,2025-09-26,2025-09-26,20:35,21:10,19420,11734,16,214
馬來西亞航空,MH5605,OKA,TPE,2025-09-27,2025-09-27,20:35,21:10,19420,11734,16,214
馬來西亞航空,MH5605,OKA,TPE,2025-09-28,2025-09-28,20:35,21:10,19420,11734,16,214
馬來西亞航空,MH5605,OKA,TPE,2025-09-22,2025-09-22,20:35,21:10,19420,11734,16,214
馬來西亞航空,MH5597,OKA,TPE,2025-09-23,2025-09-23,11:50,12:25,19420,12020,16,214
馬來西亞航空,MH5597,OKA,TPE,2025-09-24,2025-09-24,11:50,12:25,19420,12020,16,214
馬來西亞航空,MH5597,OKA,TPE,2025-09-25,2025-09-25,11:50,12:25,19420,12020,16,214
馬來西亞航空,MH5597,OKA,TPE,2025-09-26,2025-09-26,11:50,12:25,19420,12020,16,214
馬來西亞航空,MH5597,OKA,TPE,2025-09-27,2025-09-27,11:50,12:25,19420,12020,16,214
馬來西亞航空,MH5597,OKA,TPE,2025-09-28,2025-09-28,11:50,12:25,19420,12020,16,214
馬來西亞航空,MH5597,OKA,TPE,2025-09-30,2025-09-30,11:50,12:25,19420,12020,16,214
馬來西亞航空,MH9797,NRT,TPE,2025-09-30,2025-09-30,18:10,20:55,24785,11345,28,255
馬來西亞航空,MH9797,NRT,TPE,2025-10-01,2025-10-01,18:10,20:55,24785,11345,28,255
馬來西亞航空,MH9797,NRT,TPE,2025-10-02,2025-10-02,18:10,20:55,24785,11345,28,255
馬來西亞航空,MH9797,NRT,TPE,2025-10-03,2025-10-03,18:10,20:55,24785,11345,28,255
馬來西亞航空,MH9797,NRT,TPE,2025-10-04,2025-10-04,18:10,20:55,24785,11345,28,255
馬來西亞航空,MH9797,NRT,TPE,2025-10-05,2025-10-05,18:10,20:55,24785,11345,28,255
馬來西亞航空,MH9797,NRT,TPE,2025-09-29,2025-09-29,18:10,20:55,24785,11345,28,255
馬來西亞航空,MH5605,OKA,TPE,2025-09-30,2025-09-30,20:35,21:10,19420,11734,16,214
馬來西亞航空,MH5605,OKA,TPE,2025-10-01,2025-10-01,20:35,21:10,19420,11734,16,214
馬來西亞航空,MH5605,OKA,TPE,2025-10-02,2025-10-02,20:35,21:10,19420,11734,16,214
馬來西亞航空,MH5605,OKA,TPE,2025-10-03,2025-10-03,20:35,21:10,19420,11734,16,214
馬來西亞航空,MH5605,OKA,TPE,2025-10-04,2025-10-04,20:35,21:10,19420,11734,16,214
馬來西亞航空,MH5605,OKA,TPE,2025-10-05,2025-10-05,20:35,21:10,19420,11734,16,214
馬來西亞航空,MH5605,OKA,TPE,2025-09-29,2025-09-29,20:35,21:10,19420,11734,16,214
馬來西亞航空,MH5597,OKA,TPE,2025-09-30,2025-09-30,11:50,12:25,19420,12020,16,214
馬來西亞航空,MH5597,OKA,TPE,2025-10-01,2025-10-01,11:50,12:25,19420,12020,16,214
馬來西亞航空,MH5597,OKA,TPE,2025-10-02,2025-10-02,11:50,12:25,19420,12020,16,214
馬來西亞航空,MH5597,OKA,TPE,2025-10-03,2025-10-03,11:50,12:25,19420,12020,16,214
馬來西亞航空,MH5597,OKA,TPE,2025-10-04,2025-10-04,11:50,12:25,19420,12020,16,214
馬來西亞航空,MH5597,OKA,TPE,2025-10-05,2025-10-05,11:50,12:25,19420,12020,16,214
馬來西亞航空,MH5597,OKA,TPE,2025-10-07,2025-10-07,11:50,12:25,19420,12020,16,214
馬來西亞航空,MH9797,NRT,TPE,2025-10-07,2025-10-07,18:10,20:55,24785,11345,28,255
馬來西亞航空,MH9797,NRT,TPE,2025-10-08,2025-10-08,18:10,20:55,24785,11345,28,255
馬來西亞航空,MH9797,NRT,TPE,2025-10-09,2025-10-09,18:10,20:55,24785,11345,28,255
馬來西亞航空,MH9797,NRT,TPE,2025-10-10,2025-10-10,18:10,20:55,24785,11345,28,255
馬來西亞航空,MH9797,NRT,TPE,2025-10-11,2025-10-11,18:10,20:55,24785,11345,28,255
馬來西亞航空,MH9797,NRT,TPE,2025-10-12,2025-10-12,18:10,20:55,24785,11345,28,255
馬來西亞航空,MH9797,NRT,TPE,2025-10-06,2025-10-06,18:10,20:55,24785,11345,28,255
馬來西亞航空,MH5605,OKA,TPE,2025-10-07,2025-10-07,20:35,21:10,19420,11734,16,214
馬來西亞航空,MH5605,OKA,TPE,2025-10-08,2025-10-08,20:35,21:10,19420,11734,16,214
馬來西亞航空,MH5605,OKA,TPE,2025-10-09,2025-10-09,20:35,21:10,19420,11734,16,214
馬來西亞航空,MH5605,OKA,TPE,2025-10-10,2025-10-10,20:35,21:10,19420,11734,16,214
馬來西亞航空,MH5605,OKA,TPE,2025-10-11,2025-10-11,20:35,21:10,19420,11734,16,214
馬來西亞航空,MH5605,OKA,TPE,2025-10-12,2025-10-12,20:35,21:10,19420,11734,16,214
馬來西亞航空,MH5605,OKA,TPE,2025-10-06,2025-10-06,20:35,21:10,19420,11734,16,214
馬來西亞航空,MH5597,OKA,TPE,2025-10-07,2025-10-07,11:50,12:25,19420,12020,16,214
馬來西亞航空,MH5597,OKA,TPE,2025-10-08,2025-10-08,11:50,12:25,19420,12020,16,214
馬來西亞航空,MH5597,OKA,TPE,2025-10-09,2025-10-09,11:50,12:25,19420,12020,16,214
馬來西亞航空,MH5597,OKA,TPE,2025-10-10,2025-10-10,11:50,12:25,19420,12020,16,214
馬來西亞航空,MH5597,OKA,TPE,2025-10-11,2025-10-11,11:50,12:25,19420,12020,16,214
馬來西亞航空,MH5597,OKA,TPE,2025-10-12,2025-10-12,11:50,12:25,19420,12020,16,214
馬來西亞航空,MH5597,OKA,TPE,2025-10-14,2025-10-14,11:50,12:25,19420,12020,16,214
馬來西亞航空,MH9797,NRT,TPE,2025-10-14,2025-10-14,18:10,20:55,24785,11345,28,255
馬來西亞航空,MH9797,NRT,TPE,2025-10-15,2025-10-15,18:10,20:55,24785,11345,28,255
馬來西亞航空,MH9797,NRT,TPE,2025-10-16,2025-10-16,18:10,20:55,24785,11345,28,255
馬來西亞航空,MH9797,NRT,TPE,2025-10-17,2025-10-17,18:10,20:55,24785,11345,28,255
馬來西亞航空,MH9797,NRT,TPE,2025-10-18,2025-10-18,18:10,20:55,24785,11345,28,255
馬來西亞航空,MH9797,NRT,TPE,2025-10-19,2025-10-19,18:10,20:55,24785,11345,28,255
馬來西亞航空,MH9797,NRT,TPE,2025-10-13,2025-10-13,18:10,20:55,24785,11345,28,255
馬來西亞航空,MH5605,OKA,TPE,2025-10-14,2025-10-14,20:35,21:10,19420,11734,16,214
馬來西亞航空,MH5605,OKA,TPE,2025-10-15,2025-10-15,20:35,21:10,19420,11734,16,214
馬來西亞航空,MH5605,OKA,TPE,2025-10-16,2025-10-16,20:35,21:10,19420,11734,16,214
馬來西亞航空,MH5605,OKA,TPE,2025-10-17,2025-10-17,20:35,21:10,19420,11734,16,214
馬來西亞航空,MH5605,OKA,TPE,2025-10-18,2025-10-18,20:35,21:10,19420,11734,16,214
馬來西亞航空,MH5605,OKA,TPE,2025-10-19,2025-10-19,20:35,21:10,19420,11734,16,214
馬來西亞航空,MH5605,OKA,TPE,2025-10-13,2025-10-13,20:35,21:10,19420,11734,16,214
馬來西亞航空,MH5597,OKA,TPE,2025-10-14,2025-10-14,11:50,12:25,19420,12020,16,214
馬來西亞航空,MH5597,OKA,TPE,2025-10-15,2025-10-15,11:50,12:25,19420,12020,16,214
馬來西亞航空,MH5597,OKA,TPE,2025-10-16,2025-10-16,11:50,12:25,19420,12020,16,214
馬來西亞航空,MH5597,OKA,TPE,2025-10-17,2025-10-17,11:50,12:25,19420,12020,16,214
馬來西亞航空,MH5597,OKA,TPE,2025-10-18,2025-10-18,11:50,12:25,19420,12020,16,214
馬來西亞航空,MH5597,OKA,TPE,2025-10-19,2025-10-19,11:50,12:25,19420,12020,16,214
馬來西亞航空,MH5597,OKA,TPE,2025-10-21,2025-10-21,11:50,12:25,19420,12020,16,214
馬來西亞航空,MH9797,NRT,TPE,2025-10-21,2025-10-21,18:10,20:55,24785,11345,28,255
馬來西亞航空,MH9797,NRT,TPE,2025-10-22,2025-10-22,18:10,20:55,24785,11345,28,255
馬來西亞航空,MH9797,NRT,TPE,2025-10-23,2025-10-23,18:10,20:55,24785,11345,28,255
馬來西亞航空,MH9797,NRT,TPE,2025-10-24,2025-10-24,18:10,20:55,24785,11345,28,255
馬來西亞航空,MH9797,NRT,TPE,2025-10-25,2025-10-25,18:10,20:55,24785,11345,28,255
馬來西亞航空,MH9797,NRT,TPE,2025-10-26,2025-10-26,18:10,20:55,24785,11345,28,255
馬來西亞航空,MH9797,NRT,TPE,2025-10-20,2025-10-20,18:10,20:55,24785,11345,28,255
馬來西亞航空,MH5605,OKA,TPE,2025-10-21,2025-10-21,20:35,21:10,19420,11734,16,214
馬來西亞航空,MH5605,OKA,TPE,2025-10-22,2025-10-22,20:35,21:10,19420,11734,16,214
馬來西亞航空,MH5605,OKA,TPE,2025-10-23,2025-10-23,20:35,21:10,19420,11734,16,214
馬來西亞航空,MH5605,OKA,TPE,2025-10-24,2025-10-24,20:35,21:10,19420,11734,16,214
馬來西亞航空,MH5605,OKA,TPE,2025-10-25,2025-10-25,20:35,21:10,19420,11734,16,214
馬來西亞航空,MH5605,OKA,TPE,2025-10-26,2025-10-26,20:35,21:10,19420,11734,16,214
馬來西亞航空,MH5605,OKA,TPE,2025-10-20,2025-10-20,20:35,21:10,19420,11734,16,214
馬來西亞航空,MH5597,OKA,TPE,2025-10-21,2025-10-21,11:50,12:25,19420,12020,16,214
馬來西亞航空,MH5597,OKA,TPE,2025-10-22,2025-10-22,11:50,12:25,19420,12020,16,214
馬來西亞航空,MH5597,OKA,TPE,2025-10-23,2025-10-23,11:50,12:25,19420,12020,16,214
馬來西亞航空,MH5597,OKA,TPE,2025-10-24,2025-10-24,11:50,12:25,19420,12020,16,214
馬來西亞航空,MH5597,OKA,TPE,2025-10-25,2025-10-25,11:50,12:25,19420,12020,16,214
馬來西亞航空,MH5597,OKA,TPE,2025-10-26,2025-10-26,11:50,12:25,19420,12020,16,214
馬來西亞航空,MH5597,OKA,TPE,2025-10-28,2025-10-28,11:50,12:25,19420,12020,16,214
馬來西亞航空,MH9797,NRT,TPE,2025-10-28,2025-10-28,18:10,20:55,24785,11345,28,255
馬來西亞航空,MH9797,NRT,TPE,2025-10-29,2025-10-29,18:10,20:55,24785,11345,28,255
馬來西亞航空,MH9797,NRT,TPE,2025-10-30,2025-10-30,18:10,20:55,24785,11345,28,255
馬來西亞航空,MH9797,NRT,TPE,2025-10-31,2025-10-31,18:10,20:55,24785,11345,28,255
馬來西亞航空,MH9797,NRT,TPE,2025-11-01,2025-11-01,18:10,20:55,24785,11345,28,255
馬來西亞航空,MH9797,NRT,TPE,2025-11-02,2025-11-02,18:10,20:55,24785,11345,28,255
馬來西亞航空,MH9797,NRT,TPE,2025-10-27,2025-10-27,18:10,20:55,24785,11345,28,255
馬來西亞航空,MH5605,OKA,TPE,2025-10-28,2025-10-28,20:35,21:10,19420,11734,16,214
馬來西亞航空,MH5605,OKA,TPE,2025-10-29,2025-10-29,20:35,21:10,19420,11734,16,214
馬來西亞航空,MH5605,OKA,TPE,2025-10-30,2025-10-30,20:35,21:10,19420,11734,16,214
馬來西亞航空,MH5605,OKA,TPE,2025-10-31,2025-10-31,20:35,21:10,19420,11734,16,214
馬來西亞航空,MH5605,OKA,TPE,2025-11-01,2025-11-01,20:35,21:10,19420,11734,16,214
馬來西亞航空,MH5605,OKA,TPE,2025-11-02,2025-11-02,20:35,21:10,19420,11734,16,214
馬來西亞航空,MH5605,OKA,TPE,2025-10-27,2025-10-27,20:35,21:10,19420,11734,16,214
馬來西亞航空,MH5597,OKA,TPE,2025-10-28,2025-10-28,11:50,12:25,19420,12020,16,214
馬來西亞航空,MH5597,OKA,TPE,2025-10-29,2025-10-29,11:50,12:25,19420,12020,16,214
馬來西亞航空,MH5597,OKA,TPE,2025-10-30,2025-10-30,11:50,12:25,19420,12020,16,214
馬來西亞航空,MH5597,OKA,TPE,2025-10-31,2025-10-31,11:50,12:25,19420,12020,16,214
馬來西亞航空,MH5597,OKA,TPE,2025-11-01,2025-11-01,11:50,12:25,19420,12020,16,214
馬來西亞航空,MH5597,OKA,TPE,2025-11-02,2025-11-02,11:50,12:25,19420,12020,16,214
馬來西亞航空,MH5597,OKA,TPE,2025-11-04,2025-11-04,11:50,12:25,19420,12020,16,214
