華信航空,AE991,TPE,XMN,2024-10-28,2024-10-28,08:45,10:30,14555,7038,12,190
華信航空,AE991,TPE,XMN,2024-10-29,2024-10-29,08:45,10:30,14555,7038,12,190
華信航空,AE991,TPE,XMN,2024-10-30,2024-10-30,08:45,10:30,14555,7038,12,190
華信航空,AE991,TPE,XMN,2024-10-31,2024-10-31,08:45,10:30,14555,7038,12,190
華信航空,AE991,TPE,XMN,2024-11-01,2024-11-01,08:45,10:30,14555,7038,12,190
華信航空,AE991,TPE,XMN,2024-11-02,2024-11-02,08:45,10:30,14555,7038,12,190
華信航空,AE991,TPE,XMN,2024-11-03,2024-11-03,08:45,10:30,14555,7038,12,190
華信航空,AE992,XMN,TPE,2024-10-28,2024-10-28,11:35,13:20,14461,6944,12,190
華信航空,AE992,XMN,TPE,2024-10-29,2024-10-29,11:35,13:20,14461,6944,12,190
華信航空,AE992,XMN,TPE,2024-10-30,2024-10-30,11:35,13:20,14461,6944,12,190
華信航空,AE992,XMN,TPE,2024-10-31,2024-10-31,11:35,13:20,14461,6944,12,190
華信航空,AE992,XMN,TPE,2024-11-01,2024-11-01,11:35,13:20,14461,6944,12,190
華信航空,AE992,XMN,TPE,2024-11-02,2024-11-02,11:35,13:20,14461,6944,12,190
華信航空,AE992,XMN,TPE,2024-11-03,2024-11-03,11:35,13:20,14461,6944,12,190
華信航空,AE991,TPE,XMN,2024-11-04,2024-11-04,08:45,10:30,14555,7038,12,190
華信航空,AE991,TPE,XMN,2024-11-05,2024-11-05,08:45,10:30,14555,7038,12,190
華信航空,AE991,TPE,XMN,2024-11-06,2024-11-06,08:45,10:30,14555,7038,12,190
華信航空,AE991,TPE,XMN,2024-11-07,2024-11-07,08:45,10:30,14555,7038,12,190
華信航空,AE991,TPE,XMN,2024-11-08,2024-11-08,08:45,10:30,14555,7038,12,190
華信航空,AE991,TPE,XMN,2024-11-09,2024-11-09,08:45,10:30,14555,7038,12,190
華信航空,AE991,TPE,XMN,2024-11-10,2024-11-10,08:45,10:30,14555,7038,12,190
華信航空,AE992,XMN,TPE,2024-11-04,2024-11-04,11:35,13:20,14461,6944,12,190
華信航空,AE992,XMN,TPE,2024-11-05,2024-11-05,11:35,13:20,14461,6944,12,190
華信航空,AE992,XMN,TPE,2024-11-06,2024-11-06,11:35,13:20,14461,6944,12,190
華信航空,AE992,XMN,TPE,2024-11-07,2024-11-07,11:35,13:20,14461,6944,12,190
華信航空,AE992,XMN,TPE,2024-11-08,2024-11-08,11:35,13:20,14461,6944,12,190
華信航空,AE992,XMN,TPE,2024-11-09,2024-11-09,11:35,13:20,14461,6944,12,190
華信航空,AE992,XMN,TPE,2024-11-10,2024-11-10,11:35,13:20,14461,6944,12,190
華信航空,AE991,TPE,XMN,2024-11-11,2024-11-11,08:45,10:30,14555,7038,12,190
華信航空,AE991,TPE,XMN,2024-11-12,2024-11-12,08:45,10:30,14555,7038,12,190
華信航空,AE991,TPE,XMN,2024-11-13,2024-11-13,08:45,10:30,14555,7038,12,190
華信航空,AE991,TPE,XMN,2024-11-14,2024-11-14,08:45,10:30,14555,7038,12,190
華信航空,AE991,TPE,XMN,2024-11-15,2024-11-15,08:45,10:30,14555,7038,12,190
華信航空,AE991,TPE,XMN,2024-11-16,2024-11-16,08:45,10:30,14555,7038,12,190
華信航空,AE991,TPE,XMN,2024-11-17,2024-11-17,08:45,10:30,14555,7038,12,190
華信航空,AE992,XMN,TPE,2024-11-11,2024-11-11,11:35,13:20,14461,6944,12,190
華信航空,AE992,XMN,TPE,2024-11-12,2024-11-12,11:35,13:20,14461,6944,12,190
華信航空,AE992,XMN,TPE,2024-11-13,2024-11-13,11:35,13:20,14461,6944,12,190
華信航空,AE992,XMN,TPE,2024-11-14,2024-11-14,11:35,13:20,14461,6944,12,190
華信航空,AE992,XMN,TPE,2024-11-15,2024-11-15,11:35,13:20,14461,6944,12,190
華信航空,AE992,XMN,TPE,2024-11-16,2024-11-16,11:35,13:20,14461,6944,12,190
華信航空,AE992,XMN,TPE,2024-11-17,2024-11-17,11:35,13:20,14461,6944,12,190
華信航空,AE991,TPE,XMN,2024-11-18,2024-11-18,08:45,10:30,14555,7038,12,190
華信航空,AE991,TPE,XMN,2024-11-19,2024-11-19,08:45,10:30,14555,7038,12,190
華信航空,AE991,TPE,XMN,2024-11-20,2024-11-20,08:45,10:30,14555,7038,12,190
華信航空,AE991,TPE,XMN,2024-11-21,2024-11-21,08:45,10:30,14555,7038,12,190
華信航空,AE991,TPE,XMN,2024-11-22,2024-11-22,08:45,10:30,14555,7038,12,190
華信航空,AE991,TPE,XMN,2024-11-23,2024-11-23,08:45,10:30,14555,7038,12,190
華信航空,AE991,TPE,XMN,2024-11-24,2024-11-24,08:45,10:30,14555,7038,12,190
華信航空,AE992,XMN,TPE,2024-11-18,2024-11-18,11:35,13:20,14461,6944,12,190
華信航空,AE992,XMN,TPE,2024-11-19,2024-11-19,11:35,13:20,14461,6944,12,190
華信航空,AE992,XMN,TPE,2024-11-20,2024-11-20,11:35,13:20,14461,6944,12,190
華信航空,AE992,XMN,TPE,2024-11-21,2024-11-21,11:35,13:20,14461,6944,12,190
華信航空,AE992,XMN,TPE,2024-11-22,2024-11-22,11:35,13:20,14461,6944,12,190
華信航空,AE992,XMN,TPE,2024-11-23,2024-11-23,11:35,13:20,14461,6944,12,190
華信航空,AE992,XMN,TPE,2024-11-24,2024-11-24,11:35,13:20,14461,6944,12,190
華信航空,AE991,TPE,XMN,2024-11-25,2024-11-25,08:45,10:30,14555,7038,12,190
華信航空,AE991,TPE,XMN,2024-11-26,2024-11-26,08:45,10:30,14555,7038,12,190
華信航空,AE991,TPE,XMN,2024-11-27,2024-11-27,08:45,10:30,14555,7038,12,190
華信航空,AE991,TPE,XMN,2024-11-28,2024-11-28,08:45,10:30,14555,7038,12,190
華信航空,AE991,TPE,XMN,2024-11-29,2024-11-29,08:45,10:30,14555,7038,12,190
華信航空,AE991,TPE,XMN,2024-11-30,2024-11-30,08:45,10:30,14555,7038,12,190
華信航空,AE991,TPE,XMN,2024-12-01,2024-12-01,08:45,10:30,14555,7038,12,190
華信航空,AE992,XMN,TPE,2024-11-25,2024-11-25,11:35,13:20,14461,6944,12,190
華信航空,AE992,XMN,TPE,2024-11-26,2024-11-26,11:35,13:20,14461,6944,12,190
華信航空,AE992,XMN,TPE,2024-11-27,2024-11-27,11:35,13:20,14461,6944,12,190
華信航空,AE992,XMN,TPE,2024-11-28,2024-11-28,11:35,13:20,14461,6944,12,190
華信航空,AE992,XMN,TPE,2024-11-29,2024-11-29,11:35,13:20,14461,6944,12,190
華信航空,AE992,XMN,TPE,2024-11-30,2024-11-30,11:35,13:20,14461,6944,12,190
華信航空,AE992,XMN,TPE,2024-12-01,2024-12-01,11:35,13:20,14461,6944,12,190
華信航空,AE991,TPE,XMN,2024-12-02,2024-12-02,08:45,10:30,14555,7038,12,190
華信航空,AE991,TPE,XMN,2024-12-03,2024-12-03,08:45,10:30,14555,7038,12,190
華信航空,AE991,TPE,XMN,2024-12-04,2024-12-04,08:45,10:30,14555,7038,12,190
華信航空,AE991,TPE,XMN,2024-12-05,2024-12-05,08:45,10:30,14555,7038,12,190
華信航空,AE991,TPE,XMN,2024-12-06,2024-12-06,08:45,10:30,14555,7038,12,190
華信航空,AE991,TPE,XMN,2024-12-07,2024-12-07,08:45,10:30,14555,7038,12,190
華信航空,AE991,TPE,XMN,2024-12-08,2024-12-08,08:45,10:30,14555,7038,12,190
華信航空,AE992,XMN,TPE,2024-12-02,2024-12-02,11:35,13:20,14461,6944,12,190
華信航空,AE992,XMN,TPE,2024-12-03,2024-12-03,11:35,13:20,14461,6944,12,190
華信航空,AE992,XMN,TPE,2024-12-04,2024-12-04,11:35,13:20,14461,6944,12,190
華信航空,AE992,XMN,TPE,2024-12-05,2024-12-05,11:35,13:20,14461,6944,12,190
華信航空,AE992,XMN,TPE,2024-12-06,2024-12-06,11:35,13:20,14461,6944,12,190
華信航空,AE992,XMN,TPE,2024-12-07,2024-12-07,11:35,13:20,14461,6944,12,190
華信航空,AE992,XMN,TPE,2024-12-08,2024-12-08,11:35,13:20,14461,6944,12,190
華信航空,AE991,TPE,XMN,2024-12-09,2024-12-09,08:45,10:30,14555,7038,12,190
華信航空,AE991,TPE,XMN,2024-12-10,2024-12-10,08:45,10:30,14555,7038,12,190
華信航空,AE991,TPE,XMN,2024-12-11,2024-12-11,08:45,10:30,14555,7038,12,190
華信航空,AE991,TPE,XMN,2024-12-12,2024-12-12,08:45,10:30,14555,7038,12,190
華信航空,AE991,TPE,XMN,2024-12-13,2024-12-13,08:45,10:30,14555,7038,12,190
華信航空,AE991,TPE,XMN,2024-12-14,2024-12-14,08:45,10:30,14555,7038,12,190
華信航空,AE991,TPE,XMN,2024-12-15,2024-12-15,08:45,10:30,14555,7038,12,190
華信航空,AE992,XMN,TPE,2024-12-09,2024-12-09,11:35,13:20,14461,6944,12,190
華信航空,AE992,XMN,TPE,2024-12-10,2024-12-10,11:35,13:20,14461,6944,12,190
華信航空,AE992,XMN,TPE,2024-12-11,2024-12-11,11:35,13:20,14461,6944,12,190
華信航空,AE992,XMN,TPE,2024-12-12,2024-12-12,11:35,13:20,14461,6944,12,190
華信航空,AE992,XMN,TPE,2024-12-13,2024-12-13,11:35,13:20,14461,6944,12,190
華信航空,AE992,XMN,TPE,2024-12-14,2024-12-14,11:35,13:20,14461,6944,12,190
華信航空,AE992,XMN,TPE,2024-12-15,2024-12-15,11:35,13:20,14461,6944,12,190
華信航空,AE991,TPE,XMN,2024-12-16,2024-12-16,08:45,10:30,14555,7038,12,190
華信航空,AE991,TPE,XMN,2024-12-17,2024-12-17,08:45,10:30,14555,7038,12,190
華信航空,AE991,TPE,XMN,2024-12-18,2024-12-18,08:45,10:30,14555,7038,12,190
華信航空,AE991,TPE,XMN,2024-12-19,2024-12-19,08:45,10:30,14555,7038,12,190
華信航空,AE991,TPE,XMN,2024-12-20,2024-12-20,08:45,10:30,14555,7038,12,190
華信航空,AE991,TPE,XMN,2024-12-21,2024-12-21,08:45,10:30,14555,7038,12,190
華信航空,AE991,TPE,XMN,2024-12-22,2024-12-22,08:45,10:30,14555,7038,12,190
華信航空,AE992,XMN,TPE,2024-12-16,2024-12-16,11:35,13:20,14461,6944,12,190
華信航空,AE992,XMN,TPE,2024-12-17,2024-12-17,11:35,13:20,14461,6944,12,190
華信航空,AE992,XMN,TPE,2024-12-18,2024-12-18,11:35,13:20,14461,6944,12,190
華信航空,AE992,XMN,TPE,2024-12-19,2024-12-19,11:35,13:20,14461,6944,12,190
華信航空,AE992,XMN,TPE,2024-12-20,2024-12-20,11:35,13:20,14461,6944,12,190
華信航空,AE992,XMN,TPE,2024-12-21,2024-12-21,11:35,13:20,14461,6944,12,190
華信航空,AE992,XMN,TPE,2024-12-22,2024-12-22,11:35,13:20,14461,6944,12,190
華信航空,AE991,TPE,XMN,2024-12-23,2024-12-23,08:45,10:30,14555,7038,12,190
華信航空,AE991,TPE,XMN,2024-12-24,2024-12-24,08:45,10:30,14555,7038,12,190
華信航空,AE991,TPE,XMN,2024-12-25,2024-12-25,08:45,10:30,14555,7038,12,190
華信航空,AE991,TPE,XMN,2024-12-26,2024-12-26,08:45,10:30,14555,7038,12,190
華信航空,AE991,TPE,XMN,2024-12-27,2024-12-27,08:45,10:30,14555,7038,12,190
華信航空,AE991,TPE,XMN,2024-12-28,2024-12-28,08:45,10:30,14555,7038,12,190
華信航空,AE991,TPE,XMN,2024-12-29,2024-12-29,08:45,10:30,14555,7038,12,190
華信航空,AE992,XMN,TPE,2024-12-23,2024-12-23,11:35,13:20,14461,6944,12,190
華信航空,AE992,XMN,TPE,2024-12-24,2024-12-24,11:35,13:20,14461,6944,12,190
華信航空,AE992,XMN,TPE,2024-12-25,2024-12-25,11:35,13:20,14461,6944,12,190
華信航空,AE992,XMN,TPE,2024-12-26,2024-12-26,11:35,13:20,14461,6944,12,190
華信航空,AE992,XMN,TPE,2024-12-27,2024-12-27,11:35,13:20,14461,6944,12,190
華信航空,AE992,XMN,TPE,2024-12-28,2024-12-28,11:35,13:20,14461,6944,12,190
華信航空,AE992,XMN,TPE,2024-12-29,2024-12-29,11:35,13:20,14461,6944,12,190
華信航空,AE991,TPE,XMN,2024-12-30,2024-12-30,08:45,10:30,14555,7038,12,190
華信航空,AE991,TPE,XMN,2024-12-31,2024-12-31,08:45,10:30,14555,7038,12,190
華信航空,AE991,TPE,XMN,2025-01-01,2025-01-01,08:45,10:30,14555,7038,12,190
華信航空,AE991,TPE,XMN,2025-01-02,2025-01-02,08:45,10:30,14555,7038,12,190
華信航空,AE991,TPE,XMN,2025-01-03,2025-01-03,08:45,10:30,14555,7038,12,190
華信航空,AE991,TPE,XMN,2025-01-04,2025-01-04,08:45,10:30,14555,7038,12,190
華信航空,AE991,TPE,XMN,2025-01-05,2025-01-05,08:45,10:30,14555,7038,12,190
華信航空,AE992,XMN,TPE,2024-12-30,2024-12-30,11:35,13:20,14461,6944,12,190
華信航空,AE992,XMN,TPE,2024-12-31,2024-12-31,11:35,13:20,14461,6944,12,190
華信航空,AE992,XMN,TPE,2025-01-01,2025-01-01,11:35,13:20,14461,6944,12,190
華信航空,AE992,XMN,TPE,2025-01-02,2025-01-02,11:35,13:20,14461,6944,12,190
華信航空,AE992,XMN,TPE,2025-01-03,2025-01-03,11:35,13:20,14461,6944,12,190
華信航空,AE992,XMN,TPE,2025-01-04,2025-01-04,11:35,13:20,14461,6944,12,190
華信航空,AE992,XMN,TPE,2025-01-05,2025-01-05,11:35,13:20,14461,6944,12,190
華信航空,AE991,TPE,XMN,2025-01-06,2025-01-06,08:45,10:30,14555,7038,12,190
華信航空,AE991,TPE,XMN,2025-01-07,2025-01-07,08:45,10:30,14555,7038,12,190
華信航空,AE991,TPE,XMN,2025-01-08,2025-01-08,08:45,10:30,14555,7038,12,190
華信航空,AE991,TPE,XMN,2025-01-09,2025-01-09,08:45,10:30,14555,7038,12,190
華信航空,AE991,TPE,XMN,2025-01-10,2025-01-10,08:45,10:30,14555,7038,12,190
華信航空,AE991,TPE,XMN,2025-01-11,2025-01-11,08:45,10:30,14555,7038,12,190
華信航空,AE991,TPE,XMN,2025-01-12,2025-01-12,08:45,10:30,14555,7038,12,190
華信航空,AE992,XMN,TPE,2025-01-06,2025-01-06,11:35,13:20,14461,6944,12,190
華信航空,AE992,XMN,TPE,2025-01-07,2025-01-07,11:35,13:20,14461,6944,12,190
華信航空,AE992,XMN,TPE,2025-01-08,2025-01-08,11:35,13:20,14461,6944,12,190
華信航空,AE992,XMN,TPE,2025-01-09,2025-01-09,11:35,13:20,14461,6944,12,190
華信航空,AE992,XMN,TPE,2025-01-10,2025-01-10,11:35,13:20,14461,6944,12,190
華信航空,AE992,XMN,TPE,2025-01-11,2025-01-11,11:35,13:20,14461,6944,12,190
華信航空,AE992,XMN,TPE,2025-01-12,2025-01-12,11:35,13:20,14461,6944,12,190
華信航空,AE991,TPE,XMN,2025-01-13,2025-01-13,08:45,10:30,14555,7038,12,190
華信航空,AE991,TPE,XMN,2025-01-14,2025-01-14,08:45,10:30,14555,7038,12,190
華信航空,AE991,TPE,XMN,2025-01-15,2025-01-15,08:45,10:30,14555,7038,12,190
華信航空,AE991,TPE,XMN,2025-01-16,2025-01-16,08:45,10:30,14555,7038,12,190
華信航空,AE991,TPE,XMN,2025-01-17,2025-01-17,08:45,10:30,14555,7038,12,190
華信航空,AE991,TPE,XMN,2025-01-18,2025-01-18,08:45,10:30,14555,7038,12,190
華信航空,AE991,TPE,XMN,2025-01-19,2025-01-19,08:45,10:30,14555,7038,12,190
華信航空,AE992,XMN,TPE,2025-01-13,2025-01-13,11:35,13:20,14461,6944,12,190
華信航空,AE992,XMN,TPE,2025-01-14,2025-01-14,11:35,13:20,14461,6944,12,190
華信航空,AE992,XMN,TPE,2025-01-15,2025-01-15,11:35,13:20,14461,6944,12,190
華信航空,AE992,XMN,TPE,2025-01-16,2025-01-16,11:35,13:20,14461,6944,12,190
華信航空,AE992,XMN,TPE,2025-01-17,2025-01-17,11:35,13:20,14461,6944,12,190
華信航空,AE992,XMN,TPE,2025-01-18,2025-01-18,11:35,13:20,14461,6944,12,190
華信航空,AE992,XMN,TPE,2025-01-19,2025-01-19,11:35,13:20,14461,6944,12,190
華信航空,AE991,TPE,XMN,2025-01-20,2025-01-20,08:45,10:30,14555,7038,12,190
華信航空,AE991,TPE,XMN,2025-01-21,2025-01-21,08:45,10:30,14555,7038,12,190
華信航空,AE991,TPE,XMN,2025-01-22,2025-01-22,08:45,10:30,14555,7038,12,190
華信航空,AE991,TPE,XMN,2025-01-23,2025-01-23,08:45,10:30,14555,7038,12,190
華信航空,AE991,TPE,XMN,2025-01-24,2025-01-24,08:45,10:30,14555,7038,12,190
華信航空,AE991,TPE,XMN,2025-01-25,2025-01-25,08:45,10:30,14555,7038,12,190
華信航空,AE991,TPE,XMN,2025-01-26,2025-01-26,08:45,10:30,14555,7038,12,190
華信航空,AE992,XMN,TPE,2025-01-20,2025-01-20,11:35,13:20,14461,6944,12,190
華信航空,AE992,XMN,TPE,2025-01-21,2025-01-21,11:35,13:20,14461,6944,12,190
華信航空,AE992,XMN,TPE,2025-01-22,2025-01-22,11:35,13:20,14461,6944,12,190
華信航空,AE992,XMN,TPE,2025-01-23,2025-01-23,11:35,13:20,14461,6944,12,190
華信航空,AE992,XMN,TPE,2025-01-24,2025-01-24,11:35,13:20,14461,6944,12,190
華信航空,AE992,XMN,TPE,2025-01-25,2025-01-25,11:35,13:20,14461,6944,12,190
華信航空,AE992,XMN,TPE,2025-01-26,2025-01-26,11:35,13:20,14461,6944,12,190
華信航空,AE991,TPE,XMN,2025-01-27,2025-01-27,08:45,10:30,14555,7038,12,190
華信航空,AE991,TPE,XMN,2025-01-28,2025-01-28,08:45,10:30,14555,7038,12,190
華信航空,AE991,TPE,XMN,2025-01-29,2025-01-29,08:45,10:30,14555,7038,12,190
華信航空,AE991,TPE,XMN,2025-01-30,2025-01-30,08:45,10:30,14555,7038,12,190
華信航空,AE991,TPE,XMN,2025-01-31,2025-01-31,08:45,10:30,14555,7038,12,190
華信航空,AE991,TPE,XMN,2025-02-01,2025-02-01,08:45,10:30,14555,7038,12,190
華信航空,AE991,TPE,XMN,2025-02-02,2025-02-02,08:45,10:30,14555,7038,12,190
華信航空,AE992,XMN,TPE,2025-01-27,2025-01-27,11:35,13:20,14461,6944,12,190
華信航空,AE992,XMN,TPE,2025-01-28,2025-01-28,11:35,13:20,14461,6944,12,190
華信航空,AE992,XMN,TPE,2025-01-29,2025-01-29,11:35,13:20,14461,6944,12,190
華信航空,AE992,XMN,TPE,2025-01-30,2025-01-30,11:35,13:20,14461,6944,12,190
華信航空,AE992,XMN,TPE,2025-01-31,2025-01-31,11:35,13:20,14461,6944,12,190
華信航空,AE992,XMN,TPE,2025-02-01,2025-02-01,11:35,13:20,14461,6944,12,190
華信航空,AE992,XMN,TPE,2025-02-02,2025-02-02,11:35,13:20,14461,6944,12,190
華信航空,AE991,TPE,XMN,2025-02-03,2025-02-03,08:45,10:30,14555,7038,12,190
華信航空,AE991,TPE,XMN,2025-02-04,2025-02-04,08:45,10:30,14555,7038,12,190
華信航空,AE991,TPE,XMN,2025-02-05,2025-02-05,08:45,10:30,14555,7038,12,190
華信航空,AE991,TPE,XMN,2025-02-06,2025-02-06,08:45,10:30,14555,7038,12,190
華信航空,AE991,TPE,XMN,2025-02-07,2025-02-07,08:45,10:30,14555,7038,12,190
華信航空,AE991,TPE,XMN,2025-02-08,2025-02-08,08:45,10:30,14555,7038,12,190
華信航空,AE991,TPE,XMN,2025-02-09,2025-02-09,08:45,10:30,14555,7038,12,190
華信航空,AE992,XMN,TPE,2025-02-03,2025-02-03,11:35,13:20,14461,6944,12,190
華信航空,AE992,XMN,TPE,2025-02-04,2025-02-04,11:35,13:20,14461,6944,12,190
華信航空,AE992,XMN,TPE,2025-02-05,2025-02-05,11:35,13:20,14461,6944,12,190
華信航空,AE992,XMN,TPE,2025-02-06,2025-02-06,11:35,13:20,14461,6944,12,190
華信航空,AE992,XMN,TPE,2025-02-07,2025-02-07,11:35,13:20,14461,6944,12,190
華信航空,AE992,XMN,TPE,2025-02-08,2025-02-08,11:35,13:20,14461,6944,12,190
華信航空,AE992,XMN,TPE,2025-02-09,2025-02-09,11:35,13:20,14461,6944,12,190
華信航空,AE991,TPE,XMN,2025-02-10,2025-02-10,08:45,10:30,14555,7038,12,190
華信航空,AE991,TPE,XMN,2025-02-11,2025-02-11,08:45,10:30,14555,7038,12,190
華信航空,AE991,TPE,XMN,2025-02-12,2025-02-12,08:45,10:30,14555,7038,12,190
華信航空,AE991,TPE,XMN,2025-02-13,2025-02-13,08:45,10:30,14555,7038,12,190
華信航空,AE991,TPE,XMN,2025-02-14,2025-02-14,08:45,10:30,14555,7038,12,190
華信航空,AE991,TPE,XMN,2025-02-15,2025-02-15,08:45,10:30,14555,7038,12,190
華信航空,AE991,TPE,XMN,2025-02-16,2025-02-16,08:45,10:30,14555,7038,12,190
華信航空,AE992,XMN,TPE,2025-02-10,2025-02-10,11:35,13:20,14461,6944,12,190
華信航空,AE992,XMN,TPE,2025-02-11,2025-02-11,11:35,13:20,14461,6944,12,190
華信航空,AE992,XMN,TPE,2025-02-12,2025-02-12,11:35,13:20,14461,6944,12,190
華信航空,AE992,XMN,TPE,2025-02-13,2025-02-13,11:35,13:20,14461,6944,12,190
華信航空,AE992,XMN,TPE,2025-02-14,2025-02-14,11:35,13:20,14461,6944,12,190
華信航空,AE992,XMN,TPE,2025-02-15,2025-02-15,11:35,13:20,14461,6944,12,190
華信航空,AE992,XMN,TPE,2025-02-16,2025-02-16,11:35,13:20,14461,6944,12,190
華信航空,AE991,TPE,XMN,2025-02-17,2025-02-17,08:45,10:30,14555,7038,12,190
華信航空,AE991,TPE,XMN,2025-02-18,2025-02-18,08:45,10:30,14555,7038,12,190
華信航空,AE991,TPE,XMN,2025-02-19,2025-02-19,08:45,10:30,14555,7038,12,190
華信航空,AE991,TPE,XMN,2025-02-20,2025-02-20,08:45,10:30,14555,7038,12,190
華信航空,AE991,TPE,XMN,2025-02-21,2025-02-21,08:45,10:30,14555,7038,12,190
華信航空,AE991,TPE,XMN,2025-02-22,2025-02-22,08:45,10:30,14555,7038,12,190
華信航空,AE991,TPE,XMN,2025-02-23,2025-02-23,08:45,10:30,14555,7038,12,190
華信航空,AE992,XMN,TPE,2025-02-17,2025-02-17,11:35,13:20,14461,6944,12,190
華信航空,AE992,XMN,TPE,2025-02-18,2025-02-18,11:35,13:20,14461,6944,12,190
華信航空,AE992,XMN,TPE,2025-02-19,2025-02-19,11:35,13:20,14461,6944,12,190
華信航空,AE992,XMN,TPE,2025-02-20,2025-02-20,11:35,13:20,14461,6944,12,190
華信航空,AE992,XMN,TPE,2025-02-21,2025-02-21,11:35,13:20,14461,6944,12,190
華信航空,AE992,XMN,TPE,2025-02-22,2025-02-22,11:35,13:20,14461,6944,12,190
華信航空,AE992,XMN,TPE,2025-02-23,2025-02-23,11:35,13:20,14461,6944,12,190
華信航空,AE991,TPE,XMN,2025-02-24,2025-02-24,08:45,10:30,14555,7038,12,190
華信航空,AE991,TPE,XMN,2025-02-25,2025-02-25,08:45,10:30,14555,7038,12,190
華信航空,AE991,TPE,XMN,2025-02-26,2025-02-26,08:45,10:30,14555,7038,12,190
華信航空,AE991,TPE,XMN,2025-02-27,2025-02-27,08:45,10:30,14555,7038,12,190
華信航空,AE991,TPE,XMN,2025-02-28,2025-02-28,08:45,10:30,14555,7038,12,190
華信航空,AE991,TPE,XMN,2025-03-01,2025-03-01,08:45,10:30,14555,7038,12,190
華信航空,AE991,TPE,XMN,2025-03-02,2025-03-02,08:45,10:30,14555,7038,12,190
華信航空,AE992,XMN,TPE,2025-02-24,2025-02-24,11:35,13:20,14461,6944,12,190
華信航空,AE992,XMN,TPE,2025-02-25,2025-02-25,11:35,13:20,14461,6944,12,190
華信航空,AE992,XMN,TPE,2025-02-26,2025-02-26,11:35,13:20,14461,6944,12,190
華信航空,AE992,XMN,TPE,2025-02-27,2025-02-27,11:35,13:20,14461,6944,12,190
華信航空,AE992,XMN,TPE,2025-02-28,2025-02-28,11:35,13:20,14461,6944,12,190
華信航空,AE992,XMN,TPE,2025-03-01,2025-03-01,11:35,13:20,14461,6944,12,190
華信航空,AE992,XMN,TPE,2025-03-02,2025-03-02,11:35,13:20,14461,6944,12,190
華信航空,AE991,TPE,XMN,2025-03-03,2025-03-03,08:45,10:30,14555,7038,12,190
華信航空,AE991,TPE,XMN,2025-03-04,2025-03-04,08:45,10:30,14555,7038,12,190
華信航空,AE991,TPE,XMN,2025-03-05,2025-03-05,08:45,10:30,14555,7038,12,190
華信航空,AE991,TPE,XMN,2025-03-06,2025-03-06,08:45,10:30,14555,7038,12,190
華信航空,AE991,TPE,XMN,2025-03-07,2025-03-07,08:45,10:30,14555,7038,12,190
華信航空,AE991,TPE,XMN,2025-03-08,2025-03-08,08:45,10:30,14555,7038,12,190
華信航空,AE991,TPE,XMN,2025-03-09,2025-03-09,08:45,10:30,14555,7038,12,190
華信航空,AE992,XMN,TPE,2025-03-03,2025-03-03,11:35,13:20,14461,6944,12,190
華信航空,AE992,XMN,TPE,2025-03-04,2025-03-04,11:35,13:20,14461,6944,12,190
華信航空,AE992,XMN,TPE,2025-03-05,2025-03-05,11:35,13:20,14461,6944,12,190
華信航空,AE992,XMN,TPE,2025-03-06,2025-03-06,11:35,13:20,14461,6944,12,190
華信航空,AE992,XMN,TPE,2025-03-07,2025-03-07,11:35,13:20,14461,6944,12,190
華信航空,AE992,XMN,TPE,2025-03-08,2025-03-08,11:35,13:20,14461,6944,12,190
華信航空,AE992,XMN,TPE,2025-03-09,2025-03-09,11:35,13:20,14461,6944,12,190
華信航空,AE991,TPE,XMN,2025-03-10,2025-03-10,08:45,10:30,14555,7038,12,190
華信航空,AE991,TPE,XMN,2025-03-11,2025-03-11,08:45,10:30,14555,7038,12,190
華信航空,AE991,TPE,XMN,2025-03-12,2025-03-12,08:45,10:30,14555,7038,12,190
華信航空,AE991,TPE,XMN,2025-03-13,2025-03-13,08:45,10:30,14555,7038,12,190
華信航空,AE991,TPE,XMN,2025-03-14,2025-03-14,08:45,10:30,14555,7038,12,190
華信航空,AE991,TPE,XMN,2025-03-15,2025-03-15,08:45,10:30,14555,7038,12,190
華信航空,AE991,TPE,XMN,2025-03-16,2025-03-16,08:45,10:30,14555,7038,12,190
華信航空,AE992,XMN,TPE,2025-03-10,2025-03-10,11:35,13:20,14461,6944,12,190
華信航空,AE992,XMN,TPE,2025-03-11,2025-03-11,11:35,13:20,14461,6944,12,190
華信航空,AE992,XMN,TPE,2025-03-12,2025-03-12,11:35,13:20,14461,6944,12,190
華信航空,AE992,XMN,TPE,2025-03-13,2025-03-13,11:35,13:20,14461,6944,12,190
華信航空,AE992,XMN,TPE,2025-03-14,2025-03-14,11:35,13:20,14461,6944,12,190
華信航空,AE992,XMN,TPE,2025-03-15,2025-03-15,11:35,13:20,14461,6944,12,190
華信航空,AE992,XMN,TPE,2025-03-16,2025-03-16,11:35,13:20,14461,6944,12,190
華信航空,AE991,TPE,XMN,2025-03-17,2025-03-17,08:45,10:30,14555,7038,12,190
華信航空,AE991,TPE,XMN,2025-03-18,2025-03-18,08:45,10:30,14555,7038,12,190
華信航空,AE991,TPE,XMN,2025-03-19,2025-03-19,08:45,10:30,14555,7038,12,190
華信航空,AE991,TPE,XMN,2025-03-20,2025-03-20,08:45,10:30,14555,7038,12,190
華信航空,AE991,TPE,XMN,2025-03-21,2025-03-21,08:45,10:30,14555,7038,12,190
華信航空,AE991,TPE,XMN,2025-03-22,2025-03-22,08:45,10:30,14555,7038,12,190
華信航空,AE991,TPE,XMN,2025-03-23,2025-03-23,08:45,10:30,14555,7038,12,190
華信航空,AE992,XMN,TPE,2025-03-17,2025-03-17,11:35,13:20,14461,6944,12,190
華信航空,AE992,XMN,TPE,2025-03-18,2025-03-18,11:35,13:20,14461,6944,12,190
華信航空,AE992,XMN,TPE,2025-03-19,2025-03-19,11:35,13:20,14461,6944,12,190
華信航空,AE992,XMN,TPE,2025-03-20,2025-03-20,11:35,13:20,14461,6944,12,190
華信航空,AE992,XMN,TPE,2025-03-21,2025-03-21,11:35,13:20,14461,6944,12,190
華信航空,AE992,XMN,TPE,2025-03-22,2025-03-22,11:35,13:20,14461,6944,12,190
華信航空,AE992,XMN,TPE,2025-03-23,2025-03-23,11:35,13:20,14461,6944,12,190
華信航空,AE991,TPE,XMN,2025-03-24,2025-03-24,08:45,10:30,14555,7038,12,190
華信航空,AE991,TPE,XMN,2025-03-25,2025-03-25,08:45,10:30,14555,7038,12,190
華信航空,AE991,TPE,XMN,2025-03-26,2025-03-26,08:45,10:30,14555,7038,12,190
華信航空,AE991,TPE,XMN,2025-03-27,2025-03-27,08:45,10:30,14555,7038,12,190
華信航空,AE991,TPE,XMN,2025-03-28,2025-03-28,08:45,10:30,14555,7038,12,190
華信航空,AE991,TPE,XMN,2025-03-29,2025-03-29,08:45,10:30,14555,7038,12,190
華信航空,AE991,TPE,XMN,2025-03-30,2025-03-30,08:45,10:30,14555,7038,12,190
華信航空,AE992,XMN,TPE,2025-03-24,2025-03-24,11:35,13:20,14461,6944,12,190
華信航空,AE992,XMN,TPE,2025-03-25,2025-03-25,11:35,13:20,14461,6944,12,190
華信航空,AE992,XMN,TPE,2025-03-26,2025-03-26,11:35,13:20,14461,6944,12,190
華信航空,AE992,XMN,TPE,2025-03-27,2025-03-27,11:35,13:20,14461,6944,12,190
華信航空,AE992,XMN,TPE,2025-03-28,2025-03-28,11:35,13:20,14461,6944,12,190
華信航空,AE992,XMN,TPE,2025-03-29,2025-03-29,11:35,13:20,14461,6944,12,190
華信航空,AE992,XMN,TPE,2025-03-30,2025-03-30,11:35,13:20,14461,6944,12,190
華信航空,AE991,TPE,XMN,2025-03-31,2025-03-31,08:45,10:30,14555,7038,12,190
華信航空,AE991,TPE,XMN,2025-04-01,2025-04-01,08:45,10:30,14555,7038,12,190
華信航空,AE991,TPE,XMN,2025-04-02,2025-04-02,08:45,10:30,14555,7038,12,190
華信航空,AE991,TPE,XMN,2025-04-03,2025-04-03,08:45,10:30,14555,7038,12,190
華信航空,AE991,TPE,XMN,2025-04-04,2025-04-04,08:45,10:30,14555,7038,12,190
華信航空,AE991,TPE,XMN,2025-04-05,2025-04-05,08:45,10:30,14555,7038,12,190
華信航空,AE991,TPE,XMN,2025-04-06,2025-04-06,08:45,10:30,14555,7038,12,190
華信航空,AE992,XMN,TPE,2025-03-31,2025-03-31,11:35,13:20,14461,6944,12,190
華信航空,AE992,XMN,TPE,2025-04-01,2025-04-01,11:35,13:20,14461,6944,12,190
華信航空,AE992,XMN,TPE,2025-04-02,2025-04-02,11:35,13:20,14461,6944,12,190
華信航空,AE992,XMN,TPE,2025-04-03,2025-04-03,11:35,13:20,14461,6944,12,190
華信航空,AE992,XMN,TPE,2025-04-04,2025-04-04,11:35,13:20,14461,6944,12,190
華信航空,AE992,XMN,TPE,2025-04-05,2025-04-05,11:35,13:20,14461,6944,12,190
華信航空,AE992,XMN,TPE,2025-04-06,2025-04-06,11:35,13:20,14461,6944,12,190
華信航空,AE991,TPE,XMN,2025-04-07,2025-04-07,08:45,10:30,14555,7038,12,190
華信航空,AE991,TPE,XMN,2025-04-08,2025-04-08,08:45,10:30,14555,7038,12,190
華信航空,AE991,TPE,XMN,2025-04-09,2025-04-09,08:45,10:30,14555,7038,12,190
華信航空,AE991,TPE,XMN,2025-04-10,2025-04-10,08:45,10:30,14555,7038,12,190
華信航空,AE991,TPE,XMN,2025-04-11,2025-04-11,08:45,10:30,14555,7038,12,190
華信航空,AE991,TPE,XMN,2025-04-12,2025-04-12,08:45,10:30,14555,7038,12,190
華信航空,AE991,TPE,XMN,2025-04-13,2025-04-13,08:45,10:30,14555,7038,12,190
華信航空,AE992,XMN,TPE,2025-04-07,2025-04-07,11:35,13:20,14461,6944,12,190
華信航空,AE992,XMN,TPE,2025-04-08,2025-04-08,11:35,13:20,14461,6944,12,190
華信航空,AE992,XMN,TPE,2025-04-09,2025-04-09,11:35,13:20,14461,6944,12,190
華信航空,AE992,XMN,TPE,2025-04-10,2025-04-10,11:35,13:20,14461,6944,12,190
華信航空,AE992,XMN,TPE,2025-04-11,2025-04-11,11:35,13:20,14461,6944,12,190
華信航空,AE992,XMN,TPE,2025-04-12,2025-04-12,11:35,13:20,14461,6944,12,190
華信航空,AE992,XMN,TPE,2025-04-13,2025-04-13,11:35,13:20,14461,6944,12,190
華信航空,AE991,TPE,XMN,2025-04-14,2025-04-14,08:45,10:30,14555,7038,12,190
華信航空,AE991,TPE,XMN,2025-04-15,2025-04-15,08:45,10:30,14555,7038,12,190
華信航空,AE991,TPE,XMN,2025-04-16,2025-04-16,08:45,10:30,14555,7038,12,190
華信航空,AE991,TPE,XMN,2025-04-17,2025-04-17,08:45,10:30,14555,7038,12,190
華信航空,AE991,TPE,XMN,2025-04-18,2025-04-18,08:45,10:30,14555,7038,12,190
華信航空,AE991,TPE,XMN,2025-04-19,2025-04-19,08:45,10:30,14555,7038,12,190
華信航空,AE991,TPE,XMN,2025-04-20,2025-04-20,08:45,10:30,14555,7038,12,190
華信航空,AE992,XMN,TPE,2025-04-14,2025-04-14,11:35,13:20,14461,6944,12,190
華信航空,AE992,XMN,TPE,2025-04-15,2025-04-15,11:35,13:20,14461,6944,12,190
華信航空,AE992,XMN,TPE,2025-04-16,2025-04-16,11:35,13:20,14461,6944,12,190
華信航空,AE992,XMN,TPE,2025-04-17,2025-04-17,11:35,13:20,14461,6944,12,190
華信航空,AE992,XMN,TPE,2025-04-18,2025-04-18,11:35,13:20,14461,6944,12,190
華信航空,AE992,XMN,TPE,2025-04-19,2025-04-19,11:35,13:20,14461,6944,12,190
華信航空,AE992,XMN,TPE,2025-04-20,2025-04-20,11:35,13:20,14461,6944,12,190
華信航空,AE991,TPE,XMN,2025-04-21,2025-04-21,08:45,10:30,14555,7038,12,190
華信航空,AE991,TPE,XMN,2025-04-22,2025-04-22,08:45,10:30,14555,7038,12,190
華信航空,AE991,TPE,XMN,2025-04-23,2025-04-23,08:45,10:30,14555,7038,12,190
華信航空,AE991,TPE,XMN,2025-04-24,2025-04-24,08:45,10:30,14555,7038,12,190
華信航空,AE991,TPE,XMN,2025-04-25,2025-04-25,08:45,10:30,14555,7038,12,190
華信航空,AE991,TPE,XMN,2025-04-26,2025-04-26,08:45,10:30,14555,7038,12,190
華信航空,AE991,TPE,XMN,2025-04-27,2025-04-27,08:45,10:30,14555,7038,12,190
華信航空,AE992,XMN,TPE,2025-04-21,2025-04-21,11:35,13:20,14461,6944,12,190
華信航空,AE992,XMN,TPE,2025-04-22,2025-04-22,11:35,13:20,14461,6944,12,190
華信航空,AE992,XMN,TPE,2025-04-23,2025-04-23,11:35,13:20,14461,6944,12,190
華信航空,AE992,XMN,TPE,2025-04-24,2025-04-24,11:35,13:20,14461,6944,12,190
華信航空,AE992,XMN,TPE,2025-04-25,2025-04-25,11:35,13:20,14461,6944,12,190
華信航空,AE992,XMN,TPE,2025-04-26,2025-04-26,11:35,13:20,14461,6944,12,190
華信航空,AE992,XMN,TPE,2025-04-27,2025-04-27,11:35,13:20,14461,6944,12,190
華信航空,AE991,TPE,XMN,2025-04-28,2025-04-28,08:45,10:30,14555,7038,12,190
華信航空,AE991,TPE,XMN,2025-04-29,2025-04-29,08:45,10:30,14555,7038,12,190
華信航空,AE991,TPE,XMN,2025-04-30,2025-04-30,08:45,10:30,14555,7038,12,190
華信航空,AE991,TPE,XMN,2025-05-01,2025-05-01,08:45,10:30,14555,7038,12,190
華信航空,AE991,TPE,XMN,2025-05-02,2025-05-02,08:45,10:30,14555,7038,12,190
華信航空,AE991,TPE,XMN,2025-05-03,2025-05-03,08:45,10:30,14555,7038,12,190
華信航空,AE991,TPE,XMN,2025-05-04,2025-05-04,08:45,10:30,14555,7038,12,190
華信航空,AE992,XMN,TPE,2025-04-28,2025-04-28,11:35,13:20,14461,6944,12,190
華信航空,AE992,XMN,TPE,2025-04-29,2025-04-29,11:35,13:20,14461,6944,12,190
華信航空,AE992,XMN,TPE,2025-04-30,2025-04-30,11:35,13:20,14461,6944,12,190
華信航空,AE992,XMN,TPE,2025-05-01,2025-05-01,11:35,13:20,14461,6944,12,190
華信航空,AE992,XMN,TPE,2025-05-02,2025-05-02,11:35,13:20,14461,6944,12,190
華信航空,AE992,XMN,TPE,2025-05-03,2025-05-03,11:35,13:20,14461,6944,12,190
華信航空,AE992,XMN,TPE,2025-05-04,2025-05-04,11:35,13:20,14461,6944,12,190
華信航空,AE991,TPE,XMN,2025-05-05,2025-05-05,08:45,10:30,14555,7038,12,190
華信航空,AE991,TPE,XMN,2025-05-06,2025-05-06,08:45,10:30,14555,7038,12,190
華信航空,AE991,TPE,XMN,2025-05-07,2025-05-07,08:45,10:30,14555,7038,12,190
華信航空,AE991,TPE,XMN,2025-05-08,2025-05-08,08:45,10:30,14555,7038,12,190
華信航空,AE991,TPE,XMN,2025-05-09,2025-05-09,08:45,10:30,14555,7038,12,190
華信航空,AE991,TPE,XMN,2025-05-10,2025-05-10,08:45,10:30,14555,7038,12,190
華信航空,AE991,TPE,XMN,2025-05-11,2025-05-11,08:45,10:30,14555,7038,12,190
華信航空,AE992,XMN,TPE,2025-05-05,2025-05-05,11:35,13:20,14461,6944,12,190
華信航空,AE992,XMN,TPE,2025-05-06,2025-05-06,11:35,13:20,14461,6944,12,190
華信航空,AE992,XMN,TPE,2025-05-07,2025-05-07,11:35,13:20,14461,6944,12,190
華信航空,AE992,XMN,TPE,2025-05-08,2025-05-08,11:35,13:20,14461,6944,12,190
華信航空,AE992,XMN,TPE,2025-05-09,2025-05-09,11:35,13:20,14461,6944,12,190
華信航空,AE992,XMN,TPE,2025-05-10,2025-05-10,11:35,13:20,14461,6944,12,190
華信航空,AE992,XMN,TPE,2025-05-11,2025-05-11,11:35,13:20,14461,6944,12,190
華信航空,AE991,TPE,XMN,2025-05-12,2025-05-12,08:45,10:30,14555,7038,12,190
華信航空,AE991,TPE,XMN,2025-05-13,2025-05-13,08:45,10:30,14555,7038,12,190
華信航空,AE991,TPE,XMN,2025-05-14,2025-05-14,08:45,10:30,14555,7038,12,190
華信航空,AE991,TPE,XMN,2025-05-15,2025-05-15,08:45,10:30,14555,7038,12,190
華信航空,AE991,TPE,XMN,2025-05-16,2025-05-16,08:45,10:30,14555,7038,12,190
華信航空,AE991,TPE,XMN,2025-05-17,2025-05-17,08:45,10:30,14555,7038,12,190
華信航空,AE991,TPE,XMN,2025-05-18,2025-05-18,08:45,10:30,14555,7038,12,190
華信航空,AE992,XMN,TPE,2025-05-12,2025-05-12,11:35,13:20,14461,6944,12,190
華信航空,AE992,XMN,TPE,2025-05-13,2025-05-13,11:35,13:20,14461,6944,12,190
華信航空,AE992,XMN,TPE,2025-05-14,2025-05-14,11:35,13:20,14461,6944,12,190
華信航空,AE992,XMN,TPE,2025-05-15,2025-05-15,11:35,13:20,14461,6944,12,190
華信航空,AE992,XMN,TPE,2025-05-16,2025-05-16,11:35,13:20,14461,6944,12,190
華信航空,AE992,XMN,TPE,2025-05-17,2025-05-17,11:35,13:20,14461,6944,12,190
華信航空,AE992,XMN,TPE,2025-05-18,2025-05-18,11:35,13:20,14461,6944,12,190
華信航空,AE991,TPE,XMN,2025-05-19,2025-05-19,08:45,10:30,14555,7038,12,190
華信航空,AE991,TPE,XMN,2025-05-20,2025-05-20,08:45,10:30,14555,7038,12,190
華信航空,AE991,TPE,XMN,2025-05-21,2025-05-21,08:45,10:30,14555,7038,12,190
華信航空,AE991,TPE,XMN,2025-05-22,2025-05-22,08:45,10:30,14555,7038,12,190
華信航空,AE991,TPE,XMN,2025-05-23,2025-05-23,08:45,10:30,14555,7038,12,190
華信航空,AE991,TPE,XMN,2025-05-24,2025-05-24,08:45,10:30,14555,7038,12,190
華信航空,AE991,TPE,XMN,2025-05-25,2025-05-25,08:45,10:30,14555,7038,12,190
華信航空,AE992,XMN,TPE,2025-05-19,2025-05-19,11:35,13:20,14461,6944,12,190
華信航空,AE992,XMN,TPE,2025-05-20,2025-05-20,11:35,13:20,14461,6944,12,190
華信航空,AE992,XMN,TPE,2025-05-21,2025-05-21,11:35,13:20,14461,6944,12,190
華信航空,AE992,XMN,TPE,2025-05-22,2025-05-22,11:35,13:20,14461,6944,12,190
華信航空,AE992,XMN,TPE,2025-05-23,2025-05-23,11:35,13:20,14461,6944,12,190
華信航空,AE992,XMN,TPE,2025-05-24,2025-05-24,11:35,13:20,14461,6944,12,190
華信航空,AE992,XMN,TPE,2025-05-25,2025-05-25,11:35,13:20,14461,6944,12,190
華信航空,AE991,TPE,XMN,2025-05-26,2025-05-26,08:45,10:30,14555,7038,12,190
華信航空,AE991,TPE,XMN,2025-05-27,2025-05-27,08:45,10:30,14555,7038,12,190
華信航空,AE991,TPE,XMN,2025-05-28,2025-05-28,08:45,10:30,14555,7038,12,190
華信航空,AE991,TPE,XMN,2025-05-29,2025-05-29,08:45,10:30,14555,7038,12,190
華信航空,AE991,TPE,XMN,2025-05-30,2025-05-30,08:45,10:30,14555,7038,12,190
華信航空,AE991,TPE,XMN,2025-05-31,2025-05-31,08:45,10:30,14555,7038,12,190
華信航空,AE991,TPE,XMN,2025-06-01,2025-06-01,08:45,10:30,14555,7038,12,190
華信航空,AE992,XMN,TPE,2025-05-26,2025-05-26,11:35,13:20,14461,6944,12,190
華信航空,AE992,XMN,TPE,2025-05-27,2025-05-27,11:35,13:20,14461,6944,12,190
華信航空,AE992,XMN,TPE,2025-05-28,2025-05-28,11:35,13:20,14461,6944,12,190
華信航空,AE992,XMN,TPE,2025-05-29,2025-05-29,11:35,13:20,14461,6944,12,190
華信航空,AE992,XMN,TPE,2025-05-30,2025-05-30,11:35,13:20,14461,6944,12,190
華信航空,AE992,XMN,TPE,2025-05-31,2025-05-31,11:35,13:20,14461,6944,12,190
華信航空,AE992,XMN,TPE,2025-06-01,2025-06-01,11:35,13:20,14461,6944,12,190
華信航空,AE991,TPE,XMN,2025-06-02,2025-06-02,08:45,10:30,14555,7038,12,190
華信航空,AE991,TPE,XMN,2025-06-03,2025-06-03,08:45,10:30,14555,7038,12,190
華信航空,AE991,TPE,XMN,2025-06-04,2025-06-04,08:45,10:30,14555,7038,12,190
華信航空,AE991,TPE,XMN,2025-06-05,2025-06-05,08:45,10:30,14555,7038,12,190
華信航空,AE991,TPE,XMN,2025-06-06,2025-06-06,08:45,10:30,14555,7038,12,190
華信航空,AE991,TPE,XMN,2025-06-07,2025-06-07,08:45,10:30,14555,7038,12,190
華信航空,AE991,TPE,XMN,2025-06-08,2025-06-08,08:45,10:30,14555,7038,12,190
華信航空,AE992,XMN,TPE,2025-06-02,2025-06-02,11:35,13:20,14461,6944,12,190
華信航空,AE992,XMN,TPE,2025-06-03,2025-06-03,11:35,13:20,14461,6944,12,190
華信航空,AE992,XMN,TPE,2025-06-04,2025-06-04,11:35,13:20,14461,6944,12,190
華信航空,AE992,XMN,TPE,2025-06-05,2025-06-05,11:35,13:20,14461,6944,12,190
華信航空,AE992,XMN,TPE,2025-06-06,2025-06-06,11:35,13:20,14461,6944,12,190
華信航空,AE992,XMN,TPE,2025-06-07,2025-06-07,11:35,13:20,14461,6944,12,190
華信航空,AE992,XMN,TPE,2025-06-08,2025-06-08,11:35,13:20,14461,6944,12,190
華信航空,AE991,TPE,XMN,2025-06-09,2025-06-09,08:45,10:30,14555,7038,12,190
華信航空,AE991,TPE,XMN,2025-06-10,2025-06-10,08:45,10:30,14555,7038,12,190
華信航空,AE991,TPE,XMN,2025-06-11,2025-06-11,08:45,10:30,14555,7038,12,190
華信航空,AE991,TPE,XMN,2025-06-12,2025-06-12,08:45,10:30,14555,7038,12,190
華信航空,AE991,TPE,XMN,2025-06-13,2025-06-13,08:45,10:30,14555,7038,12,190
華信航空,AE991,TPE,XMN,2025-06-14,2025-06-14,08:45,10:30,14555,7038,12,190
華信航空,AE991,TPE,XMN,2025-06-15,2025-06-15,08:45,10:30,14555,7038,12,190
華信航空,AE992,XMN,TPE,2025-06-09,2025-06-09,11:35,13:20,14461,6944,12,190
華信航空,AE992,XMN,TPE,2025-06-10,2025-06-10,11:35,13:20,14461,6944,12,190
華信航空,AE992,XMN,TPE,2025-06-11,2025-06-11,11:35,13:20,14461,6944,12,190
華信航空,AE992,XMN,TPE,2025-06-12,2025-06-12,11:35,13:20,14461,6944,12,190
華信航空,AE992,XMN,TPE,2025-06-13,2025-06-13,11:35,13:20,14461,6944,12,190
華信航空,AE992,XMN,TPE,2025-06-14,2025-06-14,11:35,13:20,14461,6944,12,190
華信航空,AE992,XMN,TPE,2025-06-15,2025-06-15,11:35,13:20,14461,6944,12,190
華信航空,AE991,TPE,XMN,2025-06-16,2025-06-16,08:45,10:30,14555,7038,12,190
華信航空,AE991,TPE,XMN,2025-06-17,2025-06-17,08:45,10:30,14555,7038,12,190
華信航空,AE991,TPE,XMN,2025-06-18,2025-06-18,08:45,10:30,14555,7038,12,190
華信航空,AE991,TPE,XMN,2025-06-19,2025-06-19,08:45,10:30,14555,7038,12,190
華信航空,AE991,TPE,XMN,2025-06-20,2025-06-20,08:45,10:30,14555,7038,12,190
華信航空,AE991,TPE,XMN,2025-06-21,2025-06-21,08:45,10:30,14555,7038,12,190
華信航空,AE991,TPE,XMN,2025-06-22,2025-06-22,08:45,10:30,14555,7038,12,190
華信航空,AE992,XMN,TPE,2025-06-16,2025-06-16,11:35,13:20,14461,6944,12,190
華信航空,AE992,XMN,TPE,2025-06-17,2025-06-17,11:35,13:20,14461,6944,12,190
華信航空,AE992,XMN,TPE,2025-06-18,2025-06-18,11:35,13:20,14461,6944,12,190
華信航空,AE992,XMN,TPE,2025-06-19,2025-06-19,11:35,13:20,14461,6944,12,190
華信航空,AE992,XMN,TPE,2025-06-20,2025-06-20,11:35,13:20,14461,6944,12,190
華信航空,AE992,XMN,TPE,2025-06-21,2025-06-21,11:35,13:20,14461,6944,12,190
華信航空,AE992,XMN,TPE,2025-06-22,2025-06-22,11:35,13:20,14461,6944,12,190
華信航空,AE991,TPE,XMN,2025-06-23,2025-06-23,08:45,10:30,14555,7038,12,190
華信航空,AE991,TPE,XMN,2025-06-24,2025-06-24,08:45,10:30,14555,7038,12,190
華信航空,AE991,TPE,XMN,2025-06-25,2025-06-25,08:45,10:30,14555,7038,12,190
華信航空,AE991,TPE,XMN,2025-06-26,2025-06-26,08:45,10:30,14555,7038,12,190
華信航空,AE991,TPE,XMN,2025-06-27,2025-06-27,08:45,10:30,14555,7038,12,190
華信航空,AE991,TPE,XMN,2025-06-28,2025-06-28,08:45,10:30,14555,7038,12,190
華信航空,AE991,TPE,XMN,2025-06-29,2025-06-29,08:45,10:30,14555,7038,12,190
華信航空,AE992,XMN,TPE,2025-06-23,2025-06-23,11:35,13:20,14461,6944,12,190
華信航空,AE992,XMN,TPE,2025-06-24,2025-06-24,11:35,13:20,14461,6944,12,190
華信航空,AE992,XMN,TPE,2025-06-25,2025-06-25,11:35,13:20,14461,6944,12,190
華信航空,AE992,XMN,TPE,2025-06-26,2025-06-26,11:35,13:20,14461,6944,12,190
華信航空,AE992,XMN,TPE,2025-06-27,2025-06-27,11:35,13:20,14461,6944,12,190
華信航空,AE992,XMN,TPE,2025-06-28,2025-06-28,11:35,13:20,14461,6944,12,190
華信航空,AE992,XMN,TPE,2025-06-29,2025-06-29,11:35,13:20,14461,6944,12,190
華信航空,AE991,TPE,XMN,2025-06-30,2025-06-30,08:45,10:30,14555,7038,12,190
華信航空,AE991,TPE,XMN,2025-07-01,2025-07-01,08:45,10:30,14555,7038,12,190
華信航空,AE991,TPE,XMN,2025-07-02,2025-07-02,08:45,10:30,14555,7038,12,190
華信航空,AE991,TPE,XMN,2025-07-03,2025-07-03,08:45,10:30,14555,7038,12,190
華信航空,AE991,TPE,XMN,2025-07-04,2025-07-04,08:45,10:30,14555,7038,12,190
華信航空,AE991,TPE,XMN,2025-07-05,2025-07-05,08:45,10:30,14555,7038,12,190
華信航空,AE991,TPE,XMN,2025-07-06,2025-07-06,08:45,10:30,14555,7038,12,190
華信航空,AE992,XMN,TPE,2025-06-30,2025-06-30,11:35,13:20,14461,6944,12,190
華信航空,AE992,XMN,TPE,2025-07-01,2025-07-01,11:35,13:20,14461,6944,12,190
華信航空,AE992,XMN,TPE,2025-07-02,2025-07-02,11:35,13:20,14461,6944,12,190
華信航空,AE992,XMN,TPE,2025-07-03,2025-07-03,11:35,13:20,14461,6944,12,190
華信航空,AE992,XMN,TPE,2025-07-04,2025-07-04,11:35,13:20,14461,6944,12,190
華信航空,AE992,XMN,TPE,2025-07-05,2025-07-05,11:35,13:20,14461,6944,12,190
華信航空,AE992,XMN,TPE,2025-07-06,2025-07-06,11:35,13:20,14461,6944,12,190
華信航空,AE991,TPE,XMN,2025-07-07,2025-07-07,08:45,10:30,14555,7038,12,190
華信航空,AE991,TPE,XMN,2025-07-08,2025-07-08,08:45,10:30,14555,7038,12,190
華信航空,AE991,TPE,XMN,2025-07-09,2025-07-09,08:45,10:30,14555,7038,12,190
華信航空,AE991,TPE,XMN,2025-07-10,2025-07-10,08:45,10:30,14555,7038,12,190
華信航空,AE991,TPE,XMN,2025-07-11,2025-07-11,08:45,10:30,14555,7038,12,190
華信航空,AE991,TPE,XMN,2025-07-12,2025-07-12,08:45,10:30,14555,7038,12,190
華信航空,AE991,TPE,XMN,2025-07-13,2025-07-13,08:45,10:30,14555,7038,12,190
華信航空,AE992,XMN,TPE,2025-07-07,2025-07-07,11:35,13:20,14461,6944,12,190
華信航空,AE992,XMN,TPE,2025-07-08,2025-07-08,11:35,13:20,14461,6944,12,190
華信航空,AE992,XMN,TPE,2025-07-09,2025-07-09,11:35,13:20,14461,6944,12,190
華信航空,AE992,XMN,TPE,2025-07-10,2025-07-10,11:35,13:20,14461,6944,12,190
華信航空,AE992,XMN,TPE,2025-07-11,2025-07-11,11:35,13:20,14461,6944,12,190
華信航空,AE992,XMN,TPE,2025-07-12,2025-07-12,11:35,13:20,14461,6944,12,190
華信航空,AE992,XMN,TPE,2025-07-13,2025-07-13,11:35,13:20,14461,6944,12,190
華信航空,AE991,TPE,XMN,2025-07-14,2025-07-14,08:45,10:30,14555,7038,12,190
華信航空,AE991,TPE,XMN,2025-07-15,2025-07-15,08:45,10:30,14555,7038,12,190
華信航空,AE991,TPE,XMN,2025-07-16,2025-07-16,08:45,10:30,14555,7038,12,190
華信航空,AE991,TPE,XMN,2025-07-17,2025-07-17,08:45,10:30,14555,7038,12,190
華信航空,AE991,TPE,XMN,2025-07-18,2025-07-18,08:45,10:30,14555,7038,12,190
華信航空,AE991,TPE,XMN,2025-07-19,2025-07-19,08:45,10:30,14555,7038,12,190
華信航空,AE991,TPE,XMN,2025-07-20,2025-07-20,08:45,10:30,14555,7038,12,190
華信航空,AE992,XMN,TPE,2025-07-14,2025-07-14,11:35,13:20,14461,6944,12,190
華信航空,AE992,XMN,TPE,2025-07-15,2025-07-15,11:35,13:20,14461,6944,12,190
華信航空,AE992,XMN,TPE,2025-07-16,2025-07-16,11:35,13:20,14461,6944,12,190
華信航空,AE992,XMN,TPE,2025-07-17,2025-07-17,11:35,13:20,14461,6944,12,190
華信航空,AE992,XMN,TPE,2025-07-18,2025-07-18,11:35,13:20,14461,6944,12,190
華信航空,AE992,XMN,TPE,2025-07-19,2025-07-19,11:35,13:20,14461,6944,12,190
華信航空,AE992,XMN,TPE,2025-07-20,2025-07-20,11:35,13:20,14461,6944,12,190
華信航空,AE991,TPE,XMN,2025-07-21,2025-07-21,08:45,10:30,14555,7038,12,190
華信航空,AE991,TPE,XMN,2025-07-22,2025-07-22,08:45,10:30,14555,7038,12,190
華信航空,AE991,TPE,XMN,2025-07-23,2025-07-23,08:45,10:30,14555,7038,12,190
華信航空,AE991,TPE,XMN,2025-07-24,2025-07-24,08:45,10:30,14555,7038,12,190
華信航空,AE991,TPE,XMN,2025-07-25,2025-07-25,08:45,10:30,14555,7038,12,190
華信航空,AE991,TPE,XMN,2025-07-26,2025-07-26,08:45,10:30,14555,7038,12,190
華信航空,AE991,TPE,XMN,2025-07-27,2025-07-27,08:45,10:30,14555,7038,12,190
華信航空,AE992,XMN,TPE,2025-07-21,2025-07-21,11:35,13:20,14461,6944,12,190
華信航空,AE992,XMN,TPE,2025-07-22,2025-07-22,11:35,13:20,14461,6944,12,190
華信航空,AE992,XMN,TPE,2025-07-23,2025-07-23,11:35,13:20,14461,6944,12,190
華信航空,AE992,XMN,TPE,2025-07-24,2025-07-24,11:35,13:20,14461,6944,12,190
華信航空,AE992,XMN,TPE,2025-07-25,2025-07-25,11:35,13:20,14461,6944,12,190
華信航空,AE992,XMN,TPE,2025-07-26,2025-07-26,11:35,13:20,14461,6944,12,190
華信航空,AE992,XMN,TPE,2025-07-27,2025-07-27,11:35,13:20,14461,6944,12,190
華信航空,AE991,TPE,XMN,2025-07-28,2025-07-28,08:45,10:30,14555,7038,12,190
華信航空,AE991,TPE,XMN,2025-07-29,2025-07-29,08:45,10:30,14555,7038,12,190
華信航空,AE991,TPE,XMN,2025-07-30,2025-07-30,08:45,10:30,14555,7038,12,190
華信航空,AE991,TPE,XMN,2025-07-31,2025-07-31,08:45,10:30,14555,7038,12,190
華信航空,AE991,TPE,XMN,2025-08-01,2025-08-01,08:45,10:30,14555,7038,12,190
華信航空,AE991,TPE,XMN,2025-08-02,2025-08-02,08:45,10:30,14555,7038,12,190
華信航空,AE991,TPE,XMN,2025-08-03,2025-08-03,08:45,10:30,14555,7038,12,190
華信航空,AE992,XMN,TPE,2025-07-28,2025-07-28,11:35,13:20,14461,6944,12,190
華信航空,AE992,XMN,TPE,2025-07-29,2025-07-29,11:35,13:20,14461,6944,12,190
華信航空,AE992,XMN,TPE,2025-07-30,2025-07-30,11:35,13:20,14461,6944,12,190
華信航空,AE992,XMN,TPE,2025-07-31,2025-07-31,11:35,13:20,14461,6944,12,190
華信航空,AE992,XMN,TPE,2025-08-01,2025-08-01,11:35,13:20,14461,6944,12,190
華信航空,AE992,XMN,TPE,2025-08-02,2025-08-02,11:35,13:20,14461,6944,12,190
華信航空,AE992,XMN,TPE,2025-08-03,2025-08-03,11:35,13:20,14461,6944,12,190
華信航空,AE991,TPE,XMN,2025-08-04,2025-08-04,08:45,10:30,14555,7038,12,190
華信航空,AE991,TPE,XMN,2025-08-05,2025-08-05,08:45,10:30,14555,7038,12,190
華信航空,AE991,TPE,XMN,2025-08-06,2025-08-06,08:45,10:30,14555,7038,12,190
華信航空,AE991,TPE,XMN,2025-08-07,2025-08-07,08:45,10:30,14555,7038,12,190
華信航空,AE991,TPE,XMN,2025-08-08,2025-08-08,08:45,10:30,14555,7038,12,190
華信航空,AE991,TPE,XMN,2025-08-09,2025-08-09,08:45,10:30,14555,7038,12,190
華信航空,AE991,TPE,XMN,2025-08-10,2025-08-10,08:45,10:30,14555,7038,12,190
華信航空,AE992,XMN,TPE,2025-08-04,2025-08-04,11:35,13:20,14461,6944,12,190
華信航空,AE992,XMN,TPE,2025-08-05,2025-08-05,11:35,13:20,14461,6944,12,190
華信航空,AE992,XMN,TPE,2025-08-06,2025-08-06,11:35,13:20,14461,6944,12,190
華信航空,AE992,XMN,TPE,2025-08-07,2025-08-07,11:35,13:20,14461,6944,12,190
華信航空,AE992,XMN,TPE,2025-08-08,2025-08-08,11:35,13:20,14461,6944,12,190
華信航空,AE992,XMN,TPE,2025-08-09,2025-08-09,11:35,13:20,14461,6944,12,190
華信航空,AE992,XMN,TPE,2025-08-10,2025-08-10,11:35,13:20,14461,6944,12,190
華信航空,AE991,TPE,XMN,2025-08-11,2025-08-11,08:45,10:30,14555,7038,12,190
華信航空,AE991,TPE,XMN,2025-08-12,2025-08-12,08:45,10:30,14555,7038,12,190
華信航空,AE991,TPE,XMN,2025-08-13,2025-08-13,08:45,10:30,14555,7038,12,190
華信航空,AE991,TPE,XMN,2025-08-14,2025-08-14,08:45,10:30,14555,7038,12,190
華信航空,AE991,TPE,XMN,2025-08-15,2025-08-15,08:45,10:30,14555,7038,12,190
華信航空,AE991,TPE,XMN,2025-08-16,2025-08-16,08:45,10:30,14555,7038,12,190
華信航空,AE991,TPE,XMN,2025-08-17,2025-08-17,08:45,10:30,14555,7038,12,190
華信航空,AE992,XMN,TPE,2025-08-11,2025-08-11,11:35,13:20,14461,6944,12,190
華信航空,AE992,XMN,TPE,2025-08-12,2025-08-12,11:35,13:20,14461,6944,12,190
華信航空,AE992,XMN,TPE,2025-08-13,2025-08-13,11:35,13:20,14461,6944,12,190
華信航空,AE992,XMN,TPE,2025-08-14,2025-08-14,11:35,13:20,14461,6944,12,190
華信航空,AE992,XMN,TPE,2025-08-15,2025-08-15,11:35,13:20,14461,6944,12,190
華信航空,AE992,XMN,TPE,2025-08-16,2025-08-16,11:35,13:20,14461,6944,12,190
華信航空,AE992,XMN,TPE,2025-08-17,2025-08-17,11:35,13:20,14461,6944,12,190
華信航空,AE991,TPE,XMN,2025-08-18,2025-08-18,08:45,10:30,14555,7038,12,190
華信航空,AE991,TPE,XMN,2025-08-19,2025-08-19,08:45,10:30,14555,7038,12,190
華信航空,AE991,TPE,XMN,2025-08-20,2025-08-20,08:45,10:30,14555,7038,12,190
華信航空,AE991,TPE,XMN,2025-08-21,2025-08-21,08:45,10:30,14555,7038,12,190
華信航空,AE991,TPE,XMN,2025-08-22,2025-08-22,08:45,10:30,14555,7038,12,190
華信航空,AE991,TPE,XMN,2025-08-23,2025-08-23,08:45,10:30,14555,7038,12,190
華信航空,AE991,TPE,XMN,2025-08-24,2025-08-24,08:45,10:30,14555,7038,12,190
華信航空,AE992,XMN,TPE,2025-08-18,2025-08-18,11:35,13:20,14461,6944,12,190
華信航空,AE992,XMN,TPE,2025-08-19,2025-08-19,11:35,13:20,14461,6944,12,190
華信航空,AE992,XMN,TPE,2025-08-20,2025-08-20,11:35,13:20,14461,6944,12,190
華信航空,AE992,XMN,TPE,2025-08-21,2025-08-21,11:35,13:20,14461,6944,12,190
華信航空,AE992,XMN,TPE,2025-08-22,2025-08-22,11:35,13:20,14461,6944,12,190
華信航空,AE992,XMN,TPE,2025-08-23,2025-08-23,11:35,13:20,14461,6944,12,190
華信航空,AE992,XMN,TPE,2025-08-24,2025-08-24,11:35,13:20,14461,6944,12,190
華信航空,AE991,TPE,XMN,2025-08-25,2025-08-25,08:45,10:30,14555,7038,12,190
華信航空,AE991,TPE,XMN,2025-08-26,2025-08-26,08:45,10:30,14555,7038,12,190
華信航空,AE991,TPE,XMN,2025-08-27,2025-08-27,08:45,10:30,14555,7038,12,190
華信航空,AE991,TPE,XMN,2025-08-28,2025-08-28,08:45,10:30,14555,7038,12,190
華信航空,AE991,TPE,XMN,2025-08-29,2025-08-29,08:45,10:30,14555,7038,12,190
華信航空,AE991,TPE,XMN,2025-08-30,2025-08-30,08:45,10:30,14555,7038,12,190
華信航空,AE991,TPE,XMN,2025-08-31,2025-08-31,08:45,10:30,14555,7038,12,190
華信航空,AE992,XMN,TPE,2025-08-25,2025-08-25,11:35,13:20,14461,6944,12,190
華信航空,AE992,XMN,TPE,2025-08-26,2025-08-26,11:35,13:20,14461,6944,12,190
華信航空,AE992,XMN,TPE,2025-08-27,2025-08-27,11:35,13:20,14461,6944,12,190
華信航空,AE992,XMN,TPE,2025-08-28,2025-08-28,11:35,13:20,14461,6944,12,190
華信航空,AE992,XMN,TPE,2025-08-29,2025-08-29,11:35,13:20,14461,6944,12,190
華信航空,AE992,XMN,TPE,2025-08-30,2025-08-30,11:35,13:20,14461,6944,12,190
華信航空,AE992,XMN,TPE,2025-08-31,2025-08-31,11:35,13:20,14461,6944,12,190
華信航空,AE991,TPE,XMN,2025-09-01,2025-09-01,08:45,10:30,14555,7038,12,190
華信航空,AE991,TPE,XMN,2025-09-02,2025-09-02,08:45,10:30,14555,7038,12,190
華信航空,AE991,TPE,XMN,2025-09-03,2025-09-03,08:45,10:30,14555,7038,12,190
華信航空,AE991,TPE,XMN,2025-09-04,2025-09-04,08:45,10:30,14555,7038,12,190
華信航空,AE991,TPE,XMN,2025-09-05,2025-09-05,08:45,10:30,14555,7038,12,190
華信航空,AE991,TPE,XMN,2025-09-06,2025-09-06,08:45,10:30,14555,7038,12,190
華信航空,AE991,TPE,XMN,2025-09-07,2025-09-07,08:45,10:30,14555,7038,12,190
華信航空,AE992,XMN,TPE,2025-09-01,2025-09-01,11:35,13:20,14461,6944,12,190
華信航空,AE992,XMN,TPE,2025-09-02,2025-09-02,11:35,13:20,14461,6944,12,190
華信航空,AE992,XMN,TPE,2025-09-03,2025-09-03,11:35,13:20,14461,6944,12,190
華信航空,AE992,XMN,TPE,2025-09-04,2025-09-04,11:35,13:20,14461,6944,12,190
華信航空,AE992,XMN,TPE,2025-09-05,2025-09-05,11:35,13:20,14461,6944,12,190
華信航空,AE992,XMN,TPE,2025-09-06,2025-09-06,11:35,13:20,14461,6944,12,190
華信航空,AE992,XMN,TPE,2025-09-07,2025-09-07,11:35,13:20,14461,6944,12,190
華信航空,AE991,TPE,XMN,2025-09-08,2025-09-08,08:45,10:30,14555,7038,12,190
華信航空,AE991,TPE,XMN,2025-09-09,2025-09-09,08:45,10:30,14555,7038,12,190
華信航空,AE991,TPE,XMN,2025-09-10,2025-09-10,08:45,10:30,14555,7038,12,190
華信航空,AE991,TPE,XMN,2025-09-11,2025-09-11,08:45,10:30,14555,7038,12,190
華信航空,AE991,TPE,XMN,2025-09-12,2025-09-12,08:45,10:30,14555,7038,12,190
華信航空,AE991,TPE,XMN,2025-09-13,2025-09-13,08:45,10:30,14555,7038,12,190
華信航空,AE991,TPE,XMN,2025-09-14,2025-09-14,08:45,10:30,14555,7038,12,190
華信航空,AE992,XMN,TPE,2025-09-08,2025-09-08,11:35,13:20,14461,6944,12,190
華信航空,AE992,XMN,TPE,2025-09-09,2025-09-09,11:35,13:20,14461,6944,12,190
華信航空,AE992,XMN,TPE,2025-09-10,2025-09-10,11:35,13:20,14461,6944,12,190
華信航空,AE992,XMN,TPE,2025-09-11,2025-09-11,11:35,13:20,14461,6944,12,190
華信航空,AE992,XMN,TPE,2025-09-12,2025-09-12,11:35,13:20,14461,6944,12,190
華信航空,AE992,XMN,TPE,2025-09-13,2025-09-13,11:35,13:20,14461,6944,12,190
華信航空,AE992,XMN,TPE,2025-09-14,2025-09-14,11:35,13:20,14461,6944,12,190
華信航空,AE991,TPE,XMN,2025-09-15,2025-09-15,08:45,10:30,14555,7038,12,190
華信航空,AE991,TPE,XMN,2025-09-16,2025-09-16,08:45,10:30,14555,7038,12,190
華信航空,AE991,TPE,XMN,2025-09-17,2025-09-17,08:45,10:30,14555,7038,12,190
華信航空,AE991,TPE,XMN,2025-09-18,2025-09-18,08:45,10:30,14555,7038,12,190
華信航空,AE991,TPE,XMN,2025-09-19,2025-09-19,08:45,10:30,14555,7038,12,190
華信航空,AE991,TPE,XMN,2025-09-20,2025-09-20,08:45,10:30,14555,7038,12,190
華信航空,AE991,TPE,XMN,2025-09-21,2025-09-21,08:45,10:30,14555,7038,12,190
華信航空,AE992,XMN,TPE,2025-09-15,2025-09-15,11:35,13:20,14461,6944,12,190
華信航空,AE992,XMN,TPE,2025-09-16,2025-09-16,11:35,13:20,14461,6944,12,190
華信航空,AE992,XMN,TPE,2025-09-17,2025-09-17,11:35,13:20,14461,6944,12,190
華信航空,AE992,XMN,TPE,2025-09-18,2025-09-18,11:35,13:20,14461,6944,12,190
華信航空,AE992,XMN,TPE,2025-09-19,2025-09-19,11:35,13:20,14461,6944,12,190
華信航空,AE992,XMN,TPE,2025-09-20,2025-09-20,11:35,13:20,14461,6944,12,190
華信航空,AE992,XMN,TPE,2025-09-21,2025-09-21,11:35,13:20,14461,6944,12,190
華信航空,AE991,TPE,XMN,2025-09-22,2025-09-22,08:45,10:30,14555,7038,12,190
華信航空,AE991,TPE,XMN,2025-09-23,2025-09-23,08:45,10:30,14555,7038,12,190
華信航空,AE991,TPE,XMN,2025-09-24,2025-09-24,08:45,10:30,14555,7038,12,190
華信航空,AE991,TPE,XMN,2025-09-25,2025-09-25,08:45,10:30,14555,7038,12,190
華信航空,AE991,TPE,XMN,2025-09-26,2025-09-26,08:45,10:30,14555,7038,12,190
華信航空,AE991,TPE,XMN,2025-09-27,2025-09-27,08:45,10:30,14555,7038,12,190
華信航空,AE991,TPE,XMN,2025-09-28,2025-09-28,08:45,10:30,14555,7038,12,190
華信航空,AE992,XMN,TPE,2025-09-22,2025-09-22,11:35,13:20,14461,6944,12,190
華信航空,AE992,XMN,TPE,2025-09-23,2025-09-23,11:35,13:20,14461,6944,12,190
華信航空,AE992,XMN,TPE,2025-09-24,2025-09-24,11:35,13:20,14461,6944,12,190
華信航空,AE992,XMN,TPE,2025-09-25,2025-09-25,11:35,13:20,14461,6944,12,190
華信航空,AE992,XMN,TPE,2025-09-26,2025-09-26,11:35,13:20,14461,6944,12,190
華信航空,AE992,XMN,TPE,2025-09-27,2025-09-27,11:35,13:20,14461,6944,12,190
華信航空,AE992,XMN,TPE,2025-09-28,2025-09-28,11:35,13:20,14461,6944,12,190
華信航空,AE991,TPE,XMN,2025-09-29,2025-09-29,08:45,10:30,14555,7038,12,190
華信航空,AE991,TPE,XMN,2025-09-30,2025-09-30,08:45,10:30,14555,7038,12,190
華信航空,AE991,TPE,XMN,2025-10-01,2025-10-01,08:45,10:30,14555,7038,12,190
華信航空,AE991,TPE,XMN,2025-10-02,2025-10-02,08:45,10:30,14555,7038,12,190
華信航空,AE991,TPE,XMN,2025-10-03,2025-10-03,08:45,10:30,14555,7038,12,190
華信航空,AE991,TPE,XMN,2025-10-04,2025-10-04,08:45,10:30,14555,7038,12,190
華信航空,AE991,TPE,XMN,2025-10-05,2025-10-05,08:45,10:30,14555,7038,12,190
華信航空,AE992,XMN,TPE,2025-09-29,2025-09-29,11:35,13:20,14461,6944,12,190
華信航空,AE992,XMN,TPE,2025-09-30,2025-09-30,11:35,13:20,14461,6944,12,190
華信航空,AE992,XMN,TPE,2025-10-01,2025-10-01,11:35,13:20,14461,6944,12,190
華信航空,AE992,XMN,TPE,2025-10-02,2025-10-02,11:35,13:20,14461,6944,12,190
華信航空,AE992,XMN,TPE,2025-10-03,2025-10-03,11:35,13:20,14461,6944,12,190
華信航空,AE992,XMN,TPE,2025-10-04,2025-10-04,11:35,13:20,14461,6944,12,190
華信航空,AE992,XMN,TPE,2025-10-05,2025-10-05,11:35,13:20,14461,6944,12,190
華信航空,AE991,TPE,XMN,2025-10-06,2025-10-06,08:45,10:30,14555,7038,12,190
華信航空,AE991,TPE,XMN,2025-10-07,2025-10-07,08:45,10:30,14555,7038,12,190
華信航空,AE991,TPE,XMN,2025-10-08,2025-10-08,08:45,10:30,14555,7038,12,190
華信航空,AE991,TPE,XMN,2025-10-09,2025-10-09,08:45,10:30,14555,7038,12,190
華信航空,AE991,TPE,XMN,2025-10-10,2025-10-10,08:45,10:30,14555,7038,12,190
華信航空,AE991,TPE,XMN,2025-10-11,2025-10-11,08:45,10:30,14555,7038,12,190
華信航空,AE991,TPE,XMN,2025-10-12,2025-10-12,08:45,10:30,14555,7038,12,190
華信航空,AE992,XMN,TPE,2025-10-06,2025-10-06,11:35,13:20,14461,6944,12,190
華信航空,AE992,XMN,TPE,2025-10-07,2025-10-07,11:35,13:20,14461,6944,12,190
華信航空,AE992,XMN,TPE,2025-10-08,2025-10-08,11:35,13:20,14461,6944,12,190
華信航空,AE992,XMN,TPE,2025-10-09,2025-10-09,11:35,13:20,14461,6944,12,190
華信航空,AE992,XMN,TPE,2025-10-10,2025-10-10,11:35,13:20,14461,6944,12,190
華信航空,AE992,XMN,TPE,2025-10-11,2025-10-11,11:35,13:20,14461,6944,12,190
華信航空,AE992,XMN,TPE,2025-10-12,2025-10-12,11:35,13:20,14461,6944,12,190
華信航空,AE991,TPE,XMN,2025-10-13,2025-10-13,08:45,10:30,14555,7038,12,190
華信航空,AE991,TPE,XMN,2025-10-14,2025-10-14,08:45,10:30,14555,7038,12,190
華信航空,AE991,TPE,XMN,2025-10-15,2025-10-15,08:45,10:30,14555,7038,12,190
華信航空,AE991,TPE,XMN,2025-10-16,2025-10-16,08:45,10:30,14555,7038,12,190
華信航空,AE991,TPE,XMN,2025-10-17,2025-10-17,08:45,10:30,14555,7038,12,190
華信航空,AE991,TPE,XMN,2025-10-18,2025-10-18,08:45,10:30,14555,7038,12,190
華信航空,AE991,TPE,XMN,2025-10-19,2025-10-19,08:45,10:30,14555,7038,12,190
華信航空,AE992,XMN,TPE,2025-10-13,2025-10-13,11:35,13:20,14461,6944,12,190
華信航空,AE992,XMN,TPE,2025-10-14,2025-10-14,11:35,13:20,14461,6944,12,190
華信航空,AE992,XMN,TPE,2025-10-15,2025-10-15,11:35,13:20,14461,6944,12,190
華信航空,AE992,XMN,TPE,2025-10-16,2025-10-16,11:35,13:20,14461,6944,12,190
華信航空,AE992,XMN,TPE,2025-10-17,2025-10-17,11:35,13:20,14461,6944,12,190
華信航空,AE992,XMN,TPE,2025-10-18,2025-10-18,11:35,13:20,14461,6944,12,190
華信航空,AE992,XMN,TPE,2025-10-19,2025-10-19,11:35,13:20,14461,6944,12,190
華信航空,AE991,TPE,XMN,2025-10-20,2025-10-20,08:45,10:30,14555,7038,12,190
華信航空,AE991,TPE,XMN,2025-10-21,2025-10-21,08:45,10:30,14555,7038,12,190
華信航空,AE991,TPE,XMN,2025-10-22,2025-10-22,08:45,10:30,14555,7038,12,190
華信航空,AE991,TPE,XMN,2025-10-23,2025-10-23,08:45,10:30,14555,7038,12,190
華信航空,AE991,TPE,XMN,2025-10-24,2025-10-24,08:45,10:30,14555,7038,12,190
華信航空,AE991,TPE,XMN,2025-10-25,2025-10-25,08:45,10:30,14555,7038,12,190
華信航空,AE991,TPE,XMN,2025-10-26,2025-10-26,08:45,10:30,14555,7038,12,190
華信航空,AE992,XMN,TPE,2025-10-20,2025-10-20,11:35,13:20,14461,6944,12,190
華信航空,AE992,XMN,TPE,2025-10-21,2025-10-21,11:35,13:20,14461,6944,12,190
華信航空,AE992,XMN,TPE,2025-10-22,2025-10-22,11:35,13:20,14461,6944,12,190
華信航空,AE992,XMN,TPE,2025-10-23,2025-10-23,11:35,13:20,14461,6944,12,190
華信航空,AE992,XMN,TPE,2025-10-24,2025-10-24,11:35,13:20,14461,6944,12,190
華信航空,AE992,XMN,TPE,2025-10-25,2025-10-25,11:35,13:20,14461,6944,12,190
華信航空,AE992,XMN,TPE,2025-10-26,2025-10-26,11:35,13:20,14461,6944,12,190
華信航空,AE991,TPE,XMN,2025-10-27,2025-10-27,08:45,10:30,14555,7038,12,190
華信航空,AE991,TPE,XMN,2025-10-28,2025-10-28,08:45,10:30,14555,7038,12,190
華信航空,AE991,TPE,XMN,2025-10-29,2025-10-29,08:45,10:30,14555,7038,12,190
華信航空,AE991,TPE,XMN,2025-10-30,2025-10-30,08:45,10:30,14555,7038,12,190
華信航空,AE991,TPE,XMN,2025-10-31,2025-10-31,08:45,10:30,14555,7038,12,190
華信航空,AE991,TPE,XMN,2025-11-01,2025-11-01,08:45,10:30,14555,7038,12,190
華信航空,AE991,TPE,XMN,2025-11-02,2025-11-02,08:45,10:30,14555,7038,12,190
華信航空,AE992,XMN,TPE,2025-10-27,2025-10-27,11:35,13:20,14461,6944,12,190
華信航空,AE992,XMN,TPE,2025-10-28,2025-10-28,11:35,13:20,14461,6944,12,190
華信航空,AE992,XMN,TPE,2025-10-29,2025-10-29,11:35,13:20,14461,6944,12,190
華信航空,AE992,XMN,TPE,2025-10-30,2025-10-30,11:35,13:20,14461,6944,12,190
華信航空,AE992,XMN,TPE,2025-10-31,2025-10-31,11:35,13:20,14461,6944,12,190
華信航空,AE992,XMN,TPE,2025-11-01,2025-11-01,11:35,13:20,14461,6944,12,190
華信航空,AE992,XMN,TPE,2025-11-02,2025-11-02,11:35,13:20,14461,6944,12,190
