全亞洲航空,D7379,TPE,KUL,2024-10-28,2024-10-28,1:25,6:15,10663,3559,30,347
全亞洲航空,D7379,TPE,KUL,2024-10-29,2024-10-29,1:25,6:15,10663,3559,30,347
全亞洲航空,D7379,TPE,KUL,2024-10-30,2024-10-30,1:25,6:15,10663,3559,30,347
全亞洲航空,D7379,TPE,KUL,2024-10-31,2024-10-31,1:25,6:15,10663,3559,30,347
全亞洲航空,D7379,TPE,KUL,2024-11-01,2024-11-01,1:25,6:15,10663,3559,30,347
全亞洲航空,D7379,TPE,KUL,2024-11-02,2024-11-02,1:25,6:15,10663,3559,30,347
全亞洲航空,D7379,TPE,KUL,2024-11-03,2024-11-03,1:25,6:15,10663,3559,30,347
全亞洲航空,D7378,KUL,TPE,2024-10-28,2024-10-28,9:30,14:25,11421,4117,30,347
全亞洲航空,D7378,KUL,TPE,2024-10-29,2024-10-29,9:30,14:25,11421,4117,30,347
全亞洲航空,D7378,KUL,TPE,2024-10-30,2024-10-30,9:30,14:25,11421,4117,30,347
全亞洲航空,D7378,KUL,TPE,2024-10-31,2024-10-31,9:30,14:25,11421,4117,30,347
全亞洲航空,D7378,KUL,TPE,2024-11-01,2024-11-01,9:30,14:25,11421,4117,30,347
全亞洲航空,D7378,KUL,TPE,2024-11-02,2024-11-02,9:30,14:25,11421,4117,30,347
全亞洲航空,D7378,KUL,TPE,2024-11-03,2024-11-03,9:30,14:25,11421,4117,30,347
全亞洲航空,D7378,TPE,KIX,2024-10-28,2024-10-28,15:50,19:30,10246,3865,30,347
全亞洲航空,D7378,TPE,KIX,2024-10-29,2024-10-29,15:50,19:30,10246,3865,30,347
全亞洲航空,D7378,TPE,KIX,2024-10-30,2024-10-30,15:50,19:30,10246,3865,30,347
全亞洲航空,D7378,TPE,KIX,2024-10-31,2024-10-31,15:50,19:30,10246,3865,30,347
全亞洲航空,D7378,TPE,KIX,2024-11-01,2024-11-01,15:50,19:30,10246,3865,30,347
全亞洲航空,D7378,TPE,KIX,2024-11-02,2024-11-02,15:50,19:30,10246,3865,30,347
全亞洲航空,D7378,TPE,KIX,2024-11-03,2024-11-03,15:50,19:30,10246,3865,30,347
全亞洲航空,D7379,TPE,KUL,2024-11-04,2024-11-04,1:25,6:15,10663,3559,30,347
全亞洲航空,D7379,TPE,KUL,2024-11-05,2024-11-05,1:25,6:15,10663,3559,30,347
全亞洲航空,D7379,TPE,KUL,2024-11-06,2024-11-06,1:25,6:15,10663,3559,30,347
全亞洲航空,D7379,TPE,KUL,2024-11-07,2024-11-07,1:25,6:15,10663,3559,30,347
全亞洲航空,D7379,TPE,KUL,2024-11-08,2024-11-08,1:25,6:15,10663,3559,30,347
全亞洲航空,D7379,TPE,KUL,2024-11-09,2024-11-09,1:25,6:15,10663,3559,30,347
全亞洲航空,D7379,TPE,KUL,2024-11-10,2024-11-10,1:25,6:15,10663,3559,30,347
全亞洲航空,D7378,KUL,TPE,2024-11-04,2024-11-04,9:30,14:25,11421,4117,30,347
全亞洲航空,D7378,KUL,TPE,2024-11-05,2024-11-05,9:30,14:25,11421,4117,30,347
全亞洲航空,D7378,KUL,TPE,2024-11-06,2024-11-06,9:30,14:25,11421,4117,30,347
全亞洲航空,D7378,KUL,TPE,2024-11-07,2024-11-07,9:30,14:25,11421,4117,30,347
全亞洲航空,D7378,KUL,TPE,2024-11-08,2024-11-08,9:30,14:25,11421,4117,30,347
全亞洲航空,D7378,KUL,TPE,2024-11-09,2024-11-09,9:30,14:25,11421,4117,30,347
全亞洲航空,D7378,KUL,TPE,2024-11-10,2024-11-10,9:30,14:25,11421,4117,30,347
全亞洲航空,D7378,TPE,KIX,2024-11-04,2024-11-04,15:50,19:30,10246,3865,30,347
全亞洲航空,D7378,TPE,KIX,2024-11-05,2024-11-05,15:50,19:30,10246,3865,30,347
全亞洲航空,D7378,TPE,KIX,2024-11-06,2024-11-06,15:50,19:30,10246,3865,30,347
全亞洲航空,D7378,TPE,KIX,2024-11-07,2024-11-07,15:50,19:30,10246,3865,30,347
全亞洲航空,D7378,TPE,KIX,2024-11-08,2024-11-08,15:50,19:30,10246,3865,30,347
全亞洲航空,D7378,TPE,KIX,2024-11-09,2024-11-09,15:50,19:30,10246,3865,30,347
全亞洲航空,D7378,TPE,KIX,2024-11-10,2024-11-10,15:50,19:30,10246,3865,30,347
全亞洲航空,D7379,TPE,KUL,2024-11-11,2024-11-11,1:25,6:15,10663,3559,30,347
全亞洲航空,D7379,TPE,KUL,2024-11-12,2024-11-12,1:25,6:15,10663,3559,30,347
全亞洲航空,D7379,TPE,KUL,2024-11-13,2024-11-13,1:25,6:15,10663,3559,30,347
全亞洲航空,D7379,TPE,KUL,2024-11-14,2024-11-14,1:25,6:15,10663,3559,30,347
全亞洲航空,D7379,TPE,KUL,2024-11-15,2024-11-15,1:25,6:15,10663,3559,30,347
全亞洲航空,D7379,TPE,KUL,2024-11-16,2024-11-16,1:25,6:15,10663,3559,30,347
全亞洲航空,D7379,TPE,KUL,2024-11-17,2024-11-17,1:25,6:15,10663,3559,30,347
全亞洲航空,D7378,KUL,TPE,2024-11-11,2024-11-11,9:30,14:25,11421,4117,30,347
全亞洲航空,D7378,KUL,TPE,2024-11-12,2024-11-12,9:30,14:25,11421,4117,30,347
全亞洲航空,D7378,KUL,TPE,2024-11-13,2024-11-13,9:30,14:25,11421,4117,30,347
全亞洲航空,D7378,KUL,TPE,2024-11-14,2024-11-14,9:30,14:25,11421,4117,30,347
全亞洲航空,D7378,KUL,TPE,2024-11-15,2024-11-15,9:30,14:25,11421,4117,30,347
全亞洲航空,D7378,KUL,TPE,2024-11-16,2024-11-16,9:30,14:25,11421,4117,30,347
全亞洲航空,D7378,KUL,TPE,2024-11-17,2024-11-17,9:30,14:25,11421,4117,30,347
全亞洲航空,D7378,TPE,KIX,2024-11-11,2024-11-11,15:50,19:30,10246,3865,30,347
全亞洲航空,D7378,TPE,KIX,2024-11-12,2024-11-12,15:50,19:30,10246,3865,30,347
全亞洲航空,D7378,TPE,KIX,2024-11-13,2024-11-13,15:50,19:30,10246,3865,30,347
全亞洲航空,D7378,TPE,KIX,2024-11-14,2024-11-14,15:50,19:30,10246,3865,30,347
全亞洲航空,D7378,TPE,KIX,2024-11-15,2024-11-15,15:50,19:30,10246,3865,30,347
全亞洲航空,D7378,TPE,KIX,2024-11-16,2024-11-16,15:50,19:30,10246,3865,30,347
全亞洲航空,D7378,TPE,KIX,2024-11-17,2024-11-17,15:50,19:30,10246,3865,30,347
全亞洲航空,D7379,TPE,KUL,2024-11-18,2024-11-18,1:25,6:15,10663,3559,30,347
全亞洲航空,D7379,TPE,KUL,2024-11-19,2024-11-19,1:25,6:15,10663,3559,30,347
全亞洲航空,D7379,TPE,KUL,2024-11-20,2024-11-20,1:25,6:15,10663,3559,30,347
全亞洲航空,D7379,TPE,KUL,2024-11-21,2024-11-21,1:25,6:15,10663,3559,30,347
全亞洲航空,D7379,TPE,KUL,2024-11-22,2024-11-22,1:25,6:15,10663,3559,30,347
全亞洲航空,D7379,TPE,KUL,2024-11-23,2024-11-23,1:25,6:15,10663,3559,30,347
全亞洲航空,D7379,TPE,KUL,2024-11-24,2024-11-24,1:25,6:15,10663,3559,30,347
全亞洲航空,D7378,KUL,TPE,2024-11-18,2024-11-18,9:30,14:25,11421,4117,30,347
全亞洲航空,D7378,KUL,TPE,2024-11-19,2024-11-19,9:30,14:25,11421,4117,30,347
全亞洲航空,D7378,KUL,TPE,2024-11-20,2024-11-20,9:30,14:25,11421,4117,30,347
全亞洲航空,D7378,KUL,TPE,2024-11-21,2024-11-21,9:30,14:25,11421,4117,30,347
全亞洲航空,D7378,KUL,TPE,2024-11-22,2024-11-22,9:30,14:25,11421,4117,30,347
全亞洲航空,D7378,KUL,TPE,2024-11-23,2024-11-23,9:30,14:25,11421,4117,30,347
全亞洲航空,D7378,KUL,TPE,2024-11-24,2024-11-24,9:30,14:25,11421,4117,30,347
全亞洲航空,D7378,TPE,KIX,2024-11-18,2024-11-18,15:50,19:30,10246,3865,30,347
全亞洲航空,D7378,TPE,KIX,2024-11-19,2024-11-19,15:50,19:30,10246,3865,30,347
全亞洲航空,D7378,TPE,KIX,2024-11-20,2024-11-20,15:50,19:30,10246,3865,30,347
全亞洲航空,D7378,TPE,KIX,2024-11-21,2024-11-21,15:50,19:30,10246,3865,30,347
全亞洲航空,D7378,TPE,KIX,2024-11-22,2024-11-22,15:50,19:30,10246,3865,30,347
全亞洲航空,D7378,TPE,KIX,2024-11-23,2024-11-23,15:50,19:30,10246,3865,30,347
全亞洲航空,D7378,TPE,KIX,2024-11-24,2024-11-24,15:50,19:30,10246,3865,30,347
全亞洲航空,D7379,TPE,KUL,2024-11-25,2024-11-25,1:25,6:15,10663,3559,30,347
全亞洲航空,D7379,TPE,KUL,2024-11-26,2024-11-26,1:25,6:15,10663,3559,30,347
全亞洲航空,D7379,TPE,KUL,2024-11-27,2024-11-27,1:25,6:15,10663,3559,30,347
全亞洲航空,D7379,TPE,KUL,2024-11-28,2024-11-28,1:25,6:15,10663,3559,30,347
全亞洲航空,D7379,TPE,KUL,2024-11-29,2024-11-29,1:25,6:15,10663,3559,30,347
全亞洲航空,D7379,TPE,KUL,2024-11-30,2024-11-30,1:25,6:15,10663,3559,30,347
全亞洲航空,D7379,TPE,KUL,2024-12-01,2024-12-01,1:25,6:15,10663,3559,30,347
全亞洲航空,D7378,KUL,TPE,2024-11-25,2024-11-25,9:30,14:25,11421,4117,30,347
全亞洲航空,D7378,KUL,TPE,2024-11-26,2024-11-26,9:30,14:25,11421,4117,30,347
全亞洲航空,D7378,KUL,TPE,2024-11-27,2024-11-27,9:30,14:25,11421,4117,30,347
全亞洲航空,D7378,KUL,TPE,2024-11-28,2024-11-28,9:30,14:25,11421,4117,30,347
全亞洲航空,D7378,KUL,TPE,2024-11-29,2024-11-29,9:30,14:25,11421,4117,30,347
全亞洲航空,D7378,KUL,TPE,2024-11-30,2024-11-30,9:30,14:25,11421,4117,30,347
全亞洲航空,D7378,KUL,TPE,2024-12-01,2024-12-01,9:30,14:25,11421,4117,30,347
全亞洲航空,D7378,TPE,KIX,2024-11-25,2024-11-25,15:50,19:30,10246,3865,30,347
全亞洲航空,D7378,TPE,KIX,2024-11-26,2024-11-26,15:50,19:30,10246,3865,30,347
全亞洲航空,D7378,TPE,KIX,2024-11-27,2024-11-27,15:50,19:30,10246,3865,30,347
全亞洲航空,D7378,TPE,KIX,2024-11-28,2024-11-28,15:50,19:30,10246,3865,30,347
全亞洲航空,D7378,TPE,KIX,2024-11-29,2024-11-29,15:50,19:30,10246,3865,30,347
全亞洲航空,D7378,TPE,KIX,2024-11-30,2024-11-30,15:50,19:30,10246,3865,30,347
全亞洲航空,D7378,TPE,KIX,2024-12-01,2024-12-01,15:50,19:30,10246,3865,30,347
全亞洲航空,D7379,TPE,KUL,2024-12-02,2024-12-02,1:25,6:15,10663,3559,30,347
全亞洲航空,D7379,TPE,KUL,2024-12-03,2024-12-03,1:25,6:15,10663,3559,30,347
全亞洲航空,D7379,TPE,KUL,2024-12-04,2024-12-04,1:25,6:15,10663,3559,30,347
全亞洲航空,D7379,TPE,KUL,2024-12-05,2024-12-05,1:25,6:15,10663,3559,30,347
全亞洲航空,D7379,TPE,KUL,2024-12-06,2024-12-06,1:25,6:15,10663,3559,30,347
全亞洲航空,D7379,TPE,KUL,2024-12-07,2024-12-07,1:25,6:15,10663,3559,30,347
全亞洲航空,D7379,TPE,KUL,2024-12-08,2024-12-08,1:25,6:15,10663,3559,30,347
全亞洲航空,D7378,KUL,TPE,2024-12-02,2024-12-02,9:30,14:25,11421,4117,30,347
全亞洲航空,D7378,KUL,TPE,2024-12-03,2024-12-03,9:30,14:25,11421,4117,30,347
全亞洲航空,D7378,KUL,TPE,2024-12-04,2024-12-04,9:30,14:25,11421,4117,30,347
全亞洲航空,D7378,KUL,TPE,2024-12-05,2024-12-05,9:30,14:25,11421,4117,30,347
全亞洲航空,D7378,KUL,TPE,2024-12-06,2024-12-06,9:30,14:25,11421,4117,30,347
全亞洲航空,D7378,KUL,TPE,2024-12-07,2024-12-07,9:30,14:25,11421,4117,30,347
全亞洲航空,D7378,KUL,TPE,2024-12-08,2024-12-08,9:30,14:25,11421,4117,30,347
全亞洲航空,D7378,TPE,KIX,2024-12-02,2024-12-02,15:50,19:30,10246,3865,30,347
全亞洲航空,D7378,TPE,KIX,2024-12-03,2024-12-03,15:50,19:30,10246,3865,30,347
全亞洲航空,D7378,TPE,KIX,2024-12-04,2024-12-04,15:50,19:30,10246,3865,30,347
全亞洲航空,D7378,TPE,KIX,2024-12-05,2024-12-05,15:50,19:30,10246,3865,30,347
全亞洲航空,D7378,TPE,KIX,2024-12-06,2024-12-06,15:50,19:30,10246,3865,30,347
全亞洲航空,D7378,TPE,KIX,2024-12-07,2024-12-07,15:50,19:30,10246,3865,30,347
全亞洲航空,D7378,TPE,KIX,2024-12-08,2024-12-08,15:50,19:30,10246,3865,30,347
全亞洲航空,D7379,TPE,KUL,2024-12-09,2024-12-09,1:25,6:15,10663,3559,30,347
全亞洲航空,D7379,TPE,KUL,2024-12-10,2024-12-10,1:25,6:15,10663,3559,30,347
全亞洲航空,D7379,TPE,KUL,2024-12-11,2024-12-11,1:25,6:15,10663,3559,30,347
全亞洲航空,D7379,TPE,KUL,2024-12-12,2024-12-12,1:25,6:15,10663,3559,30,347
全亞洲航空,D7379,TPE,KUL,2024-12-13,2024-12-13,1:25,6:15,10663,3559,30,347
全亞洲航空,D7379,TPE,KUL,2024-12-14,2024-12-14,1:25,6:15,10663,3559,30,347
全亞洲航空,D7379,TPE,KUL,2024-12-15,2024-12-15,1:25,6:15,10663,3559,30,347
全亞洲航空,D7378,KUL,TPE,2024-12-09,2024-12-09,9:30,14:25,11421,4117,30,347
全亞洲航空,D7378,KUL,TPE,2024-12-10,2024-12-10,9:30,14:25,11421,4117,30,347
全亞洲航空,D7378,KUL,TPE,2024-12-11,2024-12-11,9:30,14:25,11421,4117,30,347
全亞洲航空,D7378,KUL,TPE,2024-12-12,2024-12-12,9:30,14:25,11421,4117,30,347
全亞洲航空,D7378,KUL,TPE,2024-12-13,2024-12-13,9:30,14:25,11421,4117,30,347
全亞洲航空,D7378,KUL,TPE,2024-12-14,2024-12-14,9:30,14:25,11421,4117,30,347
全亞洲航空,D7378,KUL,TPE,2024-12-15,2024-12-15,9:30,14:25,11421,4117,30,347
全亞洲航空,D7378,TPE,KIX,2024-12-09,2024-12-09,15:50,19:30,10246,3865,30,347
全亞洲航空,D7378,TPE,KIX,2024-12-10,2024-12-10,15:50,19:30,10246,3865,30,347
全亞洲航空,D7378,TPE,KIX,2024-12-11,2024-12-11,15:50,19:30,10246,3865,30,347
全亞洲航空,D7378,TPE,KIX,2024-12-12,2024-12-12,15:50,19:30,10246,3865,30,347
全亞洲航空,D7378,TPE,KIX,2024-12-13,2024-12-13,15:50,19:30,10246,3865,30,347
全亞洲航空,D7378,TPE,KIX,2024-12-14,2024-12-14,15:50,19:30,10246,3865,30,347
全亞洲航空,D7378,TPE,KIX,2024-12-15,2024-12-15,15:50,19:30,10246,3865,30,347
全亞洲航空,D7379,TPE,KUL,2024-12-16,2024-12-16,1:25,6:15,10663,3559,30,347
全亞洲航空,D7379,TPE,KUL,2024-12-17,2024-12-17,1:25,6:15,10663,3559,30,347
全亞洲航空,D7379,TPE,KUL,2024-12-18,2024-12-18,1:25,6:15,10663,3559,30,347
全亞洲航空,D7379,TPE,KUL,2024-12-19,2024-12-19,1:25,6:15,10663,3559,30,347
全亞洲航空,D7379,TPE,KUL,2024-12-20,2024-12-20,1:25,6:15,10663,3559,30,347
全亞洲航空,D7379,TPE,KUL,2024-12-21,2024-12-21,1:25,6:15,10663,3559,30,347
全亞洲航空,D7379,TPE,KUL,2024-12-22,2024-12-22,1:25,6:15,10663,3559,30,347
全亞洲航空,D7378,KUL,TPE,2024-12-16,2024-12-16,9:30,14:25,11421,4117,30,347
全亞洲航空,D7378,KUL,TPE,2024-12-17,2024-12-17,9:30,14:25,11421,4117,30,347
全亞洲航空,D7378,KUL,TPE,2024-12-18,2024-12-18,9:30,14:25,11421,4117,30,347
全亞洲航空,D7378,KUL,TPE,2024-12-19,2024-12-19,9:30,14:25,11421,4117,30,347
全亞洲航空,D7378,KUL,TPE,2024-12-20,2024-12-20,9:30,14:25,11421,4117,30,347
全亞洲航空,D7378,KUL,TPE,2024-12-21,2024-12-21,9:30,14:25,11421,4117,30,347
全亞洲航空,D7378,KUL,TPE,2024-12-22,2024-12-22,9:30,14:25,11421,4117,30,347
全亞洲航空,D7378,TPE,KIX,2024-12-16,2024-12-16,15:50,19:30,10246,3865,30,347
全亞洲航空,D7378,TPE,KIX,2024-12-17,2024-12-17,15:50,19:30,10246,3865,30,347
全亞洲航空,D7378,TPE,KIX,2024-12-18,2024-12-18,15:50,19:30,10246,3865,30,347
全亞洲航空,D7378,TPE,KIX,2024-12-19,2024-12-19,15:50,19:30,10246,3865,30,347
全亞洲航空,D7378,TPE,KIX,2024-12-20,2024-12-20,15:50,19:30,10246,3865,30,347
全亞洲航空,D7378,TPE,KIX,2024-12-21,2024-12-21,15:50,19:30,10246,3865,30,347
全亞洲航空,D7378,TPE,KIX,2024-12-22,2024-12-22,15:50,19:30,10246,3865,30,347
全亞洲航空,D7379,TPE,KUL,2024-12-23,2024-12-23,1:25,6:15,10663,3559,30,347
全亞洲航空,D7379,TPE,KUL,2024-12-24,2024-12-24,1:25,6:15,10663,3559,30,347
全亞洲航空,D7379,TPE,KUL,2024-12-25,2024-12-25,1:25,6:15,10663,3559,30,347
全亞洲航空,D7379,TPE,KUL,2024-12-26,2024-12-26,1:25,6:15,10663,3559,30,347
全亞洲航空,D7379,TPE,KUL,2024-12-27,2024-12-27,1:25,6:15,10663,3559,30,347
全亞洲航空,D7379,TPE,KUL,2024-12-28,2024-12-28,1:25,6:15,10663,3559,30,347
全亞洲航空,D7379,TPE,KUL,2024-12-29,2024-12-29,1:25,6:15,10663,3559,30,347
全亞洲航空,D7378,KUL,TPE,2024-12-23,2024-12-23,9:30,14:25,11421,4117,30,347
全亞洲航空,D7378,KUL,TPE,2024-12-24,2024-12-24,9:30,14:25,11421,4117,30,347
全亞洲航空,D7378,KUL,TPE,2024-12-25,2024-12-25,9:30,14:25,11421,4117,30,347
全亞洲航空,D7378,KUL,TPE,2024-12-26,2024-12-26,9:30,14:25,11421,4117,30,347
全亞洲航空,D7378,KUL,TPE,2024-12-27,2024-12-27,9:30,14:25,11421,4117,30,347
全亞洲航空,D7378,KUL,TPE,2024-12-28,2024-12-28,9:30,14:25,11421,4117,30,347
全亞洲航空,D7378,KUL,TPE,2024-12-29,2024-12-29,9:30,14:25,11421,4117,30,347
全亞洲航空,D7378,TPE,KIX,2024-12-23,2024-12-23,15:50,19:30,10246,3865,30,347
全亞洲航空,D7378,TPE,KIX,2024-12-24,2024-12-24,15:50,19:30,10246,3865,30,347
全亞洲航空,D7378,TPE,KIX,2024-12-25,2024-12-25,15:50,19:30,10246,3865,30,347
全亞洲航空,D7378,TPE,KIX,2024-12-26,2024-12-26,15:50,19:30,10246,3865,30,347
全亞洲航空,D7378,TPE,KIX,2024-12-27,2024-12-27,15:50,19:30,10246,3865,30,347
全亞洲航空,D7378,TPE,KIX,2024-12-28,2024-12-28,15:50,19:30,10246,3865,30,347
全亞洲航空,D7378,TPE,KIX,2024-12-29,2024-12-29,15:50,19:30,10246,3865,30,347
全亞洲航空,D7379,TPE,KUL,2024-12-30,2024-12-30,1:25,6:15,10663,3559,30,347
全亞洲航空,D7379,TPE,KUL,2024-12-31,2024-12-31,1:25,6:15,10663,3559,30,347
全亞洲航空,D7379,TPE,KUL,2025-01-01,2025-01-01,1:25,6:15,10663,3559,30,347
全亞洲航空,D7379,TPE,KUL,2025-01-02,2025-01-02,1:25,6:15,10663,3559,30,347
全亞洲航空,D7379,TPE,KUL,2025-01-03,2025-01-03,1:25,6:15,10663,3559,30,347
全亞洲航空,D7379,TPE,KUL,2025-01-04,2025-01-04,1:25,6:15,10663,3559,30,347
全亞洲航空,D7379,TPE,KUL,2025-01-05,2025-01-05,1:25,6:15,10663,3559,30,347
全亞洲航空,D7378,KUL,TPE,2024-12-30,2024-12-30,9:30,14:25,11421,4117,30,347
全亞洲航空,D7378,KUL,TPE,2024-12-31,2024-12-31,9:30,14:25,11421,4117,30,347
全亞洲航空,D7378,KUL,TPE,2025-01-01,2025-01-01,9:30,14:25,11421,4117,30,347
全亞洲航空,D7378,KUL,TPE,2025-01-02,2025-01-02,9:30,14:25,11421,4117,30,347
全亞洲航空,D7378,KUL,TPE,2025-01-03,2025-01-03,9:30,14:25,11421,4117,30,347
全亞洲航空,D7378,KUL,TPE,2025-01-04,2025-01-04,9:30,14:25,11421,4117,30,347
全亞洲航空,D7378,KUL,TPE,2025-01-05,2025-01-05,9:30,14:25,11421,4117,30,347
全亞洲航空,D7378,TPE,KIX,2024-12-30,2024-12-30,15:50,19:30,10246,3865,30,347
全亞洲航空,D7378,TPE,KIX,2024-12-31,2024-12-31,15:50,19:30,10246,3865,30,347
全亞洲航空,D7378,TPE,KIX,2025-01-01,2025-01-01,15:50,19:30,10246,3865,30,347
全亞洲航空,D7378,TPE,KIX,2025-01-02,2025-01-02,15:50,19:30,10246,3865,30,347
全亞洲航空,D7378,TPE,KIX,2025-01-03,2025-01-03,15:50,19:30,10246,3865,30,347
全亞洲航空,D7378,TPE,KIX,2025-01-04,2025-01-04,15:50,19:30,10246,3865,30,347
全亞洲航空,D7378,TPE,KIX,2025-01-05,2025-01-05,15:50,19:30,10246,3865,30,347
全亞洲航空,D7379,TPE,KUL,2025-01-06,2025-01-06,1:25,6:15,10663,3559,30,347
全亞洲航空,D7379,TPE,KUL,2025-01-07,2025-01-07,1:25,6:15,10663,3559,30,347
全亞洲航空,D7379,TPE,KUL,2025-01-08,2025-01-08,1:25,6:15,10663,3559,30,347
全亞洲航空,D7379,TPE,KUL,2025-01-09,2025-01-09,1:25,6:15,10663,3559,30,347
全亞洲航空,D7379,TPE,KUL,2025-01-10,2025-01-10,1:25,6:15,10663,3559,30,347
全亞洲航空,D7379,TPE,KUL,2025-01-11,2025-01-11,1:25,6:15,10663,3559,30,347
全亞洲航空,D7379,TPE,KUL,2025-01-12,2025-01-12,1:25,6:15,10663,3559,30,347
全亞洲航空,D7378,KUL,TPE,2025-01-06,2025-01-06,9:30,14:25,11421,4117,30,347
全亞洲航空,D7378,KUL,TPE,2025-01-07,2025-01-07,9:30,14:25,11421,4117,30,347
全亞洲航空,D7378,KUL,TPE,2025-01-08,2025-01-08,9:30,14:25,11421,4117,30,347
全亞洲航空,D7378,KUL,TPE,2025-01-09,2025-01-09,9:30,14:25,11421,4117,30,347
全亞洲航空,D7378,KUL,TPE,2025-01-10,2025-01-10,9:30,14:25,11421,4117,30,347
全亞洲航空,D7378,KUL,TPE,2025-01-11,2025-01-11,9:30,14:25,11421,4117,30,347
全亞洲航空,D7378,KUL,TPE,2025-01-12,2025-01-12,9:30,14:25,11421,4117,30,347
全亞洲航空,D7378,TPE,KIX,2025-01-06,2025-01-06,15:50,19:30,10246,3865,30,347
全亞洲航空,D7378,TPE,KIX,2025-01-07,2025-01-07,15:50,19:30,10246,3865,30,347
全亞洲航空,D7378,TPE,KIX,2025-01-08,2025-01-08,15:50,19:30,10246,3865,30,347
全亞洲航空,D7378,TPE,KIX,2025-01-09,2025-01-09,15:50,19:30,10246,3865,30,347
全亞洲航空,D7378,TPE,KIX,2025-01-10,2025-01-10,15:50,19:30,10246,3865,30,347
全亞洲航空,D7378,TPE,KIX,2025-01-11,2025-01-11,15:50,19:30,10246,3865,30,347
全亞洲航空,D7378,TPE,KIX,2025-01-12,2025-01-12,15:50,19:30,10246,3865,30,347
全亞洲航空,D7379,TPE,KUL,2025-01-13,2025-01-13,1:25,6:15,10663,3559,30,347
全亞洲航空,D7379,TPE,KUL,2025-01-14,2025-01-14,1:25,6:15,10663,3559,30,347
全亞洲航空,D7379,TPE,KUL,2025-01-15,2025-01-15,1:25,6:15,10663,3559,30,347
全亞洲航空,D7379,TPE,KUL,2025-01-16,2025-01-16,1:25,6:15,10663,3559,30,347
全亞洲航空,D7379,TPE,KUL,2025-01-17,2025-01-17,1:25,6:15,10663,3559,30,347
全亞洲航空,D7379,TPE,KUL,2025-01-18,2025-01-18,1:25,6:15,10663,3559,30,347
全亞洲航空,D7379,TPE,KUL,2025-01-19,2025-01-19,1:25,6:15,10663,3559,30,347
全亞洲航空,D7378,KUL,TPE,2025-01-13,2025-01-13,9:30,14:25,11421,4117,30,347
全亞洲航空,D7378,KUL,TPE,2025-01-14,2025-01-14,9:30,14:25,11421,4117,30,347
全亞洲航空,D7378,KUL,TPE,2025-01-15,2025-01-15,9:30,14:25,11421,4117,30,347
全亞洲航空,D7378,KUL,TPE,2025-01-16,2025-01-16,9:30,14:25,11421,4117,30,347
全亞洲航空,D7378,KUL,TPE,2025-01-17,2025-01-17,9:30,14:25,11421,4117,30,347
全亞洲航空,D7378,KUL,TPE,2025-01-18,2025-01-18,9:30,14:25,11421,4117,30,347
全亞洲航空,D7378,KUL,TPE,2025-01-19,2025-01-19,9:30,14:25,11421,4117,30,347
全亞洲航空,D7378,TPE,KIX,2025-01-13,2025-01-13,15:50,19:30,10246,3865,30,347
全亞洲航空,D7378,TPE,KIX,2025-01-14,2025-01-14,15:50,19:30,10246,3865,30,347
全亞洲航空,D7378,TPE,KIX,2025-01-15,2025-01-15,15:50,19:30,10246,3865,30,347
全亞洲航空,D7378,TPE,KIX,2025-01-16,2025-01-16,15:50,19:30,10246,3865,30,347
全亞洲航空,D7378,TPE,KIX,2025-01-17,2025-01-17,15:50,19:30,10246,3865,30,347
全亞洲航空,D7378,TPE,KIX,2025-01-18,2025-01-18,15:50,19:30,10246,3865,30,347
全亞洲航空,D7378,TPE,KIX,2025-01-19,2025-01-19,15:50,19:30,10246,3865,30,347
全亞洲航空,D7379,TPE,KUL,2025-01-20,2025-01-20,1:25,6:15,10663,3559,30,347
全亞洲航空,D7379,TPE,KUL,2025-01-21,2025-01-21,1:25,6:15,10663,3559,30,347
全亞洲航空,D7379,TPE,KUL,2025-01-22,2025-01-22,1:25,6:15,10663,3559,30,347
全亞洲航空,D7379,TPE,KUL,2025-01-23,2025-01-23,1:25,6:15,10663,3559,30,347
全亞洲航空,D7379,TPE,KUL,2025-01-24,2025-01-24,1:25,6:15,10663,3559,30,347
全亞洲航空,D7379,TPE,KUL,2025-01-25,2025-01-25,1:25,6:15,10663,3559,30,347
全亞洲航空,D7379,TPE,KUL,2025-01-26,2025-01-26,1:25,6:15,10663,3559,30,347
全亞洲航空,D7378,KUL,TPE,2025-01-20,2025-01-20,9:30,14:25,11421,4117,30,347
全亞洲航空,D7378,KUL,TPE,2025-01-21,2025-01-21,9:30,14:25,11421,4117,30,347
全亞洲航空,D7378,KUL,TPE,2025-01-22,2025-01-22,9:30,14:25,11421,4117,30,347
全亞洲航空,D7378,KUL,TPE,2025-01-23,2025-01-23,9:30,14:25,11421,4117,30,347
全亞洲航空,D7378,KUL,TPE,2025-01-24,2025-01-24,9:30,14:25,11421,4117,30,347
全亞洲航空,D7378,KUL,TPE,2025-01-25,2025-01-25,9:30,14:25,11421,4117,30,347
全亞洲航空,D7378,KUL,TPE,2025-01-26,2025-01-26,9:30,14:25,11421,4117,30,347
全亞洲航空,D7378,TPE,KIX,2025-01-20,2025-01-20,15:50,19:30,10246,3865,30,347
全亞洲航空,D7378,TPE,KIX,2025-01-21,2025-01-21,15:50,19:30,10246,3865,30,347
全亞洲航空,D7378,TPE,KIX,2025-01-22,2025-01-22,15:50,19:30,10246,3865,30,347
全亞洲航空,D7378,TPE,KIX,2025-01-23,2025-01-23,15:50,19:30,10246,3865,30,347
全亞洲航空,D7378,TPE,KIX,2025-01-24,2025-01-24,15:50,19:30,10246,3865,30,347
全亞洲航空,D7378,TPE,KIX,2025-01-25,2025-01-25,15:50,19:30,10246,3865,30,347
全亞洲航空,D7378,TPE,KIX,2025-01-26,2025-01-26,15:50,19:30,10246,3865,30,347
全亞洲航空,D7379,TPE,KUL,2025-01-27,2025-01-27,1:25,6:15,10663,3559,30,347
全亞洲航空,D7379,TPE,KUL,2025-01-28,2025-01-28,1:25,6:15,10663,3559,30,347
全亞洲航空,D7379,TPE,KUL,2025-01-29,2025-01-29,1:25,6:15,10663,3559,30,347
全亞洲航空,D7379,TPE,KUL,2025-01-30,2025-01-30,1:25,6:15,10663,3559,30,347
全亞洲航空,D7379,TPE,KUL,2025-01-31,2025-01-31,1:25,6:15,10663,3559,30,347
全亞洲航空,D7379,TPE,KUL,2025-02-01,2025-02-01,1:25,6:15,10663,3559,30,347
全亞洲航空,D7379,TPE,KUL,2025-02-02,2025-02-02,1:25,6:15,10663,3559,30,347
全亞洲航空,D7378,KUL,TPE,2025-01-27,2025-01-27,9:30,14:25,11421,4117,30,347
全亞洲航空,D7378,KUL,TPE,2025-01-28,2025-01-28,9:30,14:25,11421,4117,30,347
全亞洲航空,D7378,KUL,TPE,2025-01-29,2025-01-29,9:30,14:25,11421,4117,30,347
全亞洲航空,D7378,KUL,TPE,2025-01-30,2025-01-30,9:30,14:25,11421,4117,30,347
全亞洲航空,D7378,KUL,TPE,2025-01-31,2025-01-31,9:30,14:25,11421,4117,30,347
全亞洲航空,D7378,KUL,TPE,2025-02-01,2025-02-01,9:30,14:25,11421,4117,30,347
全亞洲航空,D7378,KUL,TPE,2025-02-02,2025-02-02,9:30,14:25,11421,4117,30,347
全亞洲航空,D7378,TPE,KIX,2025-01-27,2025-01-27,15:50,19:30,10246,3865,30,347
全亞洲航空,D7378,TPE,KIX,2025-01-28,2025-01-28,15:50,19:30,10246,3865,30,347
全亞洲航空,D7378,TPE,KIX,2025-01-29,2025-01-29,15:50,19:30,10246,3865,30,347
全亞洲航空,D7378,TPE,KIX,2025-01-30,2025-01-30,15:50,19:30,10246,3865,30,347
全亞洲航空,D7378,TPE,KIX,2025-01-31,2025-01-31,15:50,19:30,10246,3865,30,347
全亞洲航空,D7378,TPE,KIX,2025-02-01,2025-02-01,15:50,19:30,10246,3865,30,347
全亞洲航空,D7378,TPE,KIX,2025-02-02,2025-02-02,15:50,19:30,10246,3865,30,347
全亞洲航空,D7379,TPE,KUL,2025-02-03,2025-02-03,1:25,6:15,10663,3559,30,347
全亞洲航空,D7379,TPE,KUL,2025-02-04,2025-02-04,1:25,6:15,10663,3559,30,347
全亞洲航空,D7379,TPE,KUL,2025-02-05,2025-02-05,1:25,6:15,10663,3559,30,347
全亞洲航空,D7379,TPE,KUL,2025-02-06,2025-02-06,1:25,6:15,10663,3559,30,347
全亞洲航空,D7379,TPE,KUL,2025-02-07,2025-02-07,1:25,6:15,10663,3559,30,347
全亞洲航空,D7379,TPE,KUL,2025-02-08,2025-02-08,1:25,6:15,10663,3559,30,347
全亞洲航空,D7379,TPE,KUL,2025-02-09,2025-02-09,1:25,6:15,10663,3559,30,347
全亞洲航空,D7378,KUL,TPE,2025-02-03,2025-02-03,9:30,14:25,11421,4117,30,347
全亞洲航空,D7378,KUL,TPE,2025-02-04,2025-02-04,9:30,14:25,11421,4117,30,347
全亞洲航空,D7378,KUL,TPE,2025-02-05,2025-02-05,9:30,14:25,11421,4117,30,347
全亞洲航空,D7378,KUL,TPE,2025-02-06,2025-02-06,9:30,14:25,11421,4117,30,347
全亞洲航空,D7378,KUL,TPE,2025-02-07,2025-02-07,9:30,14:25,11421,4117,30,347
全亞洲航空,D7378,KUL,TPE,2025-02-08,2025-02-08,9:30,14:25,11421,4117,30,347
全亞洲航空,D7378,KUL,TPE,2025-02-09,2025-02-09,9:30,14:25,11421,4117,30,347
全亞洲航空,D7378,TPE,KIX,2025-02-03,2025-02-03,15:50,19:30,10246,3865,30,347
全亞洲航空,D7378,TPE,KIX,2025-02-04,2025-02-04,15:50,19:30,10246,3865,30,347
全亞洲航空,D7378,TPE,KIX,2025-02-05,2025-02-05,15:50,19:30,10246,3865,30,347
全亞洲航空,D7378,TPE,KIX,2025-02-06,2025-02-06,15:50,19:30,10246,3865,30,347
全亞洲航空,D7378,TPE,KIX,2025-02-07,2025-02-07,15:50,19:30,10246,3865,30,347
全亞洲航空,D7378,TPE,KIX,2025-02-08,2025-02-08,15:50,19:30,10246,3865,30,347
全亞洲航空,D7378,TPE,KIX,2025-02-09,2025-02-09,15:50,19:30,10246,3865,30,347
全亞洲航空,D7379,TPE,KUL,2025-02-10,2025-02-10,1:25,6:15,10663,3559,30,347
全亞洲航空,D7379,TPE,KUL,2025-02-11,2025-02-11,1:25,6:15,10663,3559,30,347
全亞洲航空,D7379,TPE,KUL,2025-02-12,2025-02-12,1:25,6:15,10663,3559,30,347
全亞洲航空,D7379,TPE,KUL,2025-02-13,2025-02-13,1:25,6:15,10663,3559,30,347
全亞洲航空,D7379,TPE,KUL,2025-02-14,2025-02-14,1:25,6:15,10663,3559,30,347
全亞洲航空,D7379,TPE,KUL,2025-02-15,2025-02-15,1:25,6:15,10663,3559,30,347
全亞洲航空,D7379,TPE,KUL,2025-02-16,2025-02-16,1:25,6:15,10663,3559,30,347
全亞洲航空,D7378,KUL,TPE,2025-02-10,2025-02-10,9:30,14:25,11421,4117,30,347
全亞洲航空,D7378,KUL,TPE,2025-02-11,2025-02-11,9:30,14:25,11421,4117,30,347
全亞洲航空,D7378,KUL,TPE,2025-02-12,2025-02-12,9:30,14:25,11421,4117,30,347
全亞洲航空,D7378,KUL,TPE,2025-02-13,2025-02-13,9:30,14:25,11421,4117,30,347
全亞洲航空,D7378,KUL,TPE,2025-02-14,2025-02-14,9:30,14:25,11421,4117,30,347
全亞洲航空,D7378,KUL,TPE,2025-02-15,2025-02-15,9:30,14:25,11421,4117,30,347
全亞洲航空,D7378,KUL,TPE,2025-02-16,2025-02-16,9:30,14:25,11421,4117,30,347
全亞洲航空,D7378,TPE,KIX,2025-02-10,2025-02-10,15:50,19:30,10246,3865,30,347
全亞洲航空,D7378,TPE,KIX,2025-02-11,2025-02-11,15:50,19:30,10246,3865,30,347
全亞洲航空,D7378,TPE,KIX,2025-02-12,2025-02-12,15:50,19:30,10246,3865,30,347
全亞洲航空,D7378,TPE,KIX,2025-02-13,2025-02-13,15:50,19:30,10246,3865,30,347
全亞洲航空,D7378,TPE,KIX,2025-02-14,2025-02-14,15:50,19:30,10246,3865,30,347
全亞洲航空,D7378,TPE,KIX,2025-02-15,2025-02-15,15:50,19:30,10246,3865,30,347
全亞洲航空,D7378,TPE,KIX,2025-02-16,2025-02-16,15:50,19:30,10246,3865,30,347
全亞洲航空,D7379,TPE,KUL,2025-02-17,2025-02-17,1:25,6:15,10663,3559,30,347
全亞洲航空,D7379,TPE,KUL,2025-02-18,2025-02-18,1:25,6:15,10663,3559,30,347
全亞洲航空,D7379,TPE,KUL,2025-02-19,2025-02-19,1:25,6:15,10663,3559,30,347
全亞洲航空,D7379,TPE,KUL,2025-02-20,2025-02-20,1:25,6:15,10663,3559,30,347
全亞洲航空,D7379,TPE,KUL,2025-02-21,2025-02-21,1:25,6:15,10663,3559,30,347
全亞洲航空,D7379,TPE,KUL,2025-02-22,2025-02-22,1:25,6:15,10663,3559,30,347
全亞洲航空,D7379,TPE,KUL,2025-02-23,2025-02-23,1:25,6:15,10663,3559,30,347
全亞洲航空,D7378,KUL,TPE,2025-02-17,2025-02-17,9:30,14:25,11421,4117,30,347
全亞洲航空,D7378,KUL,TPE,2025-02-18,2025-02-18,9:30,14:25,11421,4117,30,347
全亞洲航空,D7378,KUL,TPE,2025-02-19,2025-02-19,9:30,14:25,11421,4117,30,347
全亞洲航空,D7378,KUL,TPE,2025-02-20,2025-02-20,9:30,14:25,11421,4117,30,347
全亞洲航空,D7378,KUL,TPE,2025-02-21,2025-02-21,9:30,14:25,11421,4117,30,347
全亞洲航空,D7378,KUL,TPE,2025-02-22,2025-02-22,9:30,14:25,11421,4117,30,347
全亞洲航空,D7378,KUL,TPE,2025-02-23,2025-02-23,9:30,14:25,11421,4117,30,347
全亞洲航空,D7378,TPE,KIX,2025-02-17,2025-02-17,15:50,19:30,10246,3865,30,347
全亞洲航空,D7378,TPE,KIX,2025-02-18,2025-02-18,15:50,19:30,10246,3865,30,347
全亞洲航空,D7378,TPE,KIX,2025-02-19,2025-02-19,15:50,19:30,10246,3865,30,347
全亞洲航空,D7378,TPE,KIX,2025-02-20,2025-02-20,15:50,19:30,10246,3865,30,347
全亞洲航空,D7378,TPE,KIX,2025-02-21,2025-02-21,15:50,19:30,10246,3865,30,347
全亞洲航空,D7378,TPE,KIX,2025-02-22,2025-02-22,15:50,19:30,10246,3865,30,347
全亞洲航空,D7378,TPE,KIX,2025-02-23,2025-02-23,15:50,19:30,10246,3865,30,347
全亞洲航空,D7379,TPE,KUL,2025-02-24,2025-02-24,1:25,6:15,10663,3559,30,347
全亞洲航空,D7379,TPE,KUL,2025-02-25,2025-02-25,1:25,6:15,10663,3559,30,347
全亞洲航空,D7379,TPE,KUL,2025-02-26,2025-02-26,1:25,6:15,10663,3559,30,347
全亞洲航空,D7379,TPE,KUL,2025-02-27,2025-02-27,1:25,6:15,10663,3559,30,347
全亞洲航空,D7379,TPE,KUL,2025-02-28,2025-02-28,1:25,6:15,10663,3559,30,347
全亞洲航空,D7379,TPE,KUL,2025-03-01,2025-03-01,1:25,6:15,10663,3559,30,347
全亞洲航空,D7379,TPE,KUL,2025-03-02,2025-03-02,1:25,6:15,10663,3559,30,347
全亞洲航空,D7378,KUL,TPE,2025-02-24,2025-02-24,9:30,14:25,11421,4117,30,347
全亞洲航空,D7378,KUL,TPE,2025-02-25,2025-02-25,9:30,14:25,11421,4117,30,347
全亞洲航空,D7378,KUL,TPE,2025-02-26,2025-02-26,9:30,14:25,11421,4117,30,347
全亞洲航空,D7378,KUL,TPE,2025-02-27,2025-02-27,9:30,14:25,11421,4117,30,347
全亞洲航空,D7378,KUL,TPE,2025-02-28,2025-02-28,9:30,14:25,11421,4117,30,347
全亞洲航空,D7378,KUL,TPE,2025-03-01,2025-03-01,9:30,14:25,11421,4117,30,347
全亞洲航空,D7378,KUL,TPE,2025-03-02,2025-03-02,9:30,14:25,11421,4117,30,347
全亞洲航空,D7378,TPE,KIX,2025-02-24,2025-02-24,15:50,19:30,10246,3865,30,347
全亞洲航空,D7378,TPE,KIX,2025-02-25,2025-02-25,15:50,19:30,10246,3865,30,347
全亞洲航空,D7378,TPE,KIX,2025-02-26,2025-02-26,15:50,19:30,10246,3865,30,347
全亞洲航空,D7378,TPE,KIX,2025-02-27,2025-02-27,15:50,19:30,10246,3865,30,347
全亞洲航空,D7378,TPE,KIX,2025-02-28,2025-02-28,15:50,19:30,10246,3865,30,347
全亞洲航空,D7378,TPE,KIX,2025-03-01,2025-03-01,15:50,19:30,10246,3865,30,347
全亞洲航空,D7378,TPE,KIX,2025-03-02,2025-03-02,15:50,19:30,10246,3865,30,347
全亞洲航空,D7379,TPE,KUL,2025-03-03,2025-03-03,1:25,6:15,10663,3559,30,347
全亞洲航空,D7379,TPE,KUL,2025-03-04,2025-03-04,1:25,6:15,10663,3559,30,347
全亞洲航空,D7379,TPE,KUL,2025-03-05,2025-03-05,1:25,6:15,10663,3559,30,347
全亞洲航空,D7379,TPE,KUL,2025-03-06,2025-03-06,1:25,6:15,10663,3559,30,347
全亞洲航空,D7379,TPE,KUL,2025-03-07,2025-03-07,1:25,6:15,10663,3559,30,347
全亞洲航空,D7379,TPE,KUL,2025-03-08,2025-03-08,1:25,6:15,10663,3559,30,347
全亞洲航空,D7379,TPE,KUL,2025-03-09,2025-03-09,1:25,6:15,10663,3559,30,347
全亞洲航空,D7378,KUL,TPE,2025-03-03,2025-03-03,9:30,14:25,11421,4117,30,347
全亞洲航空,D7378,KUL,TPE,2025-03-04,2025-03-04,9:30,14:25,11421,4117,30,347
全亞洲航空,D7378,KUL,TPE,2025-03-05,2025-03-05,9:30,14:25,11421,4117,30,347
全亞洲航空,D7378,KUL,TPE,2025-03-06,2025-03-06,9:30,14:25,11421,4117,30,347
全亞洲航空,D7378,KUL,TPE,2025-03-07,2025-03-07,9:30,14:25,11421,4117,30,347
全亞洲航空,D7378,KUL,TPE,2025-03-08,2025-03-08,9:30,14:25,11421,4117,30,347
全亞洲航空,D7378,KUL,TPE,2025-03-09,2025-03-09,9:30,14:25,11421,4117,30,347
全亞洲航空,D7378,TPE,KIX,2025-03-03,2025-03-03,15:50,19:30,10246,3865,30,347
全亞洲航空,D7378,TPE,KIX,2025-03-04,2025-03-04,15:50,19:30,10246,3865,30,347
全亞洲航空,D7378,TPE,KIX,2025-03-05,2025-03-05,15:50,19:30,10246,3865,30,347
全亞洲航空,D7378,TPE,KIX,2025-03-06,2025-03-06,15:50,19:30,10246,3865,30,347
全亞洲航空,D7378,TPE,KIX,2025-03-07,2025-03-07,15:50,19:30,10246,3865,30,347
全亞洲航空,D7378,TPE,KIX,2025-03-08,2025-03-08,15:50,19:30,10246,3865,30,347
全亞洲航空,D7378,TPE,KIX,2025-03-09,2025-03-09,15:50,19:30,10246,3865,30,347
全亞洲航空,D7379,TPE,KUL,2025-03-10,2025-03-10,1:25,6:15,10663,3559,30,347
全亞洲航空,D7379,TPE,KUL,2025-03-11,2025-03-11,1:25,6:15,10663,3559,30,347
全亞洲航空,D7379,TPE,KUL,2025-03-12,2025-03-12,1:25,6:15,10663,3559,30,347
全亞洲航空,D7379,TPE,KUL,2025-03-13,2025-03-13,1:25,6:15,10663,3559,30,347
全亞洲航空,D7379,TPE,KUL,2025-03-14,2025-03-14,1:25,6:15,10663,3559,30,347
全亞洲航空,D7379,TPE,KUL,2025-03-15,2025-03-15,1:25,6:15,10663,3559,30,347
全亞洲航空,D7379,TPE,KUL,2025-03-16,2025-03-16,1:25,6:15,10663,3559,30,347
全亞洲航空,D7378,KUL,TPE,2025-03-10,2025-03-10,9:30,14:25,11421,4117,30,347
全亞洲航空,D7378,KUL,TPE,2025-03-11,2025-03-11,9:30,14:25,11421,4117,30,347
全亞洲航空,D7378,KUL,TPE,2025-03-12,2025-03-12,9:30,14:25,11421,4117,30,347
全亞洲航空,D7378,KUL,TPE,2025-03-13,2025-03-13,9:30,14:25,11421,4117,30,347
全亞洲航空,D7378,KUL,TPE,2025-03-14,2025-03-14,9:30,14:25,11421,4117,30,347
全亞洲航空,D7378,KUL,TPE,2025-03-15,2025-03-15,9:30,14:25,11421,4117,30,347
全亞洲航空,D7378,KUL,TPE,2025-03-16,2025-03-16,9:30,14:25,11421,4117,30,347
全亞洲航空,D7378,TPE,KIX,2025-03-10,2025-03-10,15:50,19:30,10246,3865,30,347
全亞洲航空,D7378,TPE,KIX,2025-03-11,2025-03-11,15:50,19:30,10246,3865,30,347
全亞洲航空,D7378,TPE,KIX,2025-03-12,2025-03-12,15:50,19:30,10246,3865,30,347
全亞洲航空,D7378,TPE,KIX,2025-03-13,2025-03-13,15:50,19:30,10246,3865,30,347
全亞洲航空,D7378,TPE,KIX,2025-03-14,2025-03-14,15:50,19:30,10246,3865,30,347
全亞洲航空,D7378,TPE,KIX,2025-03-15,2025-03-15,15:50,19:30,10246,3865,30,347
全亞洲航空,D7378,TPE,KIX,2025-03-16,2025-03-16,15:50,19:30,10246,3865,30,347
全亞洲航空,D7379,TPE,KUL,2025-03-17,2025-03-17,1:25,6:15,10663,3559,30,347
全亞洲航空,D7379,TPE,KUL,2025-03-18,2025-03-18,1:25,6:15,10663,3559,30,347
全亞洲航空,D7379,TPE,KUL,2025-03-19,2025-03-19,1:25,6:15,10663,3559,30,347
全亞洲航空,D7379,TPE,KUL,2025-03-20,2025-03-20,1:25,6:15,10663,3559,30,347
全亞洲航空,D7379,TPE,KUL,2025-03-21,2025-03-21,1:25,6:15,10663,3559,30,347
全亞洲航空,D7379,TPE,KUL,2025-03-22,2025-03-22,1:25,6:15,10663,3559,30,347
全亞洲航空,D7379,TPE,KUL,2025-03-23,2025-03-23,1:25,6:15,10663,3559,30,347
全亞洲航空,D7378,KUL,TPE,2025-03-17,2025-03-17,9:30,14:25,11421,4117,30,347
全亞洲航空,D7378,KUL,TPE,2025-03-18,2025-03-18,9:30,14:25,11421,4117,30,347
全亞洲航空,D7378,KUL,TPE,2025-03-19,2025-03-19,9:30,14:25,11421,4117,30,347
全亞洲航空,D7378,KUL,TPE,2025-03-20,2025-03-20,9:30,14:25,11421,4117,30,347
全亞洲航空,D7378,KUL,TPE,2025-03-21,2025-03-21,9:30,14:25,11421,4117,30,347
全亞洲航空,D7378,KUL,TPE,2025-03-22,2025-03-22,9:30,14:25,11421,4117,30,347
全亞洲航空,D7378,KUL,TPE,2025-03-23,2025-03-23,9:30,14:25,11421,4117,30,347
全亞洲航空,D7378,TPE,KIX,2025-03-17,2025-03-17,15:50,19:30,10246,3865,30,347
全亞洲航空,D7378,TPE,KIX,2025-03-18,2025-03-18,15:50,19:30,10246,3865,30,347
全亞洲航空,D7378,TPE,KIX,2025-03-19,2025-03-19,15:50,19:30,10246,3865,30,347
全亞洲航空,D7378,TPE,KIX,2025-03-20,2025-03-20,15:50,19:30,10246,3865,30,347
全亞洲航空,D7378,TPE,KIX,2025-03-21,2025-03-21,15:50,19:30,10246,3865,30,347
全亞洲航空,D7378,TPE,KIX,2025-03-22,2025-03-22,15:50,19:30,10246,3865,30,347
全亞洲航空,D7378,TPE,KIX,2025-03-23,2025-03-23,15:50,19:30,10246,3865,30,347
全亞洲航空,D7379,TPE,KUL,2025-03-24,2025-03-24,1:25,6:15,10663,3559,30,347
全亞洲航空,D7379,TPE,KUL,2025-03-25,2025-03-25,1:25,6:15,10663,3559,30,347
全亞洲航空,D7379,TPE,KUL,2025-03-26,2025-03-26,1:25,6:15,10663,3559,30,347
全亞洲航空,D7379,TPE,KUL,2025-03-27,2025-03-27,1:25,6:15,10663,3559,30,347
全亞洲航空,D7379,TPE,KUL,2025-03-28,2025-03-28,1:25,6:15,10663,3559,30,347
全亞洲航空,D7379,TPE,KUL,2025-03-29,2025-03-29,1:25,6:15,10663,3559,30,347
全亞洲航空,D7379,TPE,KUL,2025-03-30,2025-03-30,1:25,6:15,10663,3559,30,347
全亞洲航空,D7378,KUL,TPE,2025-03-24,2025-03-24,9:30,14:25,11421,4117,30,347
全亞洲航空,D7378,KUL,TPE,2025-03-25,2025-03-25,9:30,14:25,11421,4117,30,347
全亞洲航空,D7378,KUL,TPE,2025-03-26,2025-03-26,9:30,14:25,11421,4117,30,347
全亞洲航空,D7378,KUL,TPE,2025-03-27,2025-03-27,9:30,14:25,11421,4117,30,347
全亞洲航空,D7378,KUL,TPE,2025-03-28,2025-03-28,9:30,14:25,11421,4117,30,347
全亞洲航空,D7378,KUL,TPE,2025-03-29,2025-03-29,9:30,14:25,11421,4117,30,347
全亞洲航空,D7378,KUL,TPE,2025-03-30,2025-03-30,9:30,14:25,11421,4117,30,347
全亞洲航空,D7378,TPE,KIX,2025-03-24,2025-03-24,15:50,19:30,10246,3865,30,347
全亞洲航空,D7378,TPE,KIX,2025-03-25,2025-03-25,15:50,19:30,10246,3865,30,347
全亞洲航空,D7378,TPE,KIX,2025-03-26,2025-03-26,15:50,19:30,10246,3865,30,347
全亞洲航空,D7378,TPE,KIX,2025-03-27,2025-03-27,15:50,19:30,10246,3865,30,347
全亞洲航空,D7378,TPE,KIX,2025-03-28,2025-03-28,15:50,19:30,10246,3865,30,347
全亞洲航空,D7378,TPE,KIX,2025-03-29,2025-03-29,15:50,19:30,10246,3865,30,347
全亞洲航空,D7378,TPE,KIX,2025-03-30,2025-03-30,15:50,19:30,10246,3865,30,347
全亞洲航空,D7379,TPE,KUL,2025-03-31,2025-03-31,1:25,6:15,10663,3559,30,347
全亞洲航空,D7379,TPE,KUL,2025-04-01,2025-04-01,1:25,6:15,10663,3559,30,347
全亞洲航空,D7379,TPE,KUL,2025-04-02,2025-04-02,1:25,6:15,10663,3559,30,347
全亞洲航空,D7379,TPE,KUL,2025-04-03,2025-04-03,1:25,6:15,10663,3559,30,347
全亞洲航空,D7379,TPE,KUL,2025-04-04,2025-04-04,1:25,6:15,10663,3559,30,347
全亞洲航空,D7379,TPE,KUL,2025-04-05,2025-04-05,1:25,6:15,10663,3559,30,347
全亞洲航空,D7379,TPE,KUL,2025-04-06,2025-04-06,1:25,6:15,10663,3559,30,347
全亞洲航空,D7378,KUL,TPE,2025-03-31,2025-03-31,9:30,14:25,11421,4117,30,347
全亞洲航空,D7378,KUL,TPE,2025-04-01,2025-04-01,9:30,14:25,11421,4117,30,347
全亞洲航空,D7378,KUL,TPE,2025-04-02,2025-04-02,9:30,14:25,11421,4117,30,347
全亞洲航空,D7378,KUL,TPE,2025-04-03,2025-04-03,9:30,14:25,11421,4117,30,347
全亞洲航空,D7378,KUL,TPE,2025-04-04,2025-04-04,9:30,14:25,11421,4117,30,347
全亞洲航空,D7378,KUL,TPE,2025-04-05,2025-04-05,9:30,14:25,11421,4117,30,347
全亞洲航空,D7378,KUL,TPE,2025-04-06,2025-04-06,9:30,14:25,11421,4117,30,347
全亞洲航空,D7378,TPE,KIX,2025-03-31,2025-03-31,15:50,19:30,10246,3865,30,347
全亞洲航空,D7378,TPE,KIX,2025-04-01,2025-04-01,15:50,19:30,10246,3865,30,347
全亞洲航空,D7378,TPE,KIX,2025-04-02,2025-04-02,15:50,19:30,10246,3865,30,347
全亞洲航空,D7378,TPE,KIX,2025-04-03,2025-04-03,15:50,19:30,10246,3865,30,347
全亞洲航空,D7378,TPE,KIX,2025-04-04,2025-04-04,15:50,19:30,10246,3865,30,347
全亞洲航空,D7378,TPE,KIX,2025-04-05,2025-04-05,15:50,19:30,10246,3865,30,347
全亞洲航空,D7378,TPE,KIX,2025-04-06,2025-04-06,15:50,19:30,10246,3865,30,347
全亞洲航空,D7379,TPE,KUL,2025-04-07,2025-04-07,1:25,6:15,10663,3559,30,347
全亞洲航空,D7379,TPE,KUL,2025-04-08,2025-04-08,1:25,6:15,10663,3559,30,347
全亞洲航空,D7379,TPE,KUL,2025-04-09,2025-04-09,1:25,6:15,10663,3559,30,347
全亞洲航空,D7379,TPE,KUL,2025-04-10,2025-04-10,1:25,6:15,10663,3559,30,347
全亞洲航空,D7379,TPE,KUL,2025-04-11,2025-04-11,1:25,6:15,10663,3559,30,347
全亞洲航空,D7379,TPE,KUL,2025-04-12,2025-04-12,1:25,6:15,10663,3559,30,347
全亞洲航空,D7379,TPE,KUL,2025-04-13,2025-04-13,1:25,6:15,10663,3559,30,347
全亞洲航空,D7378,KUL,TPE,2025-04-07,2025-04-07,9:30,14:25,11421,4117,30,347
全亞洲航空,D7378,KUL,TPE,2025-04-08,2025-04-08,9:30,14:25,11421,4117,30,347
全亞洲航空,D7378,KUL,TPE,2025-04-09,2025-04-09,9:30,14:25,11421,4117,30,347
全亞洲航空,D7378,KUL,TPE,2025-04-10,2025-04-10,9:30,14:25,11421,4117,30,347
全亞洲航空,D7378,KUL,TPE,2025-04-11,2025-04-11,9:30,14:25,11421,4117,30,347
全亞洲航空,D7378,KUL,TPE,2025-04-12,2025-04-12,9:30,14:25,11421,4117,30,347
全亞洲航空,D7378,KUL,TPE,2025-04-13,2025-04-13,9:30,14:25,11421,4117,30,347
全亞洲航空,D7378,TPE,KIX,2025-04-07,2025-04-07,15:50,19:30,10246,3865,30,347
全亞洲航空,D7378,TPE,KIX,2025-04-08,2025-04-08,15:50,19:30,10246,3865,30,347
全亞洲航空,D7378,TPE,KIX,2025-04-09,2025-04-09,15:50,19:30,10246,3865,30,347
全亞洲航空,D7378,TPE,KIX,2025-04-10,2025-04-10,15:50,19:30,10246,3865,30,347
全亞洲航空,D7378,TPE,KIX,2025-04-11,2025-04-11,15:50,19:30,10246,3865,30,347
全亞洲航空,D7378,TPE,KIX,2025-04-12,2025-04-12,15:50,19:30,10246,3865,30,347
全亞洲航空,D7378,TPE,KIX,2025-04-13,2025-04-13,15:50,19:30,10246,3865,30,347
全亞洲航空,D7379,TPE,KUL,2025-04-14,2025-04-14,1:25,6:15,10663,3559,30,347
全亞洲航空,D7379,TPE,KUL,2025-04-15,2025-04-15,1:25,6:15,10663,3559,30,347
全亞洲航空,D7379,TPE,KUL,2025-04-16,2025-04-16,1:25,6:15,10663,3559,30,347
全亞洲航空,D7379,TPE,KUL,2025-04-17,2025-04-17,1:25,6:15,10663,3559,30,347
全亞洲航空,D7379,TPE,KUL,2025-04-18,2025-04-18,1:25,6:15,10663,3559,30,347
全亞洲航空,D7379,TPE,KUL,2025-04-19,2025-04-19,1:25,6:15,10663,3559,30,347
全亞洲航空,D7379,TPE,KUL,2025-04-20,2025-04-20,1:25,6:15,10663,3559,30,347
全亞洲航空,D7378,KUL,TPE,2025-04-14,2025-04-14,9:30,14:25,11421,4117,30,347
全亞洲航空,D7378,KUL,TPE,2025-04-15,2025-04-15,9:30,14:25,11421,4117,30,347
全亞洲航空,D7378,KUL,TPE,2025-04-16,2025-04-16,9:30,14:25,11421,4117,30,347
全亞洲航空,D7378,KUL,TPE,2025-04-17,2025-04-17,9:30,14:25,11421,4117,30,347
全亞洲航空,D7378,KUL,TPE,2025-04-18,2025-04-18,9:30,14:25,11421,4117,30,347
全亞洲航空,D7378,KUL,TPE,2025-04-19,2025-04-19,9:30,14:25,11421,4117,30,347
全亞洲航空,D7378,KUL,TPE,2025-04-20,2025-04-20,9:30,14:25,11421,4117,30,347
全亞洲航空,D7378,TPE,KIX,2025-04-14,2025-04-14,15:50,19:30,10246,3865,30,347
全亞洲航空,D7378,TPE,KIX,2025-04-15,2025-04-15,15:50,19:30,10246,3865,30,347
全亞洲航空,D7378,TPE,KIX,2025-04-16,2025-04-16,15:50,19:30,10246,3865,30,347
全亞洲航空,D7378,TPE,KIX,2025-04-17,2025-04-17,15:50,19:30,10246,3865,30,347
全亞洲航空,D7378,TPE,KIX,2025-04-18,2025-04-18,15:50,19:30,10246,3865,30,347
全亞洲航空,D7378,TPE,KIX,2025-04-19,2025-04-19,15:50,19:30,10246,3865,30,347
全亞洲航空,D7378,TPE,KIX,2025-04-20,2025-04-20,15:50,19:30,10246,3865,30,347
全亞洲航空,D7379,TPE,KUL,2025-04-21,2025-04-21,1:25,6:15,10663,3559,30,347
全亞洲航空,D7379,TPE,KUL,2025-04-22,2025-04-22,1:25,6:15,10663,3559,30,347
全亞洲航空,D7379,TPE,KUL,2025-04-23,2025-04-23,1:25,6:15,10663,3559,30,347
全亞洲航空,D7379,TPE,KUL,2025-04-24,2025-04-24,1:25,6:15,10663,3559,30,347
全亞洲航空,D7379,TPE,KUL,2025-04-25,2025-04-25,1:25,6:15,10663,3559,30,347
全亞洲航空,D7379,TPE,KUL,2025-04-26,2025-04-26,1:25,6:15,10663,3559,30,347
全亞洲航空,D7379,TPE,KUL,2025-04-27,2025-04-27,1:25,6:15,10663,3559,30,347
全亞洲航空,D7378,KUL,TPE,2025-04-21,2025-04-21,9:30,14:25,11421,4117,30,347
全亞洲航空,D7378,KUL,TPE,2025-04-22,2025-04-22,9:30,14:25,11421,4117,30,347
全亞洲航空,D7378,KUL,TPE,2025-04-23,2025-04-23,9:30,14:25,11421,4117,30,347
全亞洲航空,D7378,KUL,TPE,2025-04-24,2025-04-24,9:30,14:25,11421,4117,30,347
全亞洲航空,D7378,KUL,TPE,2025-04-25,2025-04-25,9:30,14:25,11421,4117,30,347
全亞洲航空,D7378,KUL,TPE,2025-04-26,2025-04-26,9:30,14:25,11421,4117,30,347
全亞洲航空,D7378,KUL,TPE,2025-04-27,2025-04-27,9:30,14:25,11421,4117,30,347
全亞洲航空,D7378,TPE,KIX,2025-04-21,2025-04-21,15:50,19:30,10246,3865,30,347
全亞洲航空,D7378,TPE,KIX,2025-04-22,2025-04-22,15:50,19:30,10246,3865,30,347
全亞洲航空,D7378,TPE,KIX,2025-04-23,2025-04-23,15:50,19:30,10246,3865,30,347
全亞洲航空,D7378,TPE,KIX,2025-04-24,2025-04-24,15:50,19:30,10246,3865,30,347
全亞洲航空,D7378,TPE,KIX,2025-04-25,2025-04-25,15:50,19:30,10246,3865,30,347
全亞洲航空,D7378,TPE,KIX,2025-04-26,2025-04-26,15:50,19:30,10246,3865,30,347
全亞洲航空,D7378,TPE,KIX,2025-04-27,2025-04-27,15:50,19:30,10246,3865,30,347
全亞洲航空,D7379,TPE,KUL,2025-04-28,2025-04-28,1:25,6:15,10663,3559,30,347
全亞洲航空,D7379,TPE,KUL,2025-04-29,2025-04-29,1:25,6:15,10663,3559,30,347
全亞洲航空,D7379,TPE,KUL,2025-04-30,2025-04-30,1:25,6:15,10663,3559,30,347
全亞洲航空,D7379,TPE,KUL,2025-05-01,2025-05-01,1:25,6:15,10663,3559,30,347
全亞洲航空,D7379,TPE,KUL,2025-05-02,2025-05-02,1:25,6:15,10663,3559,30,347
全亞洲航空,D7379,TPE,KUL,2025-05-03,2025-05-03,1:25,6:15,10663,3559,30,347
全亞洲航空,D7379,TPE,KUL,2025-05-04,2025-05-04,1:25,6:15,10663,3559,30,347
全亞洲航空,D7378,KUL,TPE,2025-04-28,2025-04-28,9:30,14:25,11421,4117,30,347
全亞洲航空,D7378,KUL,TPE,2025-04-29,2025-04-29,9:30,14:25,11421,4117,30,347
全亞洲航空,D7378,KUL,TPE,2025-04-30,2025-04-30,9:30,14:25,11421,4117,30,347
全亞洲航空,D7378,KUL,TPE,2025-05-01,2025-05-01,9:30,14:25,11421,4117,30,347
全亞洲航空,D7378,KUL,TPE,2025-05-02,2025-05-02,9:30,14:25,11421,4117,30,347
全亞洲航空,D7378,KUL,TPE,2025-05-03,2025-05-03,9:30,14:25,11421,4117,30,347
全亞洲航空,D7378,KUL,TPE,2025-05-04,2025-05-04,9:30,14:25,11421,4117,30,347
全亞洲航空,D7378,TPE,KIX,2025-04-28,2025-04-28,15:50,19:30,10246,3865,30,347
全亞洲航空,D7378,TPE,KIX,2025-04-29,2025-04-29,15:50,19:30,10246,3865,30,347
全亞洲航空,D7378,TPE,KIX,2025-04-30,2025-04-30,15:50,19:30,10246,3865,30,347
全亞洲航空,D7378,TPE,KIX,2025-05-01,2025-05-01,15:50,19:30,10246,3865,30,347
全亞洲航空,D7378,TPE,KIX,2025-05-02,2025-05-02,15:50,19:30,10246,3865,30,347
全亞洲航空,D7378,TPE,KIX,2025-05-03,2025-05-03,15:50,19:30,10246,3865,30,347
全亞洲航空,D7378,TPE,KIX,2025-05-04,2025-05-04,15:50,19:30,10246,3865,30,347
全亞洲航空,D7379,TPE,KUL,2025-05-05,2025-05-05,1:25,6:15,10663,3559,30,347
全亞洲航空,D7379,TPE,KUL,2025-05-06,2025-05-06,1:25,6:15,10663,3559,30,347
全亞洲航空,D7379,TPE,KUL,2025-05-07,2025-05-07,1:25,6:15,10663,3559,30,347
全亞洲航空,D7379,TPE,KUL,2025-05-08,2025-05-08,1:25,6:15,10663,3559,30,347
全亞洲航空,D7379,TPE,KUL,2025-05-09,2025-05-09,1:25,6:15,10663,3559,30,347
全亞洲航空,D7379,TPE,KUL,2025-05-10,2025-05-10,1:25,6:15,10663,3559,30,347
全亞洲航空,D7379,TPE,KUL,2025-05-11,2025-05-11,1:25,6:15,10663,3559,30,347
全亞洲航空,D7378,KUL,TPE,2025-05-05,2025-05-05,9:30,14:25,11421,4117,30,347
全亞洲航空,D7378,KUL,TPE,2025-05-06,2025-05-06,9:30,14:25,11421,4117,30,347
全亞洲航空,D7378,KUL,TPE,2025-05-07,2025-05-07,9:30,14:25,11421,4117,30,347
全亞洲航空,D7378,KUL,TPE,2025-05-08,2025-05-08,9:30,14:25,11421,4117,30,347
全亞洲航空,D7378,KUL,TPE,2025-05-09,2025-05-09,9:30,14:25,11421,4117,30,347
全亞洲航空,D7378,KUL,TPE,2025-05-10,2025-05-10,9:30,14:25,11421,4117,30,347
全亞洲航空,D7378,KUL,TPE,2025-05-11,2025-05-11,9:30,14:25,11421,4117,30,347
全亞洲航空,D7378,TPE,KIX,2025-05-05,2025-05-05,15:50,19:30,10246,3865,30,347
全亞洲航空,D7378,TPE,KIX,2025-05-06,2025-05-06,15:50,19:30,10246,3865,30,347
全亞洲航空,D7378,TPE,KIX,2025-05-07,2025-05-07,15:50,19:30,10246,3865,30,347
全亞洲航空,D7378,TPE,KIX,2025-05-08,2025-05-08,15:50,19:30,10246,3865,30,347
全亞洲航空,D7378,TPE,KIX,2025-05-09,2025-05-09,15:50,19:30,10246,3865,30,347
全亞洲航空,D7378,TPE,KIX,2025-05-10,2025-05-10,15:50,19:30,10246,3865,30,347
全亞洲航空,D7378,TPE,KIX,2025-05-11,2025-05-11,15:50,19:30,10246,3865,30,347
全亞洲航空,D7379,TPE,KUL,2025-05-12,2025-05-12,1:25,6:15,10663,3559,30,347
全亞洲航空,D7379,TPE,KUL,2025-05-13,2025-05-13,1:25,6:15,10663,3559,30,347
全亞洲航空,D7379,TPE,KUL,2025-05-14,2025-05-14,1:25,6:15,10663,3559,30,347
全亞洲航空,D7379,TPE,KUL,2025-05-15,2025-05-15,1:25,6:15,10663,3559,30,347
全亞洲航空,D7379,TPE,KUL,2025-05-16,2025-05-16,1:25,6:15,10663,3559,30,347
全亞洲航空,D7379,TPE,KUL,2025-05-17,2025-05-17,1:25,6:15,10663,3559,30,347
全亞洲航空,D7379,TPE,KUL,2025-05-18,2025-05-18,1:25,6:15,10663,3559,30,347
全亞洲航空,D7378,KUL,TPE,2025-05-12,2025-05-12,9:30,14:25,11421,4117,30,347
全亞洲航空,D7378,KUL,TPE,2025-05-13,2025-05-13,9:30,14:25,11421,4117,30,347
全亞洲航空,D7378,KUL,TPE,2025-05-14,2025-05-14,9:30,14:25,11421,4117,30,347
全亞洲航空,D7378,KUL,TPE,2025-05-15,2025-05-15,9:30,14:25,11421,4117,30,347
全亞洲航空,D7378,KUL,TPE,2025-05-16,2025-05-16,9:30,14:25,11421,4117,30,347
全亞洲航空,D7378,KUL,TPE,2025-05-17,2025-05-17,9:30,14:25,11421,4117,30,347
全亞洲航空,D7378,KUL,TPE,2025-05-18,2025-05-18,9:30,14:25,11421,4117,30,347
全亞洲航空,D7378,TPE,KIX,2025-05-12,2025-05-12,15:50,19:30,10246,3865,30,347
全亞洲航空,D7378,TPE,KIX,2025-05-13,2025-05-13,15:50,19:30,10246,3865,30,347
全亞洲航空,D7378,TPE,KIX,2025-05-14,2025-05-14,15:50,19:30,10246,3865,30,347
全亞洲航空,D7378,TPE,KIX,2025-05-15,2025-05-15,15:50,19:30,10246,3865,30,347
全亞洲航空,D7378,TPE,KIX,2025-05-16,2025-05-16,15:50,19:30,10246,3865,30,347
全亞洲航空,D7378,TPE,KIX,2025-05-17,2025-05-17,15:50,19:30,10246,3865,30,347
全亞洲航空,D7378,TPE,KIX,2025-05-18,2025-05-18,15:50,19:30,10246,3865,30,347
全亞洲航空,D7379,TPE,KUL,2025-05-19,2025-05-19,1:25,6:15,10663,3559,30,347
全亞洲航空,D7379,TPE,KUL,2025-05-20,2025-05-20,1:25,6:15,10663,3559,30,347
全亞洲航空,D7379,TPE,KUL,2025-05-21,2025-05-21,1:25,6:15,10663,3559,30,347
全亞洲航空,D7379,TPE,KUL,2025-05-22,2025-05-22,1:25,6:15,10663,3559,30,347
全亞洲航空,D7379,TPE,KUL,2025-05-23,2025-05-23,1:25,6:15,10663,3559,30,347
全亞洲航空,D7379,TPE,KUL,2025-05-24,2025-05-24,1:25,6:15,10663,3559,30,347
全亞洲航空,D7379,TPE,KUL,2025-05-25,2025-05-25,1:25,6:15,10663,3559,30,347
全亞洲航空,D7378,KUL,TPE,2025-05-19,2025-05-19,9:30,14:25,11421,4117,30,347
全亞洲航空,D7378,KUL,TPE,2025-05-20,2025-05-20,9:30,14:25,11421,4117,30,347
全亞洲航空,D7378,KUL,TPE,2025-05-21,2025-05-21,9:30,14:25,11421,4117,30,347
全亞洲航空,D7378,KUL,TPE,2025-05-22,2025-05-22,9:30,14:25,11421,4117,30,347
全亞洲航空,D7378,KUL,TPE,2025-05-23,2025-05-23,9:30,14:25,11421,4117,30,347
全亞洲航空,D7378,KUL,TPE,2025-05-24,2025-05-24,9:30,14:25,11421,4117,30,347
全亞洲航空,D7378,KUL,TPE,2025-05-25,2025-05-25,9:30,14:25,11421,4117,30,347
全亞洲航空,D7378,TPE,KIX,2025-05-19,2025-05-19,15:50,19:30,10246,3865,30,347
全亞洲航空,D7378,TPE,KIX,2025-05-20,2025-05-20,15:50,19:30,10246,3865,30,347
全亞洲航空,D7378,TPE,KIX,2025-05-21,2025-05-21,15:50,19:30,10246,3865,30,347
全亞洲航空,D7378,TPE,KIX,2025-05-22,2025-05-22,15:50,19:30,10246,3865,30,347
全亞洲航空,D7378,TPE,KIX,2025-05-23,2025-05-23,15:50,19:30,10246,3865,30,347
全亞洲航空,D7378,TPE,KIX,2025-05-24,2025-05-24,15:50,19:30,10246,3865,30,347
全亞洲航空,D7378,TPE,KIX,2025-05-25,2025-05-25,15:50,19:30,10246,3865,30,347
全亞洲航空,D7379,TPE,KUL,2025-05-26,2025-05-26,1:25,6:15,10663,3559,30,347
全亞洲航空,D7379,TPE,KUL,2025-05-27,2025-05-27,1:25,6:15,10663,3559,30,347
全亞洲航空,D7379,TPE,KUL,2025-05-28,2025-05-28,1:25,6:15,10663,3559,30,347
全亞洲航空,D7379,TPE,KUL,2025-05-29,2025-05-29,1:25,6:15,10663,3559,30,347
全亞洲航空,D7379,TPE,KUL,2025-05-30,2025-05-30,1:25,6:15,10663,3559,30,347
全亞洲航空,D7379,TPE,KUL,2025-05-31,2025-05-31,1:25,6:15,10663,3559,30,347
全亞洲航空,D7379,TPE,KUL,2025-06-01,2025-06-01,1:25,6:15,10663,3559,30,347
全亞洲航空,D7378,KUL,TPE,2025-05-26,2025-05-26,9:30,14:25,11421,4117,30,347
全亞洲航空,D7378,KUL,TPE,2025-05-27,2025-05-27,9:30,14:25,11421,4117,30,347
全亞洲航空,D7378,KUL,TPE,2025-05-28,2025-05-28,9:30,14:25,11421,4117,30,347
全亞洲航空,D7378,KUL,TPE,2025-05-29,2025-05-29,9:30,14:25,11421,4117,30,347
全亞洲航空,D7378,KUL,TPE,2025-05-30,2025-05-30,9:30,14:25,11421,4117,30,347
全亞洲航空,D7378,KUL,TPE,2025-05-31,2025-05-31,9:30,14:25,11421,4117,30,347
全亞洲航空,D7378,KUL,TPE,2025-06-01,2025-06-01,9:30,14:25,11421,4117,30,347
全亞洲航空,D7378,TPE,KIX,2025-05-26,2025-05-26,15:50,19:30,10246,3865,30,347
全亞洲航空,D7378,TPE,KIX,2025-05-27,2025-05-27,15:50,19:30,10246,3865,30,347
全亞洲航空,D7378,TPE,KIX,2025-05-28,2025-05-28,15:50,19:30,10246,3865,30,347
全亞洲航空,D7378,TPE,KIX,2025-05-29,2025-05-29,15:50,19:30,10246,3865,30,347
全亞洲航空,D7378,TPE,KIX,2025-05-30,2025-05-30,15:50,19:30,10246,3865,30,347
全亞洲航空,D7378,TPE,KIX,2025-05-31,2025-05-31,15:50,19:30,10246,3865,30,347
全亞洲航空,D7378,TPE,KIX,2025-06-01,2025-06-01,15:50,19:30,10246,3865,30,347
全亞洲航空,D7379,TPE,KUL,2025-06-02,2025-06-02,1:25,6:15,10663,3559,30,347
全亞洲航空,D7379,TPE,KUL,2025-06-03,2025-06-03,1:25,6:15,10663,3559,30,347
全亞洲航空,D7379,TPE,KUL,2025-06-04,2025-06-04,1:25,6:15,10663,3559,30,347
全亞洲航空,D7379,TPE,KUL,2025-06-05,2025-06-05,1:25,6:15,10663,3559,30,347
全亞洲航空,D7379,TPE,KUL,2025-06-06,2025-06-06,1:25,6:15,10663,3559,30,347
全亞洲航空,D7379,TPE,KUL,2025-06-07,2025-06-07,1:25,6:15,10663,3559,30,347
全亞洲航空,D7379,TPE,KUL,2025-06-08,2025-06-08,1:25,6:15,10663,3559,30,347
全亞洲航空,D7378,KUL,TPE,2025-06-02,2025-06-02,9:30,14:25,11421,4117,30,347
全亞洲航空,D7378,KUL,TPE,2025-06-03,2025-06-03,9:30,14:25,11421,4117,30,347
全亞洲航空,D7378,KUL,TPE,2025-06-04,2025-06-04,9:30,14:25,11421,4117,30,347
全亞洲航空,D7378,KUL,TPE,2025-06-05,2025-06-05,9:30,14:25,11421,4117,30,347
全亞洲航空,D7378,KUL,TPE,2025-06-06,2025-06-06,9:30,14:25,11421,4117,30,347
全亞洲航空,D7378,KUL,TPE,2025-06-07,2025-06-07,9:30,14:25,11421,4117,30,347
全亞洲航空,D7378,KUL,TPE,2025-06-08,2025-06-08,9:30,14:25,11421,4117,30,347
全亞洲航空,D7378,TPE,KIX,2025-06-02,2025-06-02,15:50,19:30,10246,3865,30,347
全亞洲航空,D7378,TPE,KIX,2025-06-03,2025-06-03,15:50,19:30,10246,3865,30,347
全亞洲航空,D7378,TPE,KIX,2025-06-04,2025-06-04,15:50,19:30,10246,3865,30,347
全亞洲航空,D7378,TPE,KIX,2025-06-05,2025-06-05,15:50,19:30,10246,3865,30,347
全亞洲航空,D7378,TPE,KIX,2025-06-06,2025-06-06,15:50,19:30,10246,3865,30,347
全亞洲航空,D7378,TPE,KIX,2025-06-07,2025-06-07,15:50,19:30,10246,3865,30,347
全亞洲航空,D7378,TPE,KIX,2025-06-08,2025-06-08,15:50,19:30,10246,3865,30,347
全亞洲航空,D7379,TPE,KUL,2025-06-09,2025-06-09,1:25,6:15,10663,3559,30,347
全亞洲航空,D7379,TPE,KUL,2025-06-10,2025-06-10,1:25,6:15,10663,3559,30,347
全亞洲航空,D7379,TPE,KUL,2025-06-11,2025-06-11,1:25,6:15,10663,3559,30,347
全亞洲航空,D7379,TPE,KUL,2025-06-12,2025-06-12,1:25,6:15,10663,3559,30,347
全亞洲航空,D7379,TPE,KUL,2025-06-13,2025-06-13,1:25,6:15,10663,3559,30,347
全亞洲航空,D7379,TPE,KUL,2025-06-14,2025-06-14,1:25,6:15,10663,3559,30,347
全亞洲航空,D7379,TPE,KUL,2025-06-15,2025-06-15,1:25,6:15,10663,3559,30,347
全亞洲航空,D7378,KUL,TPE,2025-06-09,2025-06-09,9:30,14:25,11421,4117,30,347
全亞洲航空,D7378,KUL,TPE,2025-06-10,2025-06-10,9:30,14:25,11421,4117,30,347
全亞洲航空,D7378,KUL,TPE,2025-06-11,2025-06-11,9:30,14:25,11421,4117,30,347
全亞洲航空,D7378,KUL,TPE,2025-06-12,2025-06-12,9:30,14:25,11421,4117,30,347
全亞洲航空,D7378,KUL,TPE,2025-06-13,2025-06-13,9:30,14:25,11421,4117,30,347
全亞洲航空,D7378,KUL,TPE,2025-06-14,2025-06-14,9:30,14:25,11421,4117,30,347
全亞洲航空,D7378,KUL,TPE,2025-06-15,2025-06-15,9:30,14:25,11421,4117,30,347
全亞洲航空,D7378,TPE,KIX,2025-06-09,2025-06-09,15:50,19:30,10246,3865,30,347
全亞洲航空,D7378,TPE,KIX,2025-06-10,2025-06-10,15:50,19:30,10246,3865,30,347
全亞洲航空,D7378,TPE,KIX,2025-06-11,2025-06-11,15:50,19:30,10246,3865,30,347
全亞洲航空,D7378,TPE,KIX,2025-06-12,2025-06-12,15:50,19:30,10246,3865,30,347
全亞洲航空,D7378,TPE,KIX,2025-06-13,2025-06-13,15:50,19:30,10246,3865,30,347
全亞洲航空,D7378,TPE,KIX,2025-06-14,2025-06-14,15:50,19:30,10246,3865,30,347
全亞洲航空,D7378,TPE,KIX,2025-06-15,2025-06-15,15:50,19:30,10246,3865,30,347
全亞洲航空,D7379,TPE,KUL,2025-06-16,2025-06-16,1:25,6:15,10663,3559,30,347
全亞洲航空,D7379,TPE,KUL,2025-06-17,2025-06-17,1:25,6:15,10663,3559,30,347
全亞洲航空,D7379,TPE,KUL,2025-06-18,2025-06-18,1:25,6:15,10663,3559,30,347
全亞洲航空,D7379,TPE,KUL,2025-06-19,2025-06-19,1:25,6:15,10663,3559,30,347
全亞洲航空,D7379,TPE,KUL,2025-06-20,2025-06-20,1:25,6:15,10663,3559,30,347
全亞洲航空,D7379,TPE,KUL,2025-06-21,2025-06-21,1:25,6:15,10663,3559,30,347
全亞洲航空,D7379,TPE,KUL,2025-06-22,2025-06-22,1:25,6:15,10663,3559,30,347
全亞洲航空,D7378,KUL,TPE,2025-06-16,2025-06-16,9:30,14:25,11421,4117,30,347
全亞洲航空,D7378,KUL,TPE,2025-06-17,2025-06-17,9:30,14:25,11421,4117,30,347
全亞洲航空,D7378,KUL,TPE,2025-06-18,2025-06-18,9:30,14:25,11421,4117,30,347
全亞洲航空,D7378,KUL,TPE,2025-06-19,2025-06-19,9:30,14:25,11421,4117,30,347
全亞洲航空,D7378,KUL,TPE,2025-06-20,2025-06-20,9:30,14:25,11421,4117,30,347
全亞洲航空,D7378,KUL,TPE,2025-06-21,2025-06-21,9:30,14:25,11421,4117,30,347
全亞洲航空,D7378,KUL,TPE,2025-06-22,2025-06-22,9:30,14:25,11421,4117,30,347
全亞洲航空,D7378,TPE,KIX,2025-06-16,2025-06-16,15:50,19:30,10246,3865,30,347
全亞洲航空,D7378,TPE,KIX,2025-06-17,2025-06-17,15:50,19:30,10246,3865,30,347
全亞洲航空,D7378,TPE,KIX,2025-06-18,2025-06-18,15:50,19:30,10246,3865,30,347
全亞洲航空,D7378,TPE,KIX,2025-06-19,2025-06-19,15:50,19:30,10246,3865,30,347
全亞洲航空,D7378,TPE,KIX,2025-06-20,2025-06-20,15:50,19:30,10246,3865,30,347
全亞洲航空,D7378,TPE,KIX,2025-06-21,2025-06-21,15:50,19:30,10246,3865,30,347
全亞洲航空,D7378,TPE,KIX,2025-06-22,2025-06-22,15:50,19:30,10246,3865,30,347
全亞洲航空,D7379,TPE,KUL,2025-06-23,2025-06-23,1:25,6:15,10663,3559,30,347
全亞洲航空,D7379,TPE,KUL,2025-06-24,2025-06-24,1:25,6:15,10663,3559,30,347
全亞洲航空,D7379,TPE,KUL,2025-06-25,2025-06-25,1:25,6:15,10663,3559,30,347
全亞洲航空,D7379,TPE,KUL,2025-06-26,2025-06-26,1:25,6:15,10663,3559,30,347
全亞洲航空,D7379,TPE,KUL,2025-06-27,2025-06-27,1:25,6:15,10663,3559,30,347
全亞洲航空,D7379,TPE,KUL,2025-06-28,2025-06-28,1:25,6:15,10663,3559,30,347
全亞洲航空,D7379,TPE,KUL,2025-06-29,2025-06-29,1:25,6:15,10663,3559,30,347
全亞洲航空,D7378,KUL,TPE,2025-06-23,2025-06-23,9:30,14:25,11421,4117,30,347
全亞洲航空,D7378,KUL,TPE,2025-06-24,2025-06-24,9:30,14:25,11421,4117,30,347
全亞洲航空,D7378,KUL,TPE,2025-06-25,2025-06-25,9:30,14:25,11421,4117,30,347
全亞洲航空,D7378,KUL,TPE,2025-06-26,2025-06-26,9:30,14:25,11421,4117,30,347
全亞洲航空,D7378,KUL,TPE,2025-06-27,2025-06-27,9:30,14:25,11421,4117,30,347
全亞洲航空,D7378,KUL,TPE,2025-06-28,2025-06-28,9:30,14:25,11421,4117,30,347
全亞洲航空,D7378,KUL,TPE,2025-06-29,2025-06-29,9:30,14:25,11421,4117,30,347
全亞洲航空,D7378,TPE,KIX,2025-06-23,2025-06-23,15:50,19:30,10246,3865,30,347
全亞洲航空,D7378,TPE,KIX,2025-06-24,2025-06-24,15:50,19:30,10246,3865,30,347
全亞洲航空,D7378,TPE,KIX,2025-06-25,2025-06-25,15:50,19:30,10246,3865,30,347
全亞洲航空,D7378,TPE,KIX,2025-06-26,2025-06-26,15:50,19:30,10246,3865,30,347
全亞洲航空,D7378,TPE,KIX,2025-06-27,2025-06-27,15:50,19:30,10246,3865,30,347
全亞洲航空,D7378,TPE,KIX,2025-06-28,2025-06-28,15:50,19:30,10246,3865,30,347
全亞洲航空,D7378,TPE,KIX,2025-06-29,2025-06-29,15:50,19:30,10246,3865,30,347
全亞洲航空,D7379,TPE,KUL,2025-06-30,2025-06-30,1:25,6:15,10663,3559,30,347
全亞洲航空,D7379,TPE,KUL,2025-07-01,2025-07-01,1:25,6:15,10663,3559,30,347
全亞洲航空,D7379,TPE,KUL,2025-07-02,2025-07-02,1:25,6:15,10663,3559,30,347
全亞洲航空,D7379,TPE,KUL,2025-07-03,2025-07-03,1:25,6:15,10663,3559,30,347
全亞洲航空,D7379,TPE,KUL,2025-07-04,2025-07-04,1:25,6:15,10663,3559,30,347
全亞洲航空,D7379,TPE,KUL,2025-07-05,2025-07-05,1:25,6:15,10663,3559,30,347
全亞洲航空,D7379,TPE,KUL,2025-07-06,2025-07-06,1:25,6:15,10663,3559,30,347
全亞洲航空,D7378,KUL,TPE,2025-06-30,2025-06-30,9:30,14:25,11421,4117,30,347
全亞洲航空,D7378,KUL,TPE,2025-07-01,2025-07-01,9:30,14:25,11421,4117,30,347
全亞洲航空,D7378,KUL,TPE,2025-07-02,2025-07-02,9:30,14:25,11421,4117,30,347
全亞洲航空,D7378,KUL,TPE,2025-07-03,2025-07-03,9:30,14:25,11421,4117,30,347
全亞洲航空,D7378,KUL,TPE,2025-07-04,2025-07-04,9:30,14:25,11421,4117,30,347
全亞洲航空,D7378,KUL,TPE,2025-07-05,2025-07-05,9:30,14:25,11421,4117,30,347
全亞洲航空,D7378,KUL,TPE,2025-07-06,2025-07-06,9:30,14:25,11421,4117,30,347
全亞洲航空,D7378,TPE,KIX,2025-06-30,2025-06-30,15:50,19:30,10246,3865,30,347
全亞洲航空,D7378,TPE,KIX,2025-07-01,2025-07-01,15:50,19:30,10246,3865,30,347
全亞洲航空,D7378,TPE,KIX,2025-07-02,2025-07-02,15:50,19:30,10246,3865,30,347
全亞洲航空,D7378,TPE,KIX,2025-07-03,2025-07-03,15:50,19:30,10246,3865,30,347
全亞洲航空,D7378,TPE,KIX,2025-07-04,2025-07-04,15:50,19:30,10246,3865,30,347
全亞洲航空,D7378,TPE,KIX,2025-07-05,2025-07-05,15:50,19:30,10246,3865,30,347
全亞洲航空,D7378,TPE,KIX,2025-07-06,2025-07-06,15:50,19:30,10246,3865,30,347
全亞洲航空,D7379,TPE,KUL,2025-07-07,2025-07-07,1:25,6:15,10663,3559,30,347
全亞洲航空,D7379,TPE,KUL,2025-07-08,2025-07-08,1:25,6:15,10663,3559,30,347
全亞洲航空,D7379,TPE,KUL,2025-07-09,2025-07-09,1:25,6:15,10663,3559,30,347
全亞洲航空,D7379,TPE,KUL,2025-07-10,2025-07-10,1:25,6:15,10663,3559,30,347
全亞洲航空,D7379,TPE,KUL,2025-07-11,2025-07-11,1:25,6:15,10663,3559,30,347
全亞洲航空,D7379,TPE,KUL,2025-07-12,2025-07-12,1:25,6:15,10663,3559,30,347
全亞洲航空,D7379,TPE,KUL,2025-07-13,2025-07-13,1:25,6:15,10663,3559,30,347
全亞洲航空,D7378,KUL,TPE,2025-07-07,2025-07-07,9:30,14:25,11421,4117,30,347
全亞洲航空,D7378,KUL,TPE,2025-07-08,2025-07-08,9:30,14:25,11421,4117,30,347
全亞洲航空,D7378,KUL,TPE,2025-07-09,2025-07-09,9:30,14:25,11421,4117,30,347
全亞洲航空,D7378,KUL,TPE,2025-07-10,2025-07-10,9:30,14:25,11421,4117,30,347
全亞洲航空,D7378,KUL,TPE,2025-07-11,2025-07-11,9:30,14:25,11421,4117,30,347
全亞洲航空,D7378,KUL,TPE,2025-07-12,2025-07-12,9:30,14:25,11421,4117,30,347
全亞洲航空,D7378,KUL,TPE,2025-07-13,2025-07-13,9:30,14:25,11421,4117,30,347
全亞洲航空,D7378,TPE,KIX,2025-07-07,2025-07-07,15:50,19:30,10246,3865,30,347
全亞洲航空,D7378,TPE,KIX,2025-07-08,2025-07-08,15:50,19:30,10246,3865,30,347
全亞洲航空,D7378,TPE,KIX,2025-07-09,2025-07-09,15:50,19:30,10246,3865,30,347
全亞洲航空,D7378,TPE,KIX,2025-07-10,2025-07-10,15:50,19:30,10246,3865,30,347
全亞洲航空,D7378,TPE,KIX,2025-07-11,2025-07-11,15:50,19:30,10246,3865,30,347
全亞洲航空,D7378,TPE,KIX,2025-07-12,2025-07-12,15:50,19:30,10246,3865,30,347
全亞洲航空,D7378,TPE,KIX,2025-07-13,2025-07-13,15:50,19:30,10246,3865,30,347
全亞洲航空,D7379,TPE,KUL,2025-07-14,2025-07-14,1:25,6:15,10663,3559,30,347
全亞洲航空,D7379,TPE,KUL,2025-07-15,2025-07-15,1:25,6:15,10663,3559,30,347
全亞洲航空,D7379,TPE,KUL,2025-07-16,2025-07-16,1:25,6:15,10663,3559,30,347
全亞洲航空,D7379,TPE,KUL,2025-07-17,2025-07-17,1:25,6:15,10663,3559,30,347
全亞洲航空,D7379,TPE,KUL,2025-07-18,2025-07-18,1:25,6:15,10663,3559,30,347
全亞洲航空,D7379,TPE,KUL,2025-07-19,2025-07-19,1:25,6:15,10663,3559,30,347
全亞洲航空,D7379,TPE,KUL,2025-07-20,2025-07-20,1:25,6:15,10663,3559,30,347
全亞洲航空,D7378,KUL,TPE,2025-07-14,2025-07-14,9:30,14:25,11421,4117,30,347
全亞洲航空,D7378,KUL,TPE,2025-07-15,2025-07-15,9:30,14:25,11421,4117,30,347
全亞洲航空,D7378,KUL,TPE,2025-07-16,2025-07-16,9:30,14:25,11421,4117,30,347
全亞洲航空,D7378,KUL,TPE,2025-07-17,2025-07-17,9:30,14:25,11421,4117,30,347
全亞洲航空,D7378,KUL,TPE,2025-07-18,2025-07-18,9:30,14:25,11421,4117,30,347
全亞洲航空,D7378,KUL,TPE,2025-07-19,2025-07-19,9:30,14:25,11421,4117,30,347
全亞洲航空,D7378,KUL,TPE,2025-07-20,2025-07-20,9:30,14:25,11421,4117,30,347
全亞洲航空,D7378,TPE,KIX,2025-07-14,2025-07-14,15:50,19:30,10246,3865,30,347
全亞洲航空,D7378,TPE,KIX,2025-07-15,2025-07-15,15:50,19:30,10246,3865,30,347
全亞洲航空,D7378,TPE,KIX,2025-07-16,2025-07-16,15:50,19:30,10246,3865,30,347
全亞洲航空,D7378,TPE,KIX,2025-07-17,2025-07-17,15:50,19:30,10246,3865,30,347
全亞洲航空,D7378,TPE,KIX,2025-07-18,2025-07-18,15:50,19:30,10246,3865,30,347
全亞洲航空,D7378,TPE,KIX,2025-07-19,2025-07-19,15:50,19:30,10246,3865,30,347
全亞洲航空,D7378,TPE,KIX,2025-07-20,2025-07-20,15:50,19:30,10246,3865,30,347
全亞洲航空,D7379,TPE,KUL,2025-07-21,2025-07-21,1:25,6:15,10663,3559,30,347
全亞洲航空,D7379,TPE,KUL,2025-07-22,2025-07-22,1:25,6:15,10663,3559,30,347
全亞洲航空,D7379,TPE,KUL,2025-07-23,2025-07-23,1:25,6:15,10663,3559,30,347
全亞洲航空,D7379,TPE,KUL,2025-07-24,2025-07-24,1:25,6:15,10663,3559,30,347
全亞洲航空,D7379,TPE,KUL,2025-07-25,2025-07-25,1:25,6:15,10663,3559,30,347
全亞洲航空,D7379,TPE,KUL,2025-07-26,2025-07-26,1:25,6:15,10663,3559,30,347
全亞洲航空,D7379,TPE,KUL,2025-07-27,2025-07-27,1:25,6:15,10663,3559,30,347
全亞洲航空,D7378,KUL,TPE,2025-07-21,2025-07-21,9:30,14:25,11421,4117,30,347
全亞洲航空,D7378,KUL,TPE,2025-07-22,2025-07-22,9:30,14:25,11421,4117,30,347
全亞洲航空,D7378,KUL,TPE,2025-07-23,2025-07-23,9:30,14:25,11421,4117,30,347
全亞洲航空,D7378,KUL,TPE,2025-07-24,2025-07-24,9:30,14:25,11421,4117,30,347
全亞洲航空,D7378,KUL,TPE,2025-07-25,2025-07-25,9:30,14:25,11421,4117,30,347
全亞洲航空,D7378,KUL,TPE,2025-07-26,2025-07-26,9:30,14:25,11421,4117,30,347
全亞洲航空,D7378,KUL,TPE,2025-07-27,2025-07-27,9:30,14:25,11421,4117,30,347
全亞洲航空,D7378,TPE,KIX,2025-07-21,2025-07-21,15:50,19:30,10246,3865,30,347
全亞洲航空,D7378,TPE,KIX,2025-07-22,2025-07-22,15:50,19:30,10246,3865,30,347
全亞洲航空,D7378,TPE,KIX,2025-07-23,2025-07-23,15:50,19:30,10246,3865,30,347
全亞洲航空,D7378,TPE,KIX,2025-07-24,2025-07-24,15:50,19:30,10246,3865,30,347
全亞洲航空,D7378,TPE,KIX,2025-07-25,2025-07-25,15:50,19:30,10246,3865,30,347
全亞洲航空,D7378,TPE,KIX,2025-07-26,2025-07-26,15:50,19:30,10246,3865,30,347
全亞洲航空,D7378,TPE,KIX,2025-07-27,2025-07-27,15:50,19:30,10246,3865,30,347
全亞洲航空,D7379,TPE,KUL,2025-07-28,2025-07-28,1:25,6:15,10663,3559,30,347
全亞洲航空,D7379,TPE,KUL,2025-07-29,2025-07-29,1:25,6:15,10663,3559,30,347
全亞洲航空,D7379,TPE,KUL,2025-07-30,2025-07-30,1:25,6:15,10663,3559,30,347
全亞洲航空,D7379,TPE,KUL,2025-07-31,2025-07-31,1:25,6:15,10663,3559,30,347
全亞洲航空,D7379,TPE,KUL,2025-08-01,2025-08-01,1:25,6:15,10663,3559,30,347
全亞洲航空,D7379,TPE,KUL,2025-08-02,2025-08-02,1:25,6:15,10663,3559,30,347
全亞洲航空,D7379,TPE,KUL,2025-08-03,2025-08-03,1:25,6:15,10663,3559,30,347
全亞洲航空,D7378,KUL,TPE,2025-07-28,2025-07-28,9:30,14:25,11421,4117,30,347
全亞洲航空,D7378,KUL,TPE,2025-07-29,2025-07-29,9:30,14:25,11421,4117,30,347
全亞洲航空,D7378,KUL,TPE,2025-07-30,2025-07-30,9:30,14:25,11421,4117,30,347
全亞洲航空,D7378,KUL,TPE,2025-07-31,2025-07-31,9:30,14:25,11421,4117,30,347
全亞洲航空,D7378,KUL,TPE,2025-08-01,2025-08-01,9:30,14:25,11421,4117,30,347
全亞洲航空,D7378,KUL,TPE,2025-08-02,2025-08-02,9:30,14:25,11421,4117,30,347
全亞洲航空,D7378,KUL,TPE,2025-08-03,2025-08-03,9:30,14:25,11421,4117,30,347
全亞洲航空,D7378,TPE,KIX,2025-07-28,2025-07-28,15:50,19:30,10246,3865,30,347
全亞洲航空,D7378,TPE,KIX,2025-07-29,2025-07-29,15:50,19:30,10246,3865,30,347
全亞洲航空,D7378,TPE,KIX,2025-07-30,2025-07-30,15:50,19:30,10246,3865,30,347
全亞洲航空,D7378,TPE,KIX,2025-07-31,2025-07-31,15:50,19:30,10246,3865,30,347
全亞洲航空,D7378,TPE,KIX,2025-08-01,2025-08-01,15:50,19:30,10246,3865,30,347
全亞洲航空,D7378,TPE,KIX,2025-08-02,2025-08-02,15:50,19:30,10246,3865,30,347
全亞洲航空,D7378,TPE,KIX,2025-08-03,2025-08-03,15:50,19:30,10246,3865,30,347
全亞洲航空,D7379,TPE,KUL,2025-08-04,2025-08-04,1:25,6:15,10663,3559,30,347
全亞洲航空,D7379,TPE,KUL,2025-08-05,2025-08-05,1:25,6:15,10663,3559,30,347
全亞洲航空,D7379,TPE,KUL,2025-08-06,2025-08-06,1:25,6:15,10663,3559,30,347
全亞洲航空,D7379,TPE,KUL,2025-08-07,2025-08-07,1:25,6:15,10663,3559,30,347
全亞洲航空,D7379,TPE,KUL,2025-08-08,2025-08-08,1:25,6:15,10663,3559,30,347
全亞洲航空,D7379,TPE,KUL,2025-08-09,2025-08-09,1:25,6:15,10663,3559,30,347
全亞洲航空,D7379,TPE,KUL,2025-08-10,2025-08-10,1:25,6:15,10663,3559,30,347
全亞洲航空,D7378,KUL,TPE,2025-08-04,2025-08-04,9:30,14:25,11421,4117,30,347
全亞洲航空,D7378,KUL,TPE,2025-08-05,2025-08-05,9:30,14:25,11421,4117,30,347
全亞洲航空,D7378,KUL,TPE,2025-08-06,2025-08-06,9:30,14:25,11421,4117,30,347
全亞洲航空,D7378,KUL,TPE,2025-08-07,2025-08-07,9:30,14:25,11421,4117,30,347
全亞洲航空,D7378,KUL,TPE,2025-08-08,2025-08-08,9:30,14:25,11421,4117,30,347
全亞洲航空,D7378,KUL,TPE,2025-08-09,2025-08-09,9:30,14:25,11421,4117,30,347
全亞洲航空,D7378,KUL,TPE,2025-08-10,2025-08-10,9:30,14:25,11421,4117,30,347
全亞洲航空,D7378,TPE,KIX,2025-08-04,2025-08-04,15:50,19:30,10246,3865,30,347
全亞洲航空,D7378,TPE,KIX,2025-08-05,2025-08-05,15:50,19:30,10246,3865,30,347
全亞洲航空,D7378,TPE,KIX,2025-08-06,2025-08-06,15:50,19:30,10246,3865,30,347
全亞洲航空,D7378,TPE,KIX,2025-08-07,2025-08-07,15:50,19:30,10246,3865,30,347
全亞洲航空,D7378,TPE,KIX,2025-08-08,2025-08-08,15:50,19:30,10246,3865,30,347
全亞洲航空,D7378,TPE,KIX,2025-08-09,2025-08-09,15:50,19:30,10246,3865,30,347
全亞洲航空,D7378,TPE,KIX,2025-08-10,2025-08-10,15:50,19:30,10246,3865,30,347
全亞洲航空,D7379,TPE,KUL,2025-08-11,2025-08-11,1:25,6:15,10663,3559,30,347
全亞洲航空,D7379,TPE,KUL,2025-08-12,2025-08-12,1:25,6:15,10663,3559,30,347
全亞洲航空,D7379,TPE,KUL,2025-08-13,2025-08-13,1:25,6:15,10663,3559,30,347
全亞洲航空,D7379,TPE,KUL,2025-08-14,2025-08-14,1:25,6:15,10663,3559,30,347
全亞洲航空,D7379,TPE,KUL,2025-08-15,2025-08-15,1:25,6:15,10663,3559,30,347
全亞洲航空,D7379,TPE,KUL,2025-08-16,2025-08-16,1:25,6:15,10663,3559,30,347
全亞洲航空,D7379,TPE,KUL,2025-08-17,2025-08-17,1:25,6:15,10663,3559,30,347
全亞洲航空,D7378,KUL,TPE,2025-08-11,2025-08-11,9:30,14:25,11421,4117,30,347
全亞洲航空,D7378,KUL,TPE,2025-08-12,2025-08-12,9:30,14:25,11421,4117,30,347
全亞洲航空,D7378,KUL,TPE,2025-08-13,2025-08-13,9:30,14:25,11421,4117,30,347
全亞洲航空,D7378,KUL,TPE,2025-08-14,2025-08-14,9:30,14:25,11421,4117,30,347
全亞洲航空,D7378,KUL,TPE,2025-08-15,2025-08-15,9:30,14:25,11421,4117,30,347
全亞洲航空,D7378,KUL,TPE,2025-08-16,2025-08-16,9:30,14:25,11421,4117,30,347
全亞洲航空,D7378,KUL,TPE,2025-08-17,2025-08-17,9:30,14:25,11421,4117,30,347
全亞洲航空,D7378,TPE,KIX,2025-08-11,2025-08-11,15:50,19:30,10246,3865,30,347
全亞洲航空,D7378,TPE,KIX,2025-08-12,2025-08-12,15:50,19:30,10246,3865,30,347
全亞洲航空,D7378,TPE,KIX,2025-08-13,2025-08-13,15:50,19:30,10246,3865,30,347
全亞洲航空,D7378,TPE,KIX,2025-08-14,2025-08-14,15:50,19:30,10246,3865,30,347
全亞洲航空,D7378,TPE,KIX,2025-08-15,2025-08-15,15:50,19:30,10246,3865,30,347
全亞洲航空,D7378,TPE,KIX,2025-08-16,2025-08-16,15:50,19:30,10246,3865,30,347
全亞洲航空,D7378,TPE,KIX,2025-08-17,2025-08-17,15:50,19:30,10246,3865,30,347
全亞洲航空,D7379,TPE,KUL,2025-08-18,2025-08-18,1:25,6:15,10663,3559,30,347
全亞洲航空,D7379,TPE,KUL,2025-08-19,2025-08-19,1:25,6:15,10663,3559,30,347
全亞洲航空,D7379,TPE,KUL,2025-08-20,2025-08-20,1:25,6:15,10663,3559,30,347
全亞洲航空,D7379,TPE,KUL,2025-08-21,2025-08-21,1:25,6:15,10663,3559,30,347
全亞洲航空,D7379,TPE,KUL,2025-08-22,2025-08-22,1:25,6:15,10663,3559,30,347
全亞洲航空,D7379,TPE,KUL,2025-08-23,2025-08-23,1:25,6:15,10663,3559,30,347
全亞洲航空,D7379,TPE,KUL,2025-08-24,2025-08-24,1:25,6:15,10663,3559,30,347
全亞洲航空,D7378,KUL,TPE,2025-08-18,2025-08-18,9:30,14:25,11421,4117,30,347
全亞洲航空,D7378,KUL,TPE,2025-08-19,2025-08-19,9:30,14:25,11421,4117,30,347
全亞洲航空,D7378,KUL,TPE,2025-08-20,2025-08-20,9:30,14:25,11421,4117,30,347
全亞洲航空,D7378,KUL,TPE,2025-08-21,2025-08-21,9:30,14:25,11421,4117,30,347
全亞洲航空,D7378,KUL,TPE,2025-08-22,2025-08-22,9:30,14:25,11421,4117,30,347
全亞洲航空,D7378,KUL,TPE,2025-08-23,2025-08-23,9:30,14:25,11421,4117,30,347
全亞洲航空,D7378,KUL,TPE,2025-08-24,2025-08-24,9:30,14:25,11421,4117,30,347
全亞洲航空,D7378,TPE,KIX,2025-08-18,2025-08-18,15:50,19:30,10246,3865,30,347
全亞洲航空,D7378,TPE,KIX,2025-08-19,2025-08-19,15:50,19:30,10246,3865,30,347
全亞洲航空,D7378,TPE,KIX,2025-08-20,2025-08-20,15:50,19:30,10246,3865,30,347
全亞洲航空,D7378,TPE,KIX,2025-08-21,2025-08-21,15:50,19:30,10246,3865,30,347
全亞洲航空,D7378,TPE,KIX,2025-08-22,2025-08-22,15:50,19:30,10246,3865,30,347
全亞洲航空,D7378,TPE,KIX,2025-08-23,2025-08-23,15:50,19:30,10246,3865,30,347
全亞洲航空,D7378,TPE,KIX,2025-08-24,2025-08-24,15:50,19:30,10246,3865,30,347
全亞洲航空,D7379,TPE,KUL,2025-08-25,2025-08-25,1:25,6:15,10663,3559,30,347
全亞洲航空,D7379,TPE,KUL,2025-08-26,2025-08-26,1:25,6:15,10663,3559,30,347
全亞洲航空,D7379,TPE,KUL,2025-08-27,2025-08-27,1:25,6:15,10663,3559,30,347
全亞洲航空,D7379,TPE,KUL,2025-08-28,2025-08-28,1:25,6:15,10663,3559,30,347
全亞洲航空,D7379,TPE,KUL,2025-08-29,2025-08-29,1:25,6:15,10663,3559,30,347
全亞洲航空,D7379,TPE,KUL,2025-08-30,2025-08-30,1:25,6:15,10663,3559,30,347
全亞洲航空,D7379,TPE,KUL,2025-08-31,2025-08-31,1:25,6:15,10663,3559,30,347
全亞洲航空,D7378,KUL,TPE,2025-08-25,2025-08-25,9:30,14:25,11421,4117,30,347
全亞洲航空,D7378,KUL,TPE,2025-08-26,2025-08-26,9:30,14:25,11421,4117,30,347
全亞洲航空,D7378,KUL,TPE,2025-08-27,2025-08-27,9:30,14:25,11421,4117,30,347
全亞洲航空,D7378,KUL,TPE,2025-08-28,2025-08-28,9:30,14:25,11421,4117,30,347
全亞洲航空,D7378,KUL,TPE,2025-08-29,2025-08-29,9:30,14:25,11421,4117,30,347
全亞洲航空,D7378,KUL,TPE,2025-08-30,2025-08-30,9:30,14:25,11421,4117,30,347
全亞洲航空,D7378,KUL,TPE,2025-08-31,2025-08-31,9:30,14:25,11421,4117,30,347
全亞洲航空,D7378,TPE,KIX,2025-08-25,2025-08-25,15:50,19:30,10246,3865,30,347
全亞洲航空,D7378,TPE,KIX,2025-08-26,2025-08-26,15:50,19:30,10246,3865,30,347
全亞洲航空,D7378,TPE,KIX,2025-08-27,2025-08-27,15:50,19:30,10246,3865,30,347
全亞洲航空,D7378,TPE,KIX,2025-08-28,2025-08-28,15:50,19:30,10246,3865,30,347
全亞洲航空,D7378,TPE,KIX,2025-08-29,2025-08-29,15:50,19:30,10246,3865,30,347
全亞洲航空,D7378,TPE,KIX,2025-08-30,2025-08-30,15:50,19:30,10246,3865,30,347
全亞洲航空,D7378,TPE,KIX,2025-08-31,2025-08-31,15:50,19:30,10246,3865,30,347
全亞洲航空,D7379,TPE,KUL,2025-09-01,2025-09-01,1:25,6:15,10663,3559,30,347
全亞洲航空,D7379,TPE,KUL,2025-09-02,2025-09-02,1:25,6:15,10663,3559,30,347
全亞洲航空,D7379,TPE,KUL,2025-09-03,2025-09-03,1:25,6:15,10663,3559,30,347
全亞洲航空,D7379,TPE,KUL,2025-09-04,2025-09-04,1:25,6:15,10663,3559,30,347
全亞洲航空,D7379,TPE,KUL,2025-09-05,2025-09-05,1:25,6:15,10663,3559,30,347
全亞洲航空,D7379,TPE,KUL,2025-09-06,2025-09-06,1:25,6:15,10663,3559,30,347
全亞洲航空,D7379,TPE,KUL,2025-09-07,2025-09-07,1:25,6:15,10663,3559,30,347
全亞洲航空,D7378,KUL,TPE,2025-09-01,2025-09-01,9:30,14:25,11421,4117,30,347
全亞洲航空,D7378,KUL,TPE,2025-09-02,2025-09-02,9:30,14:25,11421,4117,30,347
全亞洲航空,D7378,KUL,TPE,2025-09-03,2025-09-03,9:30,14:25,11421,4117,30,347
全亞洲航空,D7378,KUL,TPE,2025-09-04,2025-09-04,9:30,14:25,11421,4117,30,347
全亞洲航空,D7378,KUL,TPE,2025-09-05,2025-09-05,9:30,14:25,11421,4117,30,347
全亞洲航空,D7378,KUL,TPE,2025-09-06,2025-09-06,9:30,14:25,11421,4117,30,347
全亞洲航空,D7378,KUL,TPE,2025-09-07,2025-09-07,9:30,14:25,11421,4117,30,347
全亞洲航空,D7378,TPE,KIX,2025-09-01,2025-09-01,15:50,19:30,10246,3865,30,347
全亞洲航空,D7378,TPE,KIX,2025-09-02,2025-09-02,15:50,19:30,10246,3865,30,347
全亞洲航空,D7378,TPE,KIX,2025-09-03,2025-09-03,15:50,19:30,10246,3865,30,347
全亞洲航空,D7378,TPE,KIX,2025-09-04,2025-09-04,15:50,19:30,10246,3865,30,347
全亞洲航空,D7378,TPE,KIX,2025-09-05,2025-09-05,15:50,19:30,10246,3865,30,347
全亞洲航空,D7378,TPE,KIX,2025-09-06,2025-09-06,15:50,19:30,10246,3865,30,347
全亞洲航空,D7378,TPE,KIX,2025-09-07,2025-09-07,15:50,19:30,10246,3865,30,347
全亞洲航空,D7379,TPE,KUL,2025-09-08,2025-09-08,1:25,6:15,10663,3559,30,347
全亞洲航空,D7379,TPE,KUL,2025-09-09,2025-09-09,1:25,6:15,10663,3559,30,347
全亞洲航空,D7379,TPE,KUL,2025-09-10,2025-09-10,1:25,6:15,10663,3559,30,347
全亞洲航空,D7379,TPE,KUL,2025-09-11,2025-09-11,1:25,6:15,10663,3559,30,347
全亞洲航空,D7379,TPE,KUL,2025-09-12,2025-09-12,1:25,6:15,10663,3559,30,347
全亞洲航空,D7379,TPE,KUL,2025-09-13,2025-09-13,1:25,6:15,10663,3559,30,347
全亞洲航空,D7379,TPE,KUL,2025-09-14,2025-09-14,1:25,6:15,10663,3559,30,347
全亞洲航空,D7378,KUL,TPE,2025-09-08,2025-09-08,9:30,14:25,11421,4117,30,347
全亞洲航空,D7378,KUL,TPE,2025-09-09,2025-09-09,9:30,14:25,11421,4117,30,347
全亞洲航空,D7378,KUL,TPE,2025-09-10,2025-09-10,9:30,14:25,11421,4117,30,347
全亞洲航空,D7378,KUL,TPE,2025-09-11,2025-09-11,9:30,14:25,11421,4117,30,347
全亞洲航空,D7378,KUL,TPE,2025-09-12,2025-09-12,9:30,14:25,11421,4117,30,347
全亞洲航空,D7378,KUL,TPE,2025-09-13,2025-09-13,9:30,14:25,11421,4117,30,347
全亞洲航空,D7378,KUL,TPE,2025-09-14,2025-09-14,9:30,14:25,11421,4117,30,347
全亞洲航空,D7378,TPE,KIX,2025-09-08,2025-09-08,15:50,19:30,10246,3865,30,347
全亞洲航空,D7378,TPE,KIX,2025-09-09,2025-09-09,15:50,19:30,10246,3865,30,347
全亞洲航空,D7378,TPE,KIX,2025-09-10,2025-09-10,15:50,19:30,10246,3865,30,347
全亞洲航空,D7378,TPE,KIX,2025-09-11,2025-09-11,15:50,19:30,10246,3865,30,347
全亞洲航空,D7378,TPE,KIX,2025-09-12,2025-09-12,15:50,19:30,10246,3865,30,347
全亞洲航空,D7378,TPE,KIX,2025-09-13,2025-09-13,15:50,19:30,10246,3865,30,347
全亞洲航空,D7378,TPE,KIX,2025-09-14,2025-09-14,15:50,19:30,10246,3865,30,347
全亞洲航空,D7379,TPE,KUL,2025-09-15,2025-09-15,1:25,6:15,10663,3559,30,347
全亞洲航空,D7379,TPE,KUL,2025-09-16,2025-09-16,1:25,6:15,10663,3559,30,347
全亞洲航空,D7379,TPE,KUL,2025-09-17,2025-09-17,1:25,6:15,10663,3559,30,347
全亞洲航空,D7379,TPE,KUL,2025-09-18,2025-09-18,1:25,6:15,10663,3559,30,347
全亞洲航空,D7379,TPE,KUL,2025-09-19,2025-09-19,1:25,6:15,10663,3559,30,347
全亞洲航空,D7379,TPE,KUL,2025-09-20,2025-09-20,1:25,6:15,10663,3559,30,347
全亞洲航空,D7379,TPE,KUL,2025-09-21,2025-09-21,1:25,6:15,10663,3559,30,347
全亞洲航空,D7378,KUL,TPE,2025-09-15,2025-09-15,9:30,14:25,11421,4117,30,347
全亞洲航空,D7378,KUL,TPE,2025-09-16,2025-09-16,9:30,14:25,11421,4117,30,347
全亞洲航空,D7378,KUL,TPE,2025-09-17,2025-09-17,9:30,14:25,11421,4117,30,347
全亞洲航空,D7378,KUL,TPE,2025-09-18,2025-09-18,9:30,14:25,11421,4117,30,347
全亞洲航空,D7378,KUL,TPE,2025-09-19,2025-09-19,9:30,14:25,11421,4117,30,347
全亞洲航空,D7378,KUL,TPE,2025-09-20,2025-09-20,9:30,14:25,11421,4117,30,347
全亞洲航空,D7378,KUL,TPE,2025-09-21,2025-09-21,9:30,14:25,11421,4117,30,347
全亞洲航空,D7378,TPE,KIX,2025-09-15,2025-09-15,15:50,19:30,10246,3865,30,347
全亞洲航空,D7378,TPE,KIX,2025-09-16,2025-09-16,15:50,19:30,10246,3865,30,347
全亞洲航空,D7378,TPE,KIX,2025-09-17,2025-09-17,15:50,19:30,10246,3865,30,347
全亞洲航空,D7378,TPE,KIX,2025-09-18,2025-09-18,15:50,19:30,10246,3865,30,347
全亞洲航空,D7378,TPE,KIX,2025-09-19,2025-09-19,15:50,19:30,10246,3865,30,347
全亞洲航空,D7378,TPE,KIX,2025-09-20,2025-09-20,15:50,19:30,10246,3865,30,347
全亞洲航空,D7378,TPE,KIX,2025-09-21,2025-09-21,15:50,19:30,10246,3865,30,347
全亞洲航空,D7379,TPE,KUL,2025-09-22,2025-09-22,1:25,6:15,10663,3559,30,347
全亞洲航空,D7379,TPE,KUL,2025-09-23,2025-09-23,1:25,6:15,10663,3559,30,347
全亞洲航空,D7379,TPE,KUL,2025-09-24,2025-09-24,1:25,6:15,10663,3559,30,347
全亞洲航空,D7379,TPE,KUL,2025-09-25,2025-09-25,1:25,6:15,10663,3559,30,347
全亞洲航空,D7379,TPE,KUL,2025-09-26,2025-09-26,1:25,6:15,10663,3559,30,347
全亞洲航空,D7379,TPE,KUL,2025-09-27,2025-09-27,1:25,6:15,10663,3559,30,347
全亞洲航空,D7379,TPE,KUL,2025-09-28,2025-09-28,1:25,6:15,10663,3559,30,347
全亞洲航空,D7378,KUL,TPE,2025-09-22,2025-09-22,9:30,14:25,11421,4117,30,347
全亞洲航空,D7378,KUL,TPE,2025-09-23,2025-09-23,9:30,14:25,11421,4117,30,347
全亞洲航空,D7378,KUL,TPE,2025-09-24,2025-09-24,9:30,14:25,11421,4117,30,347
全亞洲航空,D7378,KUL,TPE,2025-09-25,2025-09-25,9:30,14:25,11421,4117,30,347
全亞洲航空,D7378,KUL,TPE,2025-09-26,2025-09-26,9:30,14:25,11421,4117,30,347
全亞洲航空,D7378,KUL,TPE,2025-09-27,2025-09-27,9:30,14:25,11421,4117,30,347
全亞洲航空,D7378,KUL,TPE,2025-09-28,2025-09-28,9:30,14:25,11421,4117,30,347
全亞洲航空,D7378,TPE,KIX,2025-09-22,2025-09-22,15:50,19:30,10246,3865,30,347
全亞洲航空,D7378,TPE,KIX,2025-09-23,2025-09-23,15:50,19:30,10246,3865,30,347
全亞洲航空,D7378,TPE,KIX,2025-09-24,2025-09-24,15:50,19:30,10246,3865,30,347
全亞洲航空,D7378,TPE,KIX,2025-09-25,2025-09-25,15:50,19:30,10246,3865,30,347
全亞洲航空,D7378,TPE,KIX,2025-09-26,2025-09-26,15:50,19:30,10246,3865,30,347
全亞洲航空,D7378,TPE,KIX,2025-09-27,2025-09-27,15:50,19:30,10246,3865,30,347
全亞洲航空,D7378,TPE,KIX,2025-09-28,2025-09-28,15:50,19:30,10246,3865,30,347
全亞洲航空,D7379,TPE,KUL,2025-09-29,2025-09-29,1:25,6:15,10663,3559,30,347
全亞洲航空,D7379,TPE,KUL,2025-09-30,2025-09-30,1:25,6:15,10663,3559,30,347
全亞洲航空,D7379,TPE,KUL,2025-10-01,2025-10-01,1:25,6:15,10663,3559,30,347
全亞洲航空,D7379,TPE,KUL,2025-10-02,2025-10-02,1:25,6:15,10663,3559,30,347
全亞洲航空,D7379,TPE,KUL,2025-10-03,2025-10-03,1:25,6:15,10663,3559,30,347
全亞洲航空,D7379,TPE,KUL,2025-10-04,2025-10-04,1:25,6:15,10663,3559,30,347
全亞洲航空,D7379,TPE,KUL,2025-10-05,2025-10-05,1:25,6:15,10663,3559,30,347
全亞洲航空,D7378,KUL,TPE,2025-09-29,2025-09-29,9:30,14:25,11421,4117,30,347
全亞洲航空,D7378,KUL,TPE,2025-09-30,2025-09-30,9:30,14:25,11421,4117,30,347
全亞洲航空,D7378,KUL,TPE,2025-10-01,2025-10-01,9:30,14:25,11421,4117,30,347
全亞洲航空,D7378,KUL,TPE,2025-10-02,2025-10-02,9:30,14:25,11421,4117,30,347
全亞洲航空,D7378,KUL,TPE,2025-10-03,2025-10-03,9:30,14:25,11421,4117,30,347
全亞洲航空,D7378,KUL,TPE,2025-10-04,2025-10-04,9:30,14:25,11421,4117,30,347
全亞洲航空,D7378,KUL,TPE,2025-10-05,2025-10-05,9:30,14:25,11421,4117,30,347
全亞洲航空,D7378,TPE,KIX,2025-09-29,2025-09-29,15:50,19:30,10246,3865,30,347
全亞洲航空,D7378,TPE,KIX,2025-09-30,2025-09-30,15:50,19:30,10246,3865,30,347
全亞洲航空,D7378,TPE,KIX,2025-10-01,2025-10-01,15:50,19:30,10246,3865,30,347
全亞洲航空,D7378,TPE,KIX,2025-10-02,2025-10-02,15:50,19:30,10246,3865,30,347
全亞洲航空,D7378,TPE,KIX,2025-10-03,2025-10-03,15:50,19:30,10246,3865,30,347
全亞洲航空,D7378,TPE,KIX,2025-10-04,2025-10-04,15:50,19:30,10246,3865,30,347
全亞洲航空,D7378,TPE,KIX,2025-10-05,2025-10-05,15:50,19:30,10246,3865,30,347
全亞洲航空,D7379,TPE,KUL,2025-10-06,2025-10-06,1:25,6:15,10663,3559,30,347
全亞洲航空,D7379,TPE,KUL,2025-10-07,2025-10-07,1:25,6:15,10663,3559,30,347
全亞洲航空,D7379,TPE,KUL,2025-10-08,2025-10-08,1:25,6:15,10663,3559,30,347
全亞洲航空,D7379,TPE,KUL,2025-10-09,2025-10-09,1:25,6:15,10663,3559,30,347
全亞洲航空,D7379,TPE,KUL,2025-10-10,2025-10-10,1:25,6:15,10663,3559,30,347
全亞洲航空,D7379,TPE,KUL,2025-10-11,2025-10-11,1:25,6:15,10663,3559,30,347
全亞洲航空,D7379,TPE,KUL,2025-10-12,2025-10-12,1:25,6:15,10663,3559,30,347
全亞洲航空,D7378,KUL,TPE,2025-10-06,2025-10-06,9:30,14:25,11421,4117,30,347
全亞洲航空,D7378,KUL,TPE,2025-10-07,2025-10-07,9:30,14:25,11421,4117,30,347
全亞洲航空,D7378,KUL,TPE,2025-10-08,2025-10-08,9:30,14:25,11421,4117,30,347
全亞洲航空,D7378,KUL,TPE,2025-10-09,2025-10-09,9:30,14:25,11421,4117,30,347
全亞洲航空,D7378,KUL,TPE,2025-10-10,2025-10-10,9:30,14:25,11421,4117,30,347
全亞洲航空,D7378,KUL,TPE,2025-10-11,2025-10-11,9:30,14:25,11421,4117,30,347
全亞洲航空,D7378,KUL,TPE,2025-10-12,2025-10-12,9:30,14:25,11421,4117,30,347
全亞洲航空,D7378,TPE,KIX,2025-10-06,2025-10-06,15:50,19:30,10246,3865,30,347
全亞洲航空,D7378,TPE,KIX,2025-10-07,2025-10-07,15:50,19:30,10246,3865,30,347
全亞洲航空,D7378,TPE,KIX,2025-10-08,2025-10-08,15:50,19:30,10246,3865,30,347
全亞洲航空,D7378,TPE,KIX,2025-10-09,2025-10-09,15:50,19:30,10246,3865,30,347
全亞洲航空,D7378,TPE,KIX,2025-10-10,2025-10-10,15:50,19:30,10246,3865,30,347
全亞洲航空,D7378,TPE,KIX,2025-10-11,2025-10-11,15:50,19:30,10246,3865,30,347
全亞洲航空,D7378,TPE,KIX,2025-10-12,2025-10-12,15:50,19:30,10246,3865,30,347
全亞洲航空,D7379,TPE,KUL,2025-10-13,2025-10-13,1:25,6:15,10663,3559,30,347
全亞洲航空,D7379,TPE,KUL,2025-10-14,2025-10-14,1:25,6:15,10663,3559,30,347
全亞洲航空,D7379,TPE,KUL,2025-10-15,2025-10-15,1:25,6:15,10663,3559,30,347
全亞洲航空,D7379,TPE,KUL,2025-10-16,2025-10-16,1:25,6:15,10663,3559,30,347
全亞洲航空,D7379,TPE,KUL,2025-10-17,2025-10-17,1:25,6:15,10663,3559,30,347
全亞洲航空,D7379,TPE,KUL,2025-10-18,2025-10-18,1:25,6:15,10663,3559,30,347
全亞洲航空,D7379,TPE,KUL,2025-10-19,2025-10-19,1:25,6:15,10663,3559,30,347
全亞洲航空,D7378,KUL,TPE,2025-10-13,2025-10-13,9:30,14:25,11421,4117,30,347
全亞洲航空,D7378,KUL,TPE,2025-10-14,2025-10-14,9:30,14:25,11421,4117,30,347
全亞洲航空,D7378,KUL,TPE,2025-10-15,2025-10-15,9:30,14:25,11421,4117,30,347
全亞洲航空,D7378,KUL,TPE,2025-10-16,2025-10-16,9:30,14:25,11421,4117,30,347
全亞洲航空,D7378,KUL,TPE,2025-10-17,2025-10-17,9:30,14:25,11421,4117,30,347
全亞洲航空,D7378,KUL,TPE,2025-10-18,2025-10-18,9:30,14:25,11421,4117,30,347
全亞洲航空,D7378,KUL,TPE,2025-10-19,2025-10-19,9:30,14:25,11421,4117,30,347
全亞洲航空,D7378,TPE,KIX,2025-10-13,2025-10-13,15:50,19:30,10246,3865,30,347
全亞洲航空,D7378,TPE,KIX,2025-10-14,2025-10-14,15:50,19:30,10246,3865,30,347
全亞洲航空,D7378,TPE,KIX,2025-10-15,2025-10-15,15:50,19:30,10246,3865,30,347
全亞洲航空,D7378,TPE,KIX,2025-10-16,2025-10-16,15:50,19:30,10246,3865,30,347
全亞洲航空,D7378,TPE,KIX,2025-10-17,2025-10-17,15:50,19:30,10246,3865,30,347
全亞洲航空,D7378,TPE,KIX,2025-10-18,2025-10-18,15:50,19:30,10246,3865,30,347
全亞洲航空,D7378,TPE,KIX,2025-10-19,2025-10-19,15:50,19:30,10246,3865,30,347
全亞洲航空,D7379,TPE,KUL,2025-10-20,2025-10-20,1:25,6:15,10663,3559,30,347
全亞洲航空,D7379,TPE,KUL,2025-10-21,2025-10-21,1:25,6:15,10663,3559,30,347
全亞洲航空,D7379,TPE,KUL,2025-10-22,2025-10-22,1:25,6:15,10663,3559,30,347
全亞洲航空,D7379,TPE,KUL,2025-10-23,2025-10-23,1:25,6:15,10663,3559,30,347
全亞洲航空,D7379,TPE,KUL,2025-10-24,2025-10-24,1:25,6:15,10663,3559,30,347
全亞洲航空,D7379,TPE,KUL,2025-10-25,2025-10-25,1:25,6:15,10663,3559,30,347
全亞洲航空,D7379,TPE,KUL,2025-10-26,2025-10-26,1:25,6:15,10663,3559,30,347
全亞洲航空,D7378,KUL,TPE,2025-10-20,2025-10-20,9:30,14:25,11421,4117,30,347
全亞洲航空,D7378,KUL,TPE,2025-10-21,2025-10-21,9:30,14:25,11421,4117,30,347
全亞洲航空,D7378,KUL,TPE,2025-10-22,2025-10-22,9:30,14:25,11421,4117,30,347
全亞洲航空,D7378,KUL,TPE,2025-10-23,2025-10-23,9:30,14:25,11421,4117,30,347
全亞洲航空,D7378,KUL,TPE,2025-10-24,2025-10-24,9:30,14:25,11421,4117,30,347
全亞洲航空,D7378,KUL,TPE,2025-10-25,2025-10-25,9:30,14:25,11421,4117,30,347
全亞洲航空,D7378,KUL,TPE,2025-10-26,2025-10-26,9:30,14:25,11421,4117,30,347
全亞洲航空,D7378,TPE,KIX,2025-10-20,2025-10-20,15:50,19:30,10246,3865,30,347
全亞洲航空,D7378,TPE,KIX,2025-10-21,2025-10-21,15:50,19:30,10246,3865,30,347
全亞洲航空,D7378,TPE,KIX,2025-10-22,2025-10-22,15:50,19:30,10246,3865,30,347
全亞洲航空,D7378,TPE,KIX,2025-10-23,2025-10-23,15:50,19:30,10246,3865,30,347
全亞洲航空,D7378,TPE,KIX,2025-10-24,2025-10-24,15:50,19:30,10246,3865,30,347
全亞洲航空,D7378,TPE,KIX,2025-10-25,2025-10-25,15:50,19:30,10246,3865,30,347
全亞洲航空,D7378,TPE,KIX,2025-10-26,2025-10-26,15:50,19:30,10246,3865,30,347
全亞洲航空,D7379,TPE,KUL,2025-10-27,2025-10-27,1:25,6:15,10663,3559,30,347
全亞洲航空,D7379,TPE,KUL,2025-10-28,2025-10-28,1:25,6:15,10663,3559,30,347
全亞洲航空,D7379,TPE,KUL,2025-10-29,2025-10-29,1:25,6:15,10663,3559,30,347
全亞洲航空,D7379,TPE,KUL,2025-10-30,2025-10-30,1:25,6:15,10663,3559,30,347
全亞洲航空,D7379,TPE,KUL,2025-10-31,2025-10-31,1:25,6:15,10663,3559,30,347
全亞洲航空,D7379,TPE,KUL,2025-11-01,2025-11-01,1:25,6:15,10663,3559,30,347
全亞洲航空,D7379,TPE,KUL,2025-11-02,2025-11-02,1:25,6:15,10663,3559,30,347
全亞洲航空,D7378,KUL,TPE,2025-10-27,2025-10-27,9:30,14:25,11421,4117,30,347
全亞洲航空,D7378,KUL,TPE,2025-10-28,2025-10-28,9:30,14:25,11421,4117,30,347
全亞洲航空,D7378,KUL,TPE,2025-10-29,2025-10-29,9:30,14:25,11421,4117,30,347
全亞洲航空,D7378,KUL,TPE,2025-10-30,2025-10-30,9:30,14:25,11421,4117,30,347
全亞洲航空,D7378,KUL,TPE,2025-10-31,2025-10-31,9:30,14:25,11421,4117,30,347
全亞洲航空,D7378,KUL,TPE,2025-11-01,2025-11-01,9:30,14:25,11421,4117,30,347
全亞洲航空,D7378,KUL,TPE,2025-11-02,2025-11-02,9:30,14:25,11421,4117,30,347
全亞洲航空,D7378,TPE,KIX,2025-10-27,2025-10-27,15:50,19:30,10246,3865,30,347
全亞洲航空,D7378,TPE,KIX,2025-10-28,2025-10-28,15:50,19:30,10246,3865,30,347
全亞洲航空,D7378,TPE,KIX,2025-10-29,2025-10-29,15:50,19:30,10246,3865,30,347
全亞洲航空,D7378,TPE,KIX,2025-10-30,2025-10-30,15:50,19:30,10246,3865,30,347
全亞洲航空,D7378,TPE,KIX,2025-10-31,2025-10-31,15:50,19:30,10246,3865,30,347
全亞洲航空,D7378,TPE,KIX,2025-11-01,2025-11-01,15:50,19:30,10246,3865,30,347
全亞洲航空,D7378,TPE,KIX,2025-11-02,2025-11-02,15:50,19:30,10246,3865,30,347