宿霧航空,5J311,TPE,MNL,2024-10-28,2024-10-28,2:15,4:50,0,2636,0,180
宿霧航空,5J311,TPE,MNL,2024-10-30,2024-10-30,2:15,4:50,0,2636,0,180
宿霧航空,5J311,TPE,MNL,2024-10-31,2024-10-31,2:15,4:50,0,2636,0,180
宿霧航空,5J311,TPE,MNL,2024-11-01,2024-11-01,2:15,4:50,0,2636,0,180
宿霧航空,5J311,TPE,MNL,2024-11-02,2024-11-02,2:15,4:50,0,2636,0,180
宿霧航空,5J313,TPE,MNL,2024-10-28,2024-10-28,10:30,13:05,0,2667,0,180
宿霧航空,5J313,TPE,MNL,2024-10-29,2024-10-29,10:30,13:05,0,2667,0,180
宿霧航空,5J313,TPE,MNL,2024-10-30,2024-10-30,10:30,13:05,0,2667,0,180
宿霧航空,5J313,TPE,MNL,2024-10-31,2024-10-31,10:30,13:05,0,2667,0,180
宿霧航空,5J313,TPE,MNL,2024-11-01,2024-11-01,10:30,13:05,0,2667,0,180
宿霧航空,5J313,TPE,MNL,2024-11-02,2024-11-02,10:30,13:05,0,2667,0,180
宿霧航空,5J313,TPE,MNL,2024-11-03,2024-11-03,10:30,13:05,0,2667,0,180
宿霧航空,5J312,MNL,TPE,2024-10-28,2024-10-28,7:00,9:15,0,2636,0,180
宿霧航空,5J312,MNL,TPE,2024-10-29,2024-10-29,7:00,9:15,0,2636,0,180
宿霧航空,5J312,MNL,TPE,2024-10-30,2024-10-30,7:00,9:15,0,2636,0,180
宿霧航空,5J312,MNL,TPE,2024-10-31,2024-10-31,7:00,9:15,0,2636,0,180
宿霧航空,5J312,MNL,TPE,2024-11-01,2024-11-01,7:00,9:15,0,2636,0,180
宿霧航空,5J312,MNL,TPE,2024-11-02,2024-11-02,7:00,9:15,0,2636,0,180
宿霧航空,5J312,MNL,TPE,2024-11-03,2024-11-03,7:00,9:15,0,2636,0,180
宿霧航空,5J310,MNL,TPE,2024-10-28,2024-10-28,22:40,0:55,0,2667,0,180
宿霧航空,5J310,MNL,TPE,2024-10-29,2024-10-29,22:40,0:55,0,2667,0,180
宿霧航空,5J310,MNL,TPE,2024-10-31,2024-10-31,22:40,0:55,0,2667,0,180
宿霧航空,5J310,MNL,TPE,2024-11-01,2024-11-01,22:40,0:55,0,2667,0,180
宿霧航空,5J310,MNL,TPE,2024-11-03,2024-11-03,22:40,0:55,0,2667,0,180
宿霧航空,5J311,TPE,MNL,2024-11-04,2024-11-04,2:15,4:50,0,2636,0,180
宿霧航空,5J311,TPE,MNL,2024-11-06,2024-11-06,2:15,4:50,0,2636,0,180
宿霧航空,5J311,TPE,MNL,2024-11-07,2024-11-07,2:15,4:50,0,2636,0,180
宿霧航空,5J311,TPE,MNL,2024-11-08,2024-11-08,2:15,4:50,0,2636,0,180
宿霧航空,5J311,TPE,MNL,2024-11-09,2024-11-09,2:15,4:50,0,2636,0,180
宿霧航空,5J313,TPE,MNL,2024-11-04,2024-11-04,10:30,13:05,0,2667,0,180
宿霧航空,5J313,TPE,MNL,2024-11-05,2024-11-05,10:30,13:05,0,2667,0,180
宿霧航空,5J313,TPE,MNL,2024-11-06,2024-11-06,10:30,13:05,0,2667,0,180
宿霧航空,5J313,TPE,MNL,2024-11-07,2024-11-07,10:30,13:05,0,2667,0,180
宿霧航空,5J313,TPE,MNL,2024-11-08,2024-11-08,10:30,13:05,0,2667,0,180
宿霧航空,5J313,TPE,MNL,2024-11-09,2024-11-09,10:30,13:05,0,2667,0,180
宿霧航空,5J313,TPE,MNL,2024-11-10,2024-11-10,10:30,13:05,0,2667,0,180
宿霧航空,5J312,MNL,TPE,2024-11-04,2024-11-04,7:00,9:15,0,2636,0,180
宿霧航空,5J312,MNL,TPE,2024-11-05,2024-11-05,7:00,9:15,0,2636,0,180
宿霧航空,5J312,MNL,TPE,2024-11-06,2024-11-06,7:00,9:15,0,2636,0,180
宿霧航空,5J312,MNL,TPE,2024-11-07,2024-11-07,7:00,9:15,0,2636,0,180
宿霧航空,5J312,MNL,TPE,2024-11-08,2024-11-08,7:00,9:15,0,2636,0,180
宿霧航空,5J312,MNL,TPE,2024-11-09,2024-11-09,7:00,9:15,0,2636,0,180
宿霧航空,5J312,MNL,TPE,2024-11-10,2024-11-10,7:00,9:15,0,2636,0,180
宿霧航空,5J310,MNL,TPE,2024-11-04,2024-11-04,22:40,0:55,0,2667,0,180
宿霧航空,5J310,MNL,TPE,2024-11-05,2024-11-05,22:40,0:55,0,2667,0,180
宿霧航空,5J310,MNL,TPE,2024-11-07,2024-11-07,22:40,0:55,0,2667,0,180
宿霧航空,5J310,MNL,TPE,2024-11-08,2024-11-08,22:40,0:55,0,2667,0,180
宿霧航空,5J310,MNL,TPE,2024-11-10,2024-11-10,22:40,0:55,0,2667,0,180
宿霧航空,5J311,TPE,MNL,2024-11-11,2024-11-11,2:15,4:50,0,2636,0,180
宿霧航空,5J311,TPE,MNL,2024-11-13,2024-11-13,2:15,4:50,0,2636,0,180
宿霧航空,5J311,TPE,MNL,2024-11-14,2024-11-14,2:15,4:50,0,2636,0,180
宿霧航空,5J311,TPE,MNL,2024-11-15,2024-11-15,2:15,4:50,0,2636,0,180
宿霧航空,5J311,TPE,MNL,2024-11-16,2024-11-16,2:15,4:50,0,2636,0,180
宿霧航空,5J313,TPE,MNL,2024-11-11,2024-11-11,10:30,13:05,0,2667,0,180
宿霧航空,5J313,TPE,MNL,2024-11-12,2024-11-12,10:30,13:05,0,2667,0,180
宿霧航空,5J313,TPE,MNL,2024-11-13,2024-11-13,10:30,13:05,0,2667,0,180
宿霧航空,5J313,TPE,MNL,2024-11-14,2024-11-14,10:30,13:05,0,2667,0,180
宿霧航空,5J313,TPE,MNL,2024-11-15,2024-11-15,10:30,13:05,0,2667,0,180
宿霧航空,5J313,TPE,MNL,2024-11-16,2024-11-16,10:30,13:05,0,2667,0,180
宿霧航空,5J313,TPE,MNL,2024-11-17,2024-11-17,10:30,13:05,0,2667,0,180
宿霧航空,5J312,MNL,TPE,2024-11-11,2024-11-11,7:00,9:15,0,2636,0,180
宿霧航空,5J312,MNL,TPE,2024-11-12,2024-11-12,7:00,9:15,0,2636,0,180
宿霧航空,5J312,MNL,TPE,2024-11-13,2024-11-13,7:00,9:15,0,2636,0,180
宿霧航空,5J312,MNL,TPE,2024-11-14,2024-11-14,7:00,9:15,0,2636,0,180
宿霧航空,5J312,MNL,TPE,2024-11-15,2024-11-15,7:00,9:15,0,2636,0,180
宿霧航空,5J312,MNL,TPE,2024-11-16,2024-11-16,7:00,9:15,0,2636,0,180
宿霧航空,5J312,MNL,TPE,2024-11-17,2024-11-17,7:00,9:15,0,2636,0,180
宿霧航空,5J310,MNL,TPE,2024-11-11,2024-11-11,22:40,0:55,0,2667,0,180
宿霧航空,5J310,MNL,TPE,2024-11-12,2024-11-12,22:40,0:55,0,2667,0,180
宿霧航空,5J310,MNL,TPE,2024-11-14,2024-11-14,22:40,0:55,0,2667,0,180
宿霧航空,5J310,MNL,TPE,2024-11-15,2024-11-15,22:40,0:55,0,2667,0,180
宿霧航空,5J310,MNL,TPE,2024-11-17,2024-11-17,22:40,0:55,0,2667,0,180
宿霧航空,5J311,TPE,MNL,2024-11-18,2024-11-18,2:15,4:50,0,2636,0,180
宿霧航空,5J311,TPE,MNL,2024-11-20,2024-11-20,2:15,4:50,0,2636,0,180
宿霧航空,5J311,TPE,MNL,2024-11-21,2024-11-21,2:15,4:50,0,2636,0,180
宿霧航空,5J311,TPE,MNL,2024-11-22,2024-11-22,2:15,4:50,0,2636,0,180
宿霧航空,5J311,TPE,MNL,2024-11-23,2024-11-23,2:15,4:50,0,2636,0,180
宿霧航空,5J313,TPE,MNL,2024-11-18,2024-11-18,10:30,13:05,0,2667,0,180
宿霧航空,5J313,TPE,MNL,2024-11-19,2024-11-19,10:30,13:05,0,2667,0,180
宿霧航空,5J313,TPE,MNL,2024-11-20,2024-11-20,10:30,13:05,0,2667,0,180
宿霧航空,5J313,TPE,MNL,2024-11-21,2024-11-21,10:30,13:05,0,2667,0,180
宿霧航空,5J313,TPE,MNL,2024-11-22,2024-11-22,10:30,13:05,0,2667,0,180
宿霧航空,5J313,TPE,MNL,2024-11-23,2024-11-23,10:30,13:05,0,2667,0,180
宿霧航空,5J313,TPE,MNL,2024-11-24,2024-11-24,10:30,13:05,0,2667,0,180
宿霧航空,5J312,MNL,TPE,2024-11-18,2024-11-18,7:00,9:15,0,2636,0,180
宿霧航空,5J312,MNL,TPE,2024-11-19,2024-11-19,7:00,9:15,0,2636,0,180
宿霧航空,5J312,MNL,TPE,2024-11-20,2024-11-20,7:00,9:15,0,2636,0,180
宿霧航空,5J312,MNL,TPE,2024-11-21,2024-11-21,7:00,9:15,0,2636,0,180
宿霧航空,5J312,MNL,TPE,2024-11-22,2024-11-22,7:00,9:15,0,2636,0,180
宿霧航空,5J312,MNL,TPE,2024-11-23,2024-11-23,7:00,9:15,0,2636,0,180
宿霧航空,5J312,MNL,TPE,2024-11-24,2024-11-24,7:00,9:15,0,2636,0,180
宿霧航空,5J310,MNL,TPE,2024-11-18,2024-11-18,22:40,0:55,0,2667,0,180
宿霧航空,5J310,MNL,TPE,2024-11-19,2024-11-19,22:40,0:55,0,2667,0,180
宿霧航空,5J310,MNL,TPE,2024-11-21,2024-11-21,22:40,0:55,0,2667,0,180
宿霧航空,5J310,MNL,TPE,2024-11-22,2024-11-22,22:40,0:55,0,2667,0,180
宿霧航空,5J310,MNL,TPE,2024-11-24,2024-11-24,22:40,0:55,0,2667,0,180
宿霧航空,5J311,TPE,MNL,2024-11-25,2024-11-25,2:15,4:50,0,2636,0,180
宿霧航空,5J311,TPE,MNL,2024-11-27,2024-11-27,2:15,4:50,0,2636,0,180
宿霧航空,5J311,TPE,MNL,2024-11-28,2024-11-28,2:15,4:50,0,2636,0,180
宿霧航空,5J311,TPE,MNL,2024-11-29,2024-11-29,2:15,4:50,0,2636,0,180
宿霧航空,5J311,TPE,MNL,2024-11-30,2024-11-30,2:15,4:50,0,2636,0,180
宿霧航空,5J313,TPE,MNL,2024-11-25,2024-11-25,10:30,13:05,0,2667,0,180
宿霧航空,5J313,TPE,MNL,2024-11-26,2024-11-26,10:30,13:05,0,2667,0,180
宿霧航空,5J313,TPE,MNL,2024-11-27,2024-11-27,10:30,13:05,0,2667,0,180
宿霧航空,5J313,TPE,MNL,2024-11-28,2024-11-28,10:30,13:05,0,2667,0,180
宿霧航空,5J313,TPE,MNL,2024-11-29,2024-11-29,10:30,13:05,0,2667,0,180
宿霧航空,5J313,TPE,MNL,2024-11-30,2024-11-30,10:30,13:05,0,2667,0,180
宿霧航空,5J313,TPE,MNL,2024-12-01,2024-12-01,10:30,13:05,0,2667,0,180
宿霧航空,5J312,MNL,TPE,2024-11-25,2024-11-25,7:00,9:15,0,2636,0,180
宿霧航空,5J312,MNL,TPE,2024-11-26,2024-11-26,7:00,9:15,0,2636,0,180
宿霧航空,5J312,MNL,TPE,2024-11-27,2024-11-27,7:00,9:15,0,2636,0,180
宿霧航空,5J312,MNL,TPE,2024-11-28,2024-11-28,7:00,9:15,0,2636,0,180
宿霧航空,5J312,MNL,TPE,2024-11-29,2024-11-29,7:00,9:15,0,2636,0,180
宿霧航空,5J312,MNL,TPE,2024-11-30,2024-11-30,7:00,9:15,0,2636,0,180
宿霧航空,5J312,MNL,TPE,2024-12-01,2024-12-01,7:00,9:15,0,2636,0,180
宿霧航空,5J310,MNL,TPE,2024-11-25,2024-11-25,22:40,0:55,0,2667,0,180
宿霧航空,5J310,MNL,TPE,2024-11-26,2024-11-26,22:40,0:55,0,2667,0,180
宿霧航空,5J310,MNL,TPE,2024-11-28,2024-11-28,22:40,0:55,0,2667,0,180
宿霧航空,5J310,MNL,TPE,2024-11-29,2024-11-29,22:40,0:55,0,2667,0,180
宿霧航空,5J310,MNL,TPE,2024-12-01,2024-12-01,22:40,0:55,0,2667,0,180
宿霧航空,5J311,TPE,MNL,2024-12-02,2024-12-02,2:15,4:50,0,2636,0,180
宿霧航空,5J311,TPE,MNL,2024-12-04,2024-12-04,2:15,4:50,0,2636,0,180
宿霧航空,5J311,TPE,MNL,2024-12-05,2024-12-05,2:15,4:50,0,2636,0,180
宿霧航空,5J311,TPE,MNL,2024-12-06,2024-12-06,2:15,4:50,0,2636,0,180
宿霧航空,5J311,TPE,MNL,2024-12-07,2024-12-07,2:15,4:50,0,2636,0,180
宿霧航空,5J313,TPE,MNL,2024-12-02,2024-12-02,10:30,13:05,0,2667,0,180
宿霧航空,5J313,TPE,MNL,2024-12-03,2024-12-03,10:30,13:05,0,2667,0,180
宿霧航空,5J313,TPE,MNL,2024-12-04,2024-12-04,10:30,13:05,0,2667,0,180
宿霧航空,5J313,TPE,MNL,2024-12-05,2024-12-05,10:30,13:05,0,2667,0,180
宿霧航空,5J313,TPE,MNL,2024-12-06,2024-12-06,10:30,13:05,0,2667,0,180
宿霧航空,5J313,TPE,MNL,2024-12-07,2024-12-07,10:30,13:05,0,2667,0,180
宿霧航空,5J313,TPE,MNL,2024-12-08,2024-12-08,10:30,13:05,0,2667,0,180
宿霧航空,5J312,MNL,TPE,2024-12-02,2024-12-02,7:00,9:15,0,2636,0,180
宿霧航空,5J312,MNL,TPE,2024-12-03,2024-12-03,7:00,9:15,0,2636,0,180
宿霧航空,5J312,MNL,TPE,2024-12-04,2024-12-04,7:00,9:15,0,2636,0,180
宿霧航空,5J312,MNL,TPE,2024-12-05,2024-12-05,7:00,9:15,0,2636,0,180
宿霧航空,5J312,MNL,TPE,2024-12-06,2024-12-06,7:00,9:15,0,2636,0,180
宿霧航空,5J312,MNL,TPE,2024-12-07,2024-12-07,7:00,9:15,0,2636,0,180
宿霧航空,5J312,MNL,TPE,2024-12-08,2024-12-08,7:00,9:15,0,2636,0,180
宿霧航空,5J310,MNL,TPE,2024-12-02,2024-12-02,22:40,0:55,0,2667,0,180
宿霧航空,5J310,MNL,TPE,2024-12-03,2024-12-03,22:40,0:55,0,2667,0,180
宿霧航空,5J310,MNL,TPE,2024-12-05,2024-12-05,22:40,0:55,0,2667,0,180
宿霧航空,5J310,MNL,TPE,2024-12-06,2024-12-06,22:40,0:55,0,2667,0,180
宿霧航空,5J310,MNL,TPE,2024-12-08,2024-12-08,22:40,0:55,0,2667,0,180
宿霧航空,5J311,TPE,MNL,2024-12-09,2024-12-09,2:15,4:50,0,2636,0,180
宿霧航空,5J311,TPE,MNL,2024-12-11,2024-12-11,2:15,4:50,0,2636,0,180
宿霧航空,5J311,TPE,MNL,2024-12-12,2024-12-12,2:15,4:50,0,2636,0,180
宿霧航空,5J311,TPE,MNL,2024-12-13,2024-12-13,2:15,4:50,0,2636,0,180
宿霧航空,5J311,TPE,MNL,2024-12-14,2024-12-14,2:15,4:50,0,2636,0,180
宿霧航空,5J313,TPE,MNL,2024-12-09,2024-12-09,10:30,13:05,0,2667,0,180
宿霧航空,5J313,TPE,MNL,2024-12-10,2024-12-10,10:30,13:05,0,2667,0,180
宿霧航空,5J313,TPE,MNL,2024-12-11,2024-12-11,10:30,13:05,0,2667,0,180
宿霧航空,5J313,TPE,MNL,2024-12-12,2024-12-12,10:30,13:05,0,2667,0,180
宿霧航空,5J313,TPE,MNL,2024-12-13,2024-12-13,10:30,13:05,0,2667,0,180
宿霧航空,5J313,TPE,MNL,2024-12-14,2024-12-14,10:30,13:05,0,2667,0,180
宿霧航空,5J313,TPE,MNL,2024-12-15,2024-12-15,10:30,13:05,0,2667,0,180
宿霧航空,5J312,MNL,TPE,2024-12-09,2024-12-09,7:00,9:15,0,2636,0,180
宿霧航空,5J312,MNL,TPE,2024-12-10,2024-12-10,7:00,9:15,0,2636,0,180
宿霧航空,5J312,MNL,TPE,2024-12-11,2024-12-11,7:00,9:15,0,2636,0,180
宿霧航空,5J312,MNL,TPE,2024-12-12,2024-12-12,7:00,9:15,0,2636,0,180
宿霧航空,5J312,MNL,TPE,2024-12-13,2024-12-13,7:00,9:15,0,2636,0,180
宿霧航空,5J312,MNL,TPE,2024-12-14,2024-12-14,7:00,9:15,0,2636,0,180
宿霧航空,5J312,MNL,TPE,2024-12-15,2024-12-15,7:00,9:15,0,2636,0,180
宿霧航空,5J310,MNL,TPE,2024-12-09,2024-12-09,22:40,0:55,0,2667,0,180
宿霧航空,5J310,MNL,TPE,2024-12-10,2024-12-10,22:40,0:55,0,2667,0,180
宿霧航空,5J310,MNL,TPE,2024-12-12,2024-12-12,22:40,0:55,0,2667,0,180
宿霧航空,5J310,MNL,TPE,2024-12-13,2024-12-13,22:40,0:55,0,2667,0,180
宿霧航空,5J310,MNL,TPE,2024-12-15,2024-12-15,22:40,0:55,0,2667,0,180
宿霧航空,5J311,TPE,MNL,2024-12-16,2024-12-16,2:15,4:50,0,2636,0,180
宿霧航空,5J311,TPE,MNL,2024-12-18,2024-12-18,2:15,4:50,0,2636,0,180
宿霧航空,5J311,TPE,MNL,2024-12-19,2024-12-19,2:15,4:50,0,2636,0,180
宿霧航空,5J311,TPE,MNL,2024-12-20,2024-12-20,2:15,4:50,0,2636,0,180
宿霧航空,5J311,TPE,MNL,2024-12-21,2024-12-21,2:15,4:50,0,2636,0,180
宿霧航空,5J313,TPE,MNL,2024-12-16,2024-12-16,10:30,13:05,0,2667,0,180
宿霧航空,5J313,TPE,MNL,2024-12-17,2024-12-17,10:30,13:05,0,2667,0,180
宿霧航空,5J313,TPE,MNL,2024-12-18,2024-12-18,10:30,13:05,0,2667,0,180
宿霧航空,5J313,TPE,MNL,2024-12-19,2024-12-19,10:30,13:05,0,2667,0,180
宿霧航空,5J313,TPE,MNL,2024-12-20,2024-12-20,10:30,13:05,0,2667,0,180
宿霧航空,5J313,TPE,MNL,2024-12-21,2024-12-21,10:30,13:05,0,2667,0,180
宿霧航空,5J313,TPE,MNL,2024-12-22,2024-12-22,10:30,13:05,0,2667,0,180
宿霧航空,5J312,MNL,TPE,2024-12-16,2024-12-16,7:00,9:15,0,2636,0,180
宿霧航空,5J312,MNL,TPE,2024-12-17,2024-12-17,7:00,9:15,0,2636,0,180
宿霧航空,5J312,MNL,TPE,2024-12-18,2024-12-18,7:00,9:15,0,2636,0,180
宿霧航空,5J312,MNL,TPE,2024-12-19,2024-12-19,7:00,9:15,0,2636,0,180
宿霧航空,5J312,MNL,TPE,2024-12-20,2024-12-20,7:00,9:15,0,2636,0,180
宿霧航空,5J312,MNL,TPE,2024-12-21,2024-12-21,7:00,9:15,0,2636,0,180
宿霧航空,5J312,MNL,TPE,2024-12-22,2024-12-22,7:00,9:15,0,2636,0,180
宿霧航空,5J310,MNL,TPE,2024-12-16,2024-12-16,22:40,0:55,0,2667,0,180
宿霧航空,5J310,MNL,TPE,2024-12-17,2024-12-17,22:40,0:55,0,2667,0,180
宿霧航空,5J310,MNL,TPE,2024-12-19,2024-12-19,22:40,0:55,0,2667,0,180
宿霧航空,5J310,MNL,TPE,2024-12-20,2024-12-20,22:40,0:55,0,2667,0,180
宿霧航空,5J310,MNL,TPE,2024-12-22,2024-12-22,22:40,0:55,0,2667,0,180
宿霧航空,5J311,TPE,MNL,2024-12-23,2024-12-23,2:15,4:50,0,2636,0,180
宿霧航空,5J311,TPE,MNL,2024-12-25,2024-12-25,2:15,4:50,0,2636,0,180
宿霧航空,5J311,TPE,MNL,2024-12-26,2024-12-26,2:15,4:50,0,2636,0,180
宿霧航空,5J311,TPE,MNL,2024-12-27,2024-12-27,2:15,4:50,0,2636,0,180
宿霧航空,5J311,TPE,MNL,2024-12-28,2024-12-28,2:15,4:50,0,2636,0,180
宿霧航空,5J313,TPE,MNL,2024-12-23,2024-12-23,10:30,13:05,0,2667,0,180
宿霧航空,5J313,TPE,MNL,2024-12-24,2024-12-24,10:30,13:05,0,2667,0,180
宿霧航空,5J313,TPE,MNL,2024-12-25,2024-12-25,10:30,13:05,0,2667,0,180
宿霧航空,5J313,TPE,MNL,2024-12-26,2024-12-26,10:30,13:05,0,2667,0,180
宿霧航空,5J313,TPE,MNL,2024-12-27,2024-12-27,10:30,13:05,0,2667,0,180
宿霧航空,5J313,TPE,MNL,2024-12-28,2024-12-28,10:30,13:05,0,2667,0,180
宿霧航空,5J313,TPE,MNL,2024-12-29,2024-12-29,10:30,13:05,0,2667,0,180
宿霧航空,5J312,MNL,TPE,2024-12-23,2024-12-23,7:00,9:15,0,2636,0,180
宿霧航空,5J312,MNL,TPE,2024-12-24,2024-12-24,7:00,9:15,0,2636,0,180
宿霧航空,5J312,MNL,TPE,2024-12-25,2024-12-25,7:00,9:15,0,2636,0,180
宿霧航空,5J312,MNL,TPE,2024-12-26,2024-12-26,7:00,9:15,0,2636,0,180
宿霧航空,5J312,MNL,TPE,2024-12-27,2024-12-27,7:00,9:15,0,2636,0,180
宿霧航空,5J312,MNL,TPE,2024-12-28,2024-12-28,7:00,9:15,0,2636,0,180
宿霧航空,5J312,MNL,TPE,2024-12-29,2024-12-29,7:00,9:15,0,2636,0,180
宿霧航空,5J310,MNL,TPE,2024-12-23,2024-12-23,22:40,0:55,0,2667,0,180
宿霧航空,5J310,MNL,TPE,2024-12-24,2024-12-24,22:40,0:55,0,2667,0,180
宿霧航空,5J310,MNL,TPE,2024-12-26,2024-12-26,22:40,0:55,0,2667,0,180
宿霧航空,5J310,MNL,TPE,2024-12-27,2024-12-27,22:40,0:55,0,2667,0,180
宿霧航空,5J310,MNL,TPE,2024-12-29,2024-12-29,22:40,0:55,0,2667,0,180
宿霧航空,5J311,TPE,MNL,2024-12-30,2024-12-30,2:15,4:50,0,2636,0,180
宿霧航空,5J311,TPE,MNL,2025-01-01,2025-01-01,2:15,4:50,0,2636,0,180
宿霧航空,5J311,TPE,MNL,2025-01-02,2025-01-02,2:15,4:50,0,2636,0,180
宿霧航空,5J311,TPE,MNL,2025-01-03,2025-01-03,2:15,4:50,0,2636,0,180
宿霧航空,5J311,TPE,MNL,2025-01-04,2025-01-04,2:15,4:50,0,2636,0,180
宿霧航空,5J313,TPE,MNL,2024-12-30,2024-12-30,10:30,13:05,0,2667,0,180
宿霧航空,5J313,TPE,MNL,2024-12-31,2024-12-31,10:30,13:05,0,2667,0,180
宿霧航空,5J313,TPE,MNL,2025-01-01,2025-01-01,10:30,13:05,0,2667,0,180
宿霧航空,5J313,TPE,MNL,2025-01-02,2025-01-02,10:30,13:05,0,2667,0,180
宿霧航空,5J313,TPE,MNL,2025-01-03,2025-01-03,10:30,13:05,0,2667,0,180
宿霧航空,5J313,TPE,MNL,2025-01-04,2025-01-04,10:30,13:05,0,2667,0,180
宿霧航空,5J313,TPE,MNL,2025-01-05,2025-01-05,10:30,13:05,0,2667,0,180
宿霧航空,5J312,MNL,TPE,2024-12-30,2024-12-30,7:00,9:15,0,2636,0,180
宿霧航空,5J312,MNL,TPE,2024-12-31,2024-12-31,7:00,9:15,0,2636,0,180
宿霧航空,5J312,MNL,TPE,2025-01-01,2025-01-01,7:00,9:15,0,2636,0,180
宿霧航空,5J312,MNL,TPE,2025-01-02,2025-01-02,7:00,9:15,0,2636,0,180
宿霧航空,5J312,MNL,TPE,2025-01-03,2025-01-03,7:00,9:15,0,2636,0,180
宿霧航空,5J312,MNL,TPE,2025-01-04,2025-01-04,7:00,9:15,0,2636,0,180
宿霧航空,5J312,MNL,TPE,2025-01-05,2025-01-05,7:00,9:15,0,2636,0,180
宿霧航空,5J310,MNL,TPE,2024-12-30,2024-12-30,22:40,0:55,0,2667,0,180
宿霧航空,5J310,MNL,TPE,2024-12-31,2024-12-31,22:40,0:55,0,2667,0,180
宿霧航空,5J310,MNL,TPE,2025-01-02,2025-01-02,22:40,0:55,0,2667,0,180
宿霧航空,5J310,MNL,TPE,2025-01-03,2025-01-03,22:40,0:55,0,2667,0,180
宿霧航空,5J310,MNL,TPE,2025-01-05,2025-01-05,22:40,0:55,0,2667,0,180
宿霧航空,5J311,TPE,MNL,2025-01-06,2025-01-06,2:15,4:50,0,2636,0,180
宿霧航空,5J311,TPE,MNL,2025-01-08,2025-01-08,2:15,4:50,0,2636,0,180
宿霧航空,5J311,TPE,MNL,2025-01-09,2025-01-09,2:15,4:50,0,2636,0,180
宿霧航空,5J311,TPE,MNL,2025-01-10,2025-01-10,2:15,4:50,0,2636,0,180
宿霧航空,5J311,TPE,MNL,2025-01-11,2025-01-11,2:15,4:50,0,2636,0,180
宿霧航空,5J313,TPE,MNL,2025-01-06,2025-01-06,10:30,13:05,0,2667,0,180
宿霧航空,5J313,TPE,MNL,2025-01-07,2025-01-07,10:30,13:05,0,2667,0,180
宿霧航空,5J313,TPE,MNL,2025-01-08,2025-01-08,10:30,13:05,0,2667,0,180
宿霧航空,5J313,TPE,MNL,2025-01-09,2025-01-09,10:30,13:05,0,2667,0,180
宿霧航空,5J313,TPE,MNL,2025-01-10,2025-01-10,10:30,13:05,0,2667,0,180
宿霧航空,5J313,TPE,MNL,2025-01-11,2025-01-11,10:30,13:05,0,2667,0,180
宿霧航空,5J313,TPE,MNL,2025-01-12,2025-01-12,10:30,13:05,0,2667,0,180
宿霧航空,5J312,MNL,TPE,2025-01-06,2025-01-06,7:00,9:15,0,2636,0,180
宿霧航空,5J312,MNL,TPE,2025-01-07,2025-01-07,7:00,9:15,0,2636,0,180
宿霧航空,5J312,MNL,TPE,2025-01-08,2025-01-08,7:00,9:15,0,2636,0,180
宿霧航空,5J312,MNL,TPE,2025-01-09,2025-01-09,7:00,9:15,0,2636,0,180
宿霧航空,5J312,MNL,TPE,2025-01-10,2025-01-10,7:00,9:15,0,2636,0,180
宿霧航空,5J312,MNL,TPE,2025-01-11,2025-01-11,7:00,9:15,0,2636,0,180
宿霧航空,5J312,MNL,TPE,2025-01-12,2025-01-12,7:00,9:15,0,2636,0,180
宿霧航空,5J310,MNL,TPE,2025-01-06,2025-01-06,22:40,0:55,0,2667,0,180
宿霧航空,5J310,MNL,TPE,2025-01-07,2025-01-07,22:40,0:55,0,2667,0,180
宿霧航空,5J310,MNL,TPE,2025-01-09,2025-01-09,22:40,0:55,0,2667,0,180
宿霧航空,5J310,MNL,TPE,2025-01-10,2025-01-10,22:40,0:55,0,2667,0,180
宿霧航空,5J310,MNL,TPE,2025-01-12,2025-01-12,22:40,0:55,0,2667,0,180
宿霧航空,5J311,TPE,MNL,2025-01-13,2025-01-13,2:15,4:50,0,2636,0,180
宿霧航空,5J311,TPE,MNL,2025-01-15,2025-01-15,2:15,4:50,0,2636,0,180
宿霧航空,5J311,TPE,MNL,2025-01-16,2025-01-16,2:15,4:50,0,2636,0,180
宿霧航空,5J311,TPE,MNL,2025-01-17,2025-01-17,2:15,4:50,0,2636,0,180
宿霧航空,5J311,TPE,MNL,2025-01-18,2025-01-18,2:15,4:50,0,2636,0,180
宿霧航空,5J313,TPE,MNL,2025-01-13,2025-01-13,10:30,13:05,0,2667,0,180
宿霧航空,5J313,TPE,MNL,2025-01-14,2025-01-14,10:30,13:05,0,2667,0,180
宿霧航空,5J313,TPE,MNL,2025-01-15,2025-01-15,10:30,13:05,0,2667,0,180
宿霧航空,5J313,TPE,MNL,2025-01-16,2025-01-16,10:30,13:05,0,2667,0,180
宿霧航空,5J313,TPE,MNL,2025-01-17,2025-01-17,10:30,13:05,0,2667,0,180
宿霧航空,5J313,TPE,MNL,2025-01-18,2025-01-18,10:30,13:05,0,2667,0,180
宿霧航空,5J313,TPE,MNL,2025-01-19,2025-01-19,10:30,13:05,0,2667,0,180
宿霧航空,5J312,MNL,TPE,2025-01-13,2025-01-13,7:00,9:15,0,2636,0,180
宿霧航空,5J312,MNL,TPE,2025-01-14,2025-01-14,7:00,9:15,0,2636,0,180
宿霧航空,5J312,MNL,TPE,2025-01-15,2025-01-15,7:00,9:15,0,2636,0,180
宿霧航空,5J312,MNL,TPE,2025-01-16,2025-01-16,7:00,9:15,0,2636,0,180
宿霧航空,5J312,MNL,TPE,2025-01-17,2025-01-17,7:00,9:15,0,2636,0,180
宿霧航空,5J312,MNL,TPE,2025-01-18,2025-01-18,7:00,9:15,0,2636,0,180
宿霧航空,5J312,MNL,TPE,2025-01-19,2025-01-19,7:00,9:15,0,2636,0,180
宿霧航空,5J310,MNL,TPE,2025-01-13,2025-01-13,22:40,0:55,0,2667,0,180
宿霧航空,5J310,MNL,TPE,2025-01-14,2025-01-14,22:40,0:55,0,2667,0,180
宿霧航空,5J310,MNL,TPE,2025-01-16,2025-01-16,22:40,0:55,0,2667,0,180
宿霧航空,5J310,MNL,TPE,2025-01-17,2025-01-17,22:40,0:55,0,2667,0,180
宿霧航空,5J310,MNL,TPE,2025-01-19,2025-01-19,22:40,0:55,0,2667,0,180
宿霧航空,5J311,TPE,MNL,2025-01-20,2025-01-20,2:15,4:50,0,2636,0,180
宿霧航空,5J311,TPE,MNL,2025-01-22,2025-01-22,2:15,4:50,0,2636,0,180
宿霧航空,5J311,TPE,MNL,2025-01-23,2025-01-23,2:15,4:50,0,2636,0,180
宿霧航空,5J311,TPE,MNL,2025-01-24,2025-01-24,2:15,4:50,0,2636,0,180
宿霧航空,5J311,TPE,MNL,2025-01-25,2025-01-25,2:15,4:50,0,2636,0,180
宿霧航空,5J313,TPE,MNL,2025-01-20,2025-01-20,10:30,13:05,0,2667,0,180
宿霧航空,5J313,TPE,MNL,2025-01-21,2025-01-21,10:30,13:05,0,2667,0,180
宿霧航空,5J313,TPE,MNL,2025-01-22,2025-01-22,10:30,13:05,0,2667,0,180
宿霧航空,5J313,TPE,MNL,2025-01-23,2025-01-23,10:30,13:05,0,2667,0,180
宿霧航空,5J313,TPE,MNL,2025-01-24,2025-01-24,10:30,13:05,0,2667,0,180
宿霧航空,5J313,TPE,MNL,2025-01-25,2025-01-25,10:30,13:05,0,2667,0,180
宿霧航空,5J313,TPE,MNL,2025-01-26,2025-01-26,10:30,13:05,0,2667,0,180
宿霧航空,5J312,MNL,TPE,2025-01-20,2025-01-20,7:00,9:15,0,2636,0,180
宿霧航空,5J312,MNL,TPE,2025-01-21,2025-01-21,7:00,9:15,0,2636,0,180
宿霧航空,5J312,MNL,TPE,2025-01-22,2025-01-22,7:00,9:15,0,2636,0,180
宿霧航空,5J312,MNL,TPE,2025-01-23,2025-01-23,7:00,9:15,0,2636,0,180
宿霧航空,5J312,MNL,TPE,2025-01-24,2025-01-24,7:00,9:15,0,2636,0,180
宿霧航空,5J312,MNL,TPE,2025-01-25,2025-01-25,7:00,9:15,0,2636,0,180
宿霧航空,5J312,MNL,TPE,2025-01-26,2025-01-26,7:00,9:15,0,2636,0,180
宿霧航空,5J310,MNL,TPE,2025-01-20,2025-01-20,22:40,0:55,0,2667,0,180
宿霧航空,5J310,MNL,TPE,2025-01-21,2025-01-21,22:40,0:55,0,2667,0,180
宿霧航空,5J310,MNL,TPE,2025-01-23,2025-01-23,22:40,0:55,0,2667,0,180
宿霧航空,5J310,MNL,TPE,2025-01-24,2025-01-24,22:40,0:55,0,2667,0,180
宿霧航空,5J310,MNL,TPE,2025-01-26,2025-01-26,22:40,0:55,0,2667,0,180
宿霧航空,5J311,TPE,MNL,2025-01-27,2025-01-27,2:15,4:50,0,2636,0,180
宿霧航空,5J311,TPE,MNL,2025-01-29,2025-01-29,2:15,4:50,0,2636,0,180
宿霧航空,5J311,TPE,MNL,2025-01-30,2025-01-30,2:15,4:50,0,2636,0,180
宿霧航空,5J311,TPE,MNL,2025-01-31,2025-01-31,2:15,4:50,0,2636,0,180
宿霧航空,5J311,TPE,MNL,2025-02-01,2025-02-01,2:15,4:50,0,2636,0,180
宿霧航空,5J313,TPE,MNL,2025-01-27,2025-01-27,10:30,13:05,0,2667,0,180
宿霧航空,5J313,TPE,MNL,2025-01-28,2025-01-28,10:30,13:05,0,2667,0,180
宿霧航空,5J313,TPE,MNL,2025-01-29,2025-01-29,10:30,13:05,0,2667,0,180
宿霧航空,5J313,TPE,MNL,2025-01-30,2025-01-30,10:30,13:05,0,2667,0,180
宿霧航空,5J313,TPE,MNL,2025-01-31,2025-01-31,10:30,13:05,0,2667,0,180
宿霧航空,5J313,TPE,MNL,2025-02-01,2025-02-01,10:30,13:05,0,2667,0,180
宿霧航空,5J313,TPE,MNL,2025-02-02,2025-02-02,10:30,13:05,0,2667,0,180
宿霧航空,5J312,MNL,TPE,2025-01-27,2025-01-27,7:00,9:15,0,2636,0,180
宿霧航空,5J312,MNL,TPE,2025-01-28,2025-01-28,7:00,9:15,0,2636,0,180
宿霧航空,5J312,MNL,TPE,2025-01-29,2025-01-29,7:00,9:15,0,2636,0,180
宿霧航空,5J312,MNL,TPE,2025-01-30,2025-01-30,7:00,9:15,0,2636,0,180
宿霧航空,5J312,MNL,TPE,2025-01-31,2025-01-31,7:00,9:15,0,2636,0,180
宿霧航空,5J312,MNL,TPE,2025-02-01,2025-02-01,7:00,9:15,0,2636,0,180
宿霧航空,5J312,MNL,TPE,2025-02-02,2025-02-02,7:00,9:15,0,2636,0,180
宿霧航空,5J310,MNL,TPE,2025-01-27,2025-01-27,22:40,0:55,0,2667,0,180
宿霧航空,5J310,MNL,TPE,2025-01-28,2025-01-28,22:40,0:55,0,2667,0,180
宿霧航空,5J310,MNL,TPE,2025-01-30,2025-01-30,22:40,0:55,0,2667,0,180
宿霧航空,5J310,MNL,TPE,2025-01-31,2025-01-31,22:40,0:55,0,2667,0,180
宿霧航空,5J310,MNL,TPE,2025-02-02,2025-02-02,22:40,0:55,0,2667,0,180
宿霧航空,5J311,TPE,MNL,2025-02-03,2025-02-03,2:15,4:50,0,2636,0,180
宿霧航空,5J311,TPE,MNL,2025-02-05,2025-02-05,2:15,4:50,0,2636,0,180
宿霧航空,5J311,TPE,MNL,2025-02-06,2025-02-06,2:15,4:50,0,2636,0,180
宿霧航空,5J311,TPE,MNL,2025-02-07,2025-02-07,2:15,4:50,0,2636,0,180
宿霧航空,5J311,TPE,MNL,2025-02-08,2025-02-08,2:15,4:50,0,2636,0,180
宿霧航空,5J313,TPE,MNL,2025-02-03,2025-02-03,10:30,13:05,0,2667,0,180
宿霧航空,5J313,TPE,MNL,2025-02-04,2025-02-04,10:30,13:05,0,2667,0,180
宿霧航空,5J313,TPE,MNL,2025-02-05,2025-02-05,10:30,13:05,0,2667,0,180
宿霧航空,5J313,TPE,MNL,2025-02-06,2025-02-06,10:30,13:05,0,2667,0,180
宿霧航空,5J313,TPE,MNL,2025-02-07,2025-02-07,10:30,13:05,0,2667,0,180
宿霧航空,5J313,TPE,MNL,2025-02-08,2025-02-08,10:30,13:05,0,2667,0,180
宿霧航空,5J313,TPE,MNL,2025-02-09,2025-02-09,10:30,13:05,0,2667,0,180
宿霧航空,5J312,MNL,TPE,2025-02-03,2025-02-03,7:00,9:15,0,2636,0,180
宿霧航空,5J312,MNL,TPE,2025-02-04,2025-02-04,7:00,9:15,0,2636,0,180
宿霧航空,5J312,MNL,TPE,2025-02-05,2025-02-05,7:00,9:15,0,2636,0,180
宿霧航空,5J312,MNL,TPE,2025-02-06,2025-02-06,7:00,9:15,0,2636,0,180
宿霧航空,5J312,MNL,TPE,2025-02-07,2025-02-07,7:00,9:15,0,2636,0,180
宿霧航空,5J312,MNL,TPE,2025-02-08,2025-02-08,7:00,9:15,0,2636,0,180
宿霧航空,5J312,MNL,TPE,2025-02-09,2025-02-09,7:00,9:15,0,2636,0,180
宿霧航空,5J310,MNL,TPE,2025-02-03,2025-02-03,22:40,0:55,0,2667,0,180
宿霧航空,5J310,MNL,TPE,2025-02-04,2025-02-04,22:40,0:55,0,2667,0,180
宿霧航空,5J310,MNL,TPE,2025-02-06,2025-02-06,22:40,0:55,0,2667,0,180
宿霧航空,5J310,MNL,TPE,2025-02-07,2025-02-07,22:40,0:55,0,2667,0,180
宿霧航空,5J310,MNL,TPE,2025-02-09,2025-02-09,22:40,0:55,0,2667,0,180
宿霧航空,5J311,TPE,MNL,2025-02-10,2025-02-10,2:15,4:50,0,2636,0,180
宿霧航空,5J311,TPE,MNL,2025-02-12,2025-02-12,2:15,4:50,0,2636,0,180
宿霧航空,5J311,TPE,MNL,2025-02-13,2025-02-13,2:15,4:50,0,2636,0,180
宿霧航空,5J311,TPE,MNL,2025-02-14,2025-02-14,2:15,4:50,0,2636,0,180
宿霧航空,5J311,TPE,MNL,2025-02-15,2025-02-15,2:15,4:50,0,2636,0,180
宿霧航空,5J313,TPE,MNL,2025-02-10,2025-02-10,10:30,13:05,0,2667,0,180
宿霧航空,5J313,TPE,MNL,2025-02-11,2025-02-11,10:30,13:05,0,2667,0,180
宿霧航空,5J313,TPE,MNL,2025-02-12,2025-02-12,10:30,13:05,0,2667,0,180
宿霧航空,5J313,TPE,MNL,2025-02-13,2025-02-13,10:30,13:05,0,2667,0,180
宿霧航空,5J313,TPE,MNL,2025-02-14,2025-02-14,10:30,13:05,0,2667,0,180
宿霧航空,5J313,TPE,MNL,2025-02-15,2025-02-15,10:30,13:05,0,2667,0,180
宿霧航空,5J313,TPE,MNL,2025-02-16,2025-02-16,10:30,13:05,0,2667,0,180
宿霧航空,5J312,MNL,TPE,2025-02-10,2025-02-10,7:00,9:15,0,2636,0,180
宿霧航空,5J312,MNL,TPE,2025-02-11,2025-02-11,7:00,9:15,0,2636,0,180
宿霧航空,5J312,MNL,TPE,2025-02-12,2025-02-12,7:00,9:15,0,2636,0,180
宿霧航空,5J312,MNL,TPE,2025-02-13,2025-02-13,7:00,9:15,0,2636,0,180
宿霧航空,5J312,MNL,TPE,2025-02-14,2025-02-14,7:00,9:15,0,2636,0,180
宿霧航空,5J312,MNL,TPE,2025-02-15,2025-02-15,7:00,9:15,0,2636,0,180
宿霧航空,5J312,MNL,TPE,2025-02-16,2025-02-16,7:00,9:15,0,2636,0,180
宿霧航空,5J310,MNL,TPE,2025-02-10,2025-02-10,22:40,0:55,0,2667,0,180
宿霧航空,5J310,MNL,TPE,2025-02-11,2025-02-11,22:40,0:55,0,2667,0,180
宿霧航空,5J310,MNL,TPE,2025-02-13,2025-02-13,22:40,0:55,0,2667,0,180
宿霧航空,5J310,MNL,TPE,2025-02-14,2025-02-14,22:40,0:55,0,2667,0,180
宿霧航空,5J310,MNL,TPE,2025-02-16,2025-02-16,22:40,0:55,0,2667,0,180
宿霧航空,5J311,TPE,MNL,2025-02-17,2025-02-17,2:15,4:50,0,2636,0,180
宿霧航空,5J311,TPE,MNL,2025-02-19,2025-02-19,2:15,4:50,0,2636,0,180
宿霧航空,5J311,TPE,MNL,2025-02-20,2025-02-20,2:15,4:50,0,2636,0,180
宿霧航空,5J311,TPE,MNL,2025-02-21,2025-02-21,2:15,4:50,0,2636,0,180
宿霧航空,5J311,TPE,MNL,2025-02-22,2025-02-22,2:15,4:50,0,2636,0,180
宿霧航空,5J313,TPE,MNL,2025-02-17,2025-02-17,10:30,13:05,0,2667,0,180
宿霧航空,5J313,TPE,MNL,2025-02-18,2025-02-18,10:30,13:05,0,2667,0,180
宿霧航空,5J313,TPE,MNL,2025-02-19,2025-02-19,10:30,13:05,0,2667,0,180
宿霧航空,5J313,TPE,MNL,2025-02-20,2025-02-20,10:30,13:05,0,2667,0,180
宿霧航空,5J313,TPE,MNL,2025-02-21,2025-02-21,10:30,13:05,0,2667,0,180
宿霧航空,5J313,TPE,MNL,2025-02-22,2025-02-22,10:30,13:05,0,2667,0,180
宿霧航空,5J313,TPE,MNL,2025-02-23,2025-02-23,10:30,13:05,0,2667,0,180
宿霧航空,5J312,MNL,TPE,2025-02-17,2025-02-17,7:00,9:15,0,2636,0,180
宿霧航空,5J312,MNL,TPE,2025-02-18,2025-02-18,7:00,9:15,0,2636,0,180
宿霧航空,5J312,MNL,TPE,2025-02-19,2025-02-19,7:00,9:15,0,2636,0,180
宿霧航空,5J312,MNL,TPE,2025-02-20,2025-02-20,7:00,9:15,0,2636,0,180
宿霧航空,5J312,MNL,TPE,2025-02-21,2025-02-21,7:00,9:15,0,2636,0,180
宿霧航空,5J312,MNL,TPE,2025-02-22,2025-02-22,7:00,9:15,0,2636,0,180
宿霧航空,5J312,MNL,TPE,2025-02-23,2025-02-23,7:00,9:15,0,2636,0,180
宿霧航空,5J310,MNL,TPE,2025-02-17,2025-02-17,22:40,0:55,0,2667,0,180
宿霧航空,5J310,MNL,TPE,2025-02-18,2025-02-18,22:40,0:55,0,2667,0,180
宿霧航空,5J310,MNL,TPE,2025-02-20,2025-02-20,22:40,0:55,0,2667,0,180
宿霧航空,5J310,MNL,TPE,2025-02-21,2025-02-21,22:40,0:55,0,2667,0,180
宿霧航空,5J310,MNL,TPE,2025-02-23,2025-02-23,22:40,0:55,0,2667,0,180
宿霧航空,5J311,TPE,MNL,2025-02-24,2025-02-24,2:15,4:50,0,2636,0,180
宿霧航空,5J311,TPE,MNL,2025-02-26,2025-02-26,2:15,4:50,0,2636,0,180
宿霧航空,5J311,TPE,MNL,2025-02-27,2025-02-27,2:15,4:50,0,2636,0,180
宿霧航空,5J311,TPE,MNL,2025-02-28,2025-02-28,2:15,4:50,0,2636,0,180
宿霧航空,5J311,TPE,MNL,2025-03-01,2025-03-01,2:15,4:50,0,2636,0,180
宿霧航空,5J313,TPE,MNL,2025-02-24,2025-02-24,10:30,13:05,0,2667,0,180
宿霧航空,5J313,TPE,MNL,2025-02-25,2025-02-25,10:30,13:05,0,2667,0,180
宿霧航空,5J313,TPE,MNL,2025-02-26,2025-02-26,10:30,13:05,0,2667,0,180
宿霧航空,5J313,TPE,MNL,2025-02-27,2025-02-27,10:30,13:05,0,2667,0,180
宿霧航空,5J313,TPE,MNL,2025-02-28,2025-02-28,10:30,13:05,0,2667,0,180
宿霧航空,5J313,TPE,MNL,2025-03-01,2025-03-01,10:30,13:05,0,2667,0,180
宿霧航空,5J313,TPE,MNL,2025-03-02,2025-03-02,10:30,13:05,0,2667,0,180
宿霧航空,5J312,MNL,TPE,2025-02-24,2025-02-24,7:00,9:15,0,2636,0,180
宿霧航空,5J312,MNL,TPE,2025-02-25,2025-02-25,7:00,9:15,0,2636,0,180
宿霧航空,5J312,MNL,TPE,2025-02-26,2025-02-26,7:00,9:15,0,2636,0,180
宿霧航空,5J312,MNL,TPE,2025-02-27,2025-02-27,7:00,9:15,0,2636,0,180
宿霧航空,5J312,MNL,TPE,2025-02-28,2025-02-28,7:00,9:15,0,2636,0,180
宿霧航空,5J312,MNL,TPE,2025-03-01,2025-03-01,7:00,9:15,0,2636,0,180
宿霧航空,5J312,MNL,TPE,2025-03-02,2025-03-02,7:00,9:15,0,2636,0,180
宿霧航空,5J310,MNL,TPE,2025-02-24,2025-02-24,22:40,0:55,0,2667,0,180
宿霧航空,5J310,MNL,TPE,2025-02-25,2025-02-25,22:40,0:55,0,2667,0,180
宿霧航空,5J310,MNL,TPE,2025-02-27,2025-02-27,22:40,0:55,0,2667,0,180
宿霧航空,5J310,MNL,TPE,2025-02-28,2025-02-28,22:40,0:55,0,2667,0,180
宿霧航空,5J310,MNL,TPE,2025-03-02,2025-03-02,22:40,0:55,0,2667,0,180
宿霧航空,5J311,TPE,MNL,2025-03-03,2025-03-03,2:15,4:50,0,2636,0,180
宿霧航空,5J311,TPE,MNL,2025-03-05,2025-03-05,2:15,4:50,0,2636,0,180
宿霧航空,5J311,TPE,MNL,2025-03-06,2025-03-06,2:15,4:50,0,2636,0,180
宿霧航空,5J311,TPE,MNL,2025-03-07,2025-03-07,2:15,4:50,0,2636,0,180
宿霧航空,5J311,TPE,MNL,2025-03-08,2025-03-08,2:15,4:50,0,2636,0,180
宿霧航空,5J313,TPE,MNL,2025-03-03,2025-03-03,10:30,13:05,0,2667,0,180
宿霧航空,5J313,TPE,MNL,2025-03-04,2025-03-04,10:30,13:05,0,2667,0,180
宿霧航空,5J313,TPE,MNL,2025-03-05,2025-03-05,10:30,13:05,0,2667,0,180
宿霧航空,5J313,TPE,MNL,2025-03-06,2025-03-06,10:30,13:05,0,2667,0,180
宿霧航空,5J313,TPE,MNL,2025-03-07,2025-03-07,10:30,13:05,0,2667,0,180
宿霧航空,5J313,TPE,MNL,2025-03-08,2025-03-08,10:30,13:05,0,2667,0,180
宿霧航空,5J313,TPE,MNL,2025-03-09,2025-03-09,10:30,13:05,0,2667,0,180
宿霧航空,5J312,MNL,TPE,2025-03-03,2025-03-03,7:00,9:15,0,2636,0,180
宿霧航空,5J312,MNL,TPE,2025-03-04,2025-03-04,7:00,9:15,0,2636,0,180
宿霧航空,5J312,MNL,TPE,2025-03-05,2025-03-05,7:00,9:15,0,2636,0,180
宿霧航空,5J312,MNL,TPE,2025-03-06,2025-03-06,7:00,9:15,0,2636,0,180
宿霧航空,5J312,MNL,TPE,2025-03-07,2025-03-07,7:00,9:15,0,2636,0,180
宿霧航空,5J312,MNL,TPE,2025-03-08,2025-03-08,7:00,9:15,0,2636,0,180
宿霧航空,5J312,MNL,TPE,2025-03-09,2025-03-09,7:00,9:15,0,2636,0,180
宿霧航空,5J310,MNL,TPE,2025-03-03,2025-03-03,22:40,0:55,0,2667,0,180
宿霧航空,5J310,MNL,TPE,2025-03-04,2025-03-04,22:40,0:55,0,2667,0,180
宿霧航空,5J310,MNL,TPE,2025-03-06,2025-03-06,22:40,0:55,0,2667,0,180
宿霧航空,5J310,MNL,TPE,2025-03-07,2025-03-07,22:40,0:55,0,2667,0,180
宿霧航空,5J310,MNL,TPE,2025-03-09,2025-03-09,22:40,0:55,0,2667,0,180
宿霧航空,5J311,TPE,MNL,2025-03-10,2025-03-10,2:15,4:50,0,2636,0,180
宿霧航空,5J311,TPE,MNL,2025-03-12,2025-03-12,2:15,4:50,0,2636,0,180
宿霧航空,5J311,TPE,MNL,2025-03-13,2025-03-13,2:15,4:50,0,2636,0,180
宿霧航空,5J311,TPE,MNL,2025-03-14,2025-03-14,2:15,4:50,0,2636,0,180
宿霧航空,5J311,TPE,MNL,2025-03-15,2025-03-15,2:15,4:50,0,2636,0,180
宿霧航空,5J313,TPE,MNL,2025-03-10,2025-03-10,10:30,13:05,0,2667,0,180
宿霧航空,5J313,TPE,MNL,2025-03-11,2025-03-11,10:30,13:05,0,2667,0,180
宿霧航空,5J313,TPE,MNL,2025-03-12,2025-03-12,10:30,13:05,0,2667,0,180
宿霧航空,5J313,TPE,MNL,2025-03-13,2025-03-13,10:30,13:05,0,2667,0,180
宿霧航空,5J313,TPE,MNL,2025-03-14,2025-03-14,10:30,13:05,0,2667,0,180
宿霧航空,5J313,TPE,MNL,2025-03-15,2025-03-15,10:30,13:05,0,2667,0,180
宿霧航空,5J313,TPE,MNL,2025-03-16,2025-03-16,10:30,13:05,0,2667,0,180
宿霧航空,5J312,MNL,TPE,2025-03-10,2025-03-10,7:00,9:15,0,2636,0,180
宿霧航空,5J312,MNL,TPE,2025-03-11,2025-03-11,7:00,9:15,0,2636,0,180
宿霧航空,5J312,MNL,TPE,2025-03-12,2025-03-12,7:00,9:15,0,2636,0,180
宿霧航空,5J312,MNL,TPE,2025-03-13,2025-03-13,7:00,9:15,0,2636,0,180
宿霧航空,5J312,MNL,TPE,2025-03-14,2025-03-14,7:00,9:15,0,2636,0,180
宿霧航空,5J312,MNL,TPE,2025-03-15,2025-03-15,7:00,9:15,0,2636,0,180
宿霧航空,5J312,MNL,TPE,2025-03-16,2025-03-16,7:00,9:15,0,2636,0,180
宿霧航空,5J310,MNL,TPE,2025-03-10,2025-03-10,22:40,0:55,0,2667,0,180
宿霧航空,5J310,MNL,TPE,2025-03-11,2025-03-11,22:40,0:55,0,2667,0,180
宿霧航空,5J310,MNL,TPE,2025-03-13,2025-03-13,22:40,0:55,0,2667,0,180
宿霧航空,5J310,MNL,TPE,2025-03-14,2025-03-14,22:40,0:55,0,2667,0,180
宿霧航空,5J310,MNL,TPE,2025-03-16,2025-03-16,22:40,0:55,0,2667,0,180
宿霧航空,5J311,TPE,MNL,2025-03-17,2025-03-17,2:15,4:50,0,2636,0,180
宿霧航空,5J311,TPE,MNL,2025-03-19,2025-03-19,2:15,4:50,0,2636,0,180
宿霧航空,5J311,TPE,MNL,2025-03-20,2025-03-20,2:15,4:50,0,2636,0,180
宿霧航空,5J311,TPE,MNL,2025-03-21,2025-03-21,2:15,4:50,0,2636,0,180
宿霧航空,5J311,TPE,MNL,2025-03-22,2025-03-22,2:15,4:50,0,2636,0,180
宿霧航空,5J313,TPE,MNL,2025-03-17,2025-03-17,10:30,13:05,0,2667,0,180
宿霧航空,5J313,TPE,MNL,2025-03-18,2025-03-18,10:30,13:05,0,2667,0,180
宿霧航空,5J313,TPE,MNL,2025-03-19,2025-03-19,10:30,13:05,0,2667,0,180
宿霧航空,5J313,TPE,MNL,2025-03-20,2025-03-20,10:30,13:05,0,2667,0,180
宿霧航空,5J313,TPE,MNL,2025-03-21,2025-03-21,10:30,13:05,0,2667,0,180
宿霧航空,5J313,TPE,MNL,2025-03-22,2025-03-22,10:30,13:05,0,2667,0,180
宿霧航空,5J313,TPE,MNL,2025-03-23,2025-03-23,10:30,13:05,0,2667,0,180
宿霧航空,5J312,MNL,TPE,2025-03-17,2025-03-17,7:00,9:15,0,2636,0,180
宿霧航空,5J312,MNL,TPE,2025-03-18,2025-03-18,7:00,9:15,0,2636,0,180
宿霧航空,5J312,MNL,TPE,2025-03-19,2025-03-19,7:00,9:15,0,2636,0,180
宿霧航空,5J312,MNL,TPE,2025-03-20,2025-03-20,7:00,9:15,0,2636,0,180
宿霧航空,5J312,MNL,TPE,2025-03-21,2025-03-21,7:00,9:15,0,2636,0,180
宿霧航空,5J312,MNL,TPE,2025-03-22,2025-03-22,7:00,9:15,0,2636,0,180
宿霧航空,5J312,MNL,TPE,2025-03-23,2025-03-23,7:00,9:15,0,2636,0,180
宿霧航空,5J310,MNL,TPE,2025-03-17,2025-03-17,22:40,0:55,0,2667,0,180
宿霧航空,5J310,MNL,TPE,2025-03-18,2025-03-18,22:40,0:55,0,2667,0,180
宿霧航空,5J310,MNL,TPE,2025-03-20,2025-03-20,22:40,0:55,0,2667,0,180
宿霧航空,5J310,MNL,TPE,2025-03-21,2025-03-21,22:40,0:55,0,2667,0,180
宿霧航空,5J310,MNL,TPE,2025-03-23,2025-03-23,22:40,0:55,0,2667,0,180
宿霧航空,5J311,TPE,MNL,2025-03-24,2025-03-24,2:15,4:50,0,2636,0,180
宿霧航空,5J311,TPE,MNL,2025-03-26,2025-03-26,2:15,4:50,0,2636,0,180
宿霧航空,5J311,TPE,MNL,2025-03-27,2025-03-27,2:15,4:50,0,2636,0,180
宿霧航空,5J311,TPE,MNL,2025-03-28,2025-03-28,2:15,4:50,0,2636,0,180
宿霧航空,5J311,TPE,MNL,2025-03-29,2025-03-29,2:15,4:50,0,2636,0,180
宿霧航空,5J313,TPE,MNL,2025-03-24,2025-03-24,10:30,13:05,0,2667,0,180
宿霧航空,5J313,TPE,MNL,2025-03-25,2025-03-25,10:30,13:05,0,2667,0,180
宿霧航空,5J313,TPE,MNL,2025-03-26,2025-03-26,10:30,13:05,0,2667,0,180
宿霧航空,5J313,TPE,MNL,2025-03-27,2025-03-27,10:30,13:05,0,2667,0,180
宿霧航空,5J313,TPE,MNL,2025-03-28,2025-03-28,10:30,13:05,0,2667,0,180
宿霧航空,5J313,TPE,MNL,2025-03-29,2025-03-29,10:30,13:05,0,2667,0,180
宿霧航空,5J313,TPE,MNL,2025-03-30,2025-03-30,10:30,13:05,0,2667,0,180
宿霧航空,5J312,MNL,TPE,2025-03-24,2025-03-24,7:00,9:15,0,2636,0,180
宿霧航空,5J312,MNL,TPE,2025-03-25,2025-03-25,7:00,9:15,0,2636,0,180
宿霧航空,5J312,MNL,TPE,2025-03-26,2025-03-26,7:00,9:15,0,2636,0,180
宿霧航空,5J312,MNL,TPE,2025-03-27,2025-03-27,7:00,9:15,0,2636,0,180
宿霧航空,5J312,MNL,TPE,2025-03-28,2025-03-28,7:00,9:15,0,2636,0,180
宿霧航空,5J312,MNL,TPE,2025-03-29,2025-03-29,7:00,9:15,0,2636,0,180
宿霧航空,5J312,MNL,TPE,2025-03-30,2025-03-30,7:00,9:15,0,2636,0,180
宿霧航空,5J310,MNL,TPE,2025-03-24,2025-03-24,22:40,0:55,0,2667,0,180
宿霧航空,5J310,MNL,TPE,2025-03-25,2025-03-25,22:40,0:55,0,2667,0,180
宿霧航空,5J310,MNL,TPE,2025-03-27,2025-03-27,22:40,0:55,0,2667,0,180
宿霧航空,5J310,MNL,TPE,2025-03-28,2025-03-28,22:40,0:55,0,2667,0,180
宿霧航空,5J310,MNL,TPE,2025-03-30,2025-03-30,22:40,0:55,0,2667,0,180
宿霧航空,5J311,TPE,MNL,2025-03-31,2025-03-31,2:15,4:50,0,2636,0,180
宿霧航空,5J311,TPE,MNL,2025-04-02,2025-04-02,2:15,4:50,0,2636,0,180
宿霧航空,5J311,TPE,MNL,2025-04-03,2025-04-03,2:15,4:50,0,2636,0,180
宿霧航空,5J311,TPE,MNL,2025-04-04,2025-04-04,2:15,4:50,0,2636,0,180
宿霧航空,5J311,TPE,MNL,2025-04-05,2025-04-05,2:15,4:50,0,2636,0,180
宿霧航空,5J313,TPE,MNL,2025-03-31,2025-03-31,10:30,13:05,0,2667,0,180
宿霧航空,5J313,TPE,MNL,2025-04-01,2025-04-01,10:30,13:05,0,2667,0,180
宿霧航空,5J313,TPE,MNL,2025-04-02,2025-04-02,10:30,13:05,0,2667,0,180
宿霧航空,5J313,TPE,MNL,2025-04-03,2025-04-03,10:30,13:05,0,2667,0,180
宿霧航空,5J313,TPE,MNL,2025-04-04,2025-04-04,10:30,13:05,0,2667,0,180
宿霧航空,5J313,TPE,MNL,2025-04-05,2025-04-05,10:30,13:05,0,2667,0,180
宿霧航空,5J313,TPE,MNL,2025-04-06,2025-04-06,10:30,13:05,0,2667,0,180
宿霧航空,5J312,MNL,TPE,2025-03-31,2025-03-31,7:00,9:15,0,2636,0,180
宿霧航空,5J312,MNL,TPE,2025-04-01,2025-04-01,7:00,9:15,0,2636,0,180
宿霧航空,5J312,MNL,TPE,2025-04-02,2025-04-02,7:00,9:15,0,2636,0,180
宿霧航空,5J312,MNL,TPE,2025-04-03,2025-04-03,7:00,9:15,0,2636,0,180
宿霧航空,5J312,MNL,TPE,2025-04-04,2025-04-04,7:00,9:15,0,2636,0,180
宿霧航空,5J312,MNL,TPE,2025-04-05,2025-04-05,7:00,9:15,0,2636,0,180
宿霧航空,5J312,MNL,TPE,2025-04-06,2025-04-06,7:00,9:15,0,2636,0,180
宿霧航空,5J310,MNL,TPE,2025-03-31,2025-03-31,22:40,0:55,0,2667,0,180
宿霧航空,5J310,MNL,TPE,2025-04-01,2025-04-01,22:40,0:55,0,2667,0,180
宿霧航空,5J310,MNL,TPE,2025-04-03,2025-04-03,22:40,0:55,0,2667,0,180
宿霧航空,5J310,MNL,TPE,2025-04-04,2025-04-04,22:40,0:55,0,2667,0,180
宿霧航空,5J310,MNL,TPE,2025-04-06,2025-04-06,22:40,0:55,0,2667,0,180
宿霧航空,5J311,TPE,MNL,2025-04-07,2025-04-07,2:15,4:50,0,2636,0,180
宿霧航空,5J311,TPE,MNL,2025-04-09,2025-04-09,2:15,4:50,0,2636,0,180
宿霧航空,5J311,TPE,MNL,2025-04-10,2025-04-10,2:15,4:50,0,2636,0,180
宿霧航空,5J311,TPE,MNL,2025-04-11,2025-04-11,2:15,4:50,0,2636,0,180
宿霧航空,5J311,TPE,MNL,2025-04-12,2025-04-12,2:15,4:50,0,2636,0,180
宿霧航空,5J313,TPE,MNL,2025-04-07,2025-04-07,10:30,13:05,0,2667,0,180
宿霧航空,5J313,TPE,MNL,2025-04-08,2025-04-08,10:30,13:05,0,2667,0,180
宿霧航空,5J313,TPE,MNL,2025-04-09,2025-04-09,10:30,13:05,0,2667,0,180
宿霧航空,5J313,TPE,MNL,2025-04-10,2025-04-10,10:30,13:05,0,2667,0,180
宿霧航空,5J313,TPE,MNL,2025-04-11,2025-04-11,10:30,13:05,0,2667,0,180
宿霧航空,5J313,TPE,MNL,2025-04-12,2025-04-12,10:30,13:05,0,2667,0,180
宿霧航空,5J313,TPE,MNL,2025-04-13,2025-04-13,10:30,13:05,0,2667,0,180
宿霧航空,5J312,MNL,TPE,2025-04-07,2025-04-07,7:00,9:15,0,2636,0,180
宿霧航空,5J312,MNL,TPE,2025-04-08,2025-04-08,7:00,9:15,0,2636,0,180
宿霧航空,5J312,MNL,TPE,2025-04-09,2025-04-09,7:00,9:15,0,2636,0,180
宿霧航空,5J312,MNL,TPE,2025-04-10,2025-04-10,7:00,9:15,0,2636,0,180
宿霧航空,5J312,MNL,TPE,2025-04-11,2025-04-11,7:00,9:15,0,2636,0,180
宿霧航空,5J312,MNL,TPE,2025-04-12,2025-04-12,7:00,9:15,0,2636,0,180
宿霧航空,5J312,MNL,TPE,2025-04-13,2025-04-13,7:00,9:15,0,2636,0,180
宿霧航空,5J310,MNL,TPE,2025-04-07,2025-04-07,22:40,0:55,0,2667,0,180
宿霧航空,5J310,MNL,TPE,2025-04-08,2025-04-08,22:40,0:55,0,2667,0,180
宿霧航空,5J310,MNL,TPE,2025-04-10,2025-04-10,22:40,0:55,0,2667,0,180
宿霧航空,5J310,MNL,TPE,2025-04-11,2025-04-11,22:40,0:55,0,2667,0,180
宿霧航空,5J310,MNL,TPE,2025-04-13,2025-04-13,22:40,0:55,0,2667,0,180
宿霧航空,5J311,TPE,MNL,2025-04-14,2025-04-14,2:15,4:50,0,2636,0,180
宿霧航空,5J311,TPE,MNL,2025-04-16,2025-04-16,2:15,4:50,0,2636,0,180
宿霧航空,5J311,TPE,MNL,2025-04-17,2025-04-17,2:15,4:50,0,2636,0,180
宿霧航空,5J311,TPE,MNL,2025-04-18,2025-04-18,2:15,4:50,0,2636,0,180
宿霧航空,5J311,TPE,MNL,2025-04-19,2025-04-19,2:15,4:50,0,2636,0,180
宿霧航空,5J313,TPE,MNL,2025-04-14,2025-04-14,10:30,13:05,0,2667,0,180
宿霧航空,5J313,TPE,MNL,2025-04-15,2025-04-15,10:30,13:05,0,2667,0,180
宿霧航空,5J313,TPE,MNL,2025-04-16,2025-04-16,10:30,13:05,0,2667,0,180
宿霧航空,5J313,TPE,MNL,2025-04-17,2025-04-17,10:30,13:05,0,2667,0,180
宿霧航空,5J313,TPE,MNL,2025-04-18,2025-04-18,10:30,13:05,0,2667,0,180
宿霧航空,5J313,TPE,MNL,2025-04-19,2025-04-19,10:30,13:05,0,2667,0,180
宿霧航空,5J313,TPE,MNL,2025-04-20,2025-04-20,10:30,13:05,0,2667,0,180
宿霧航空,5J312,MNL,TPE,2025-04-14,2025-04-14,7:00,9:15,0,2636,0,180
宿霧航空,5J312,MNL,TPE,2025-04-15,2025-04-15,7:00,9:15,0,2636,0,180
宿霧航空,5J312,MNL,TPE,2025-04-16,2025-04-16,7:00,9:15,0,2636,0,180
宿霧航空,5J312,MNL,TPE,2025-04-17,2025-04-17,7:00,9:15,0,2636,0,180
宿霧航空,5J312,MNL,TPE,2025-04-18,2025-04-18,7:00,9:15,0,2636,0,180
宿霧航空,5J312,MNL,TPE,2025-04-19,2025-04-19,7:00,9:15,0,2636,0,180
宿霧航空,5J312,MNL,TPE,2025-04-20,2025-04-20,7:00,9:15,0,2636,0,180
宿霧航空,5J310,MNL,TPE,2025-04-14,2025-04-14,22:40,0:55,0,2667,0,180
宿霧航空,5J310,MNL,TPE,2025-04-15,2025-04-15,22:40,0:55,0,2667,0,180
宿霧航空,5J310,MNL,TPE,2025-04-17,2025-04-17,22:40,0:55,0,2667,0,180
宿霧航空,5J310,MNL,TPE,2025-04-18,2025-04-18,22:40,0:55,0,2667,0,180
宿霧航空,5J310,MNL,TPE,2025-04-20,2025-04-20,22:40,0:55,0,2667,0,180
宿霧航空,5J311,TPE,MNL,2025-04-21,2025-04-21,2:15,4:50,0,2636,0,180
宿霧航空,5J311,TPE,MNL,2025-04-23,2025-04-23,2:15,4:50,0,2636,0,180
宿霧航空,5J311,TPE,MNL,2025-04-24,2025-04-24,2:15,4:50,0,2636,0,180
宿霧航空,5J311,TPE,MNL,2025-04-25,2025-04-25,2:15,4:50,0,2636,0,180
宿霧航空,5J311,TPE,MNL,2025-04-26,2025-04-26,2:15,4:50,0,2636,0,180
宿霧航空,5J313,TPE,MNL,2025-04-21,2025-04-21,10:30,13:05,0,2667,0,180
宿霧航空,5J313,TPE,MNL,2025-04-22,2025-04-22,10:30,13:05,0,2667,0,180
宿霧航空,5J313,TPE,MNL,2025-04-23,2025-04-23,10:30,13:05,0,2667,0,180
宿霧航空,5J313,TPE,MNL,2025-04-24,2025-04-24,10:30,13:05,0,2667,0,180
宿霧航空,5J313,TPE,MNL,2025-04-25,2025-04-25,10:30,13:05,0,2667,0,180
宿霧航空,5J313,TPE,MNL,2025-04-26,2025-04-26,10:30,13:05,0,2667,0,180
宿霧航空,5J313,TPE,MNL,2025-04-27,2025-04-27,10:30,13:05,0,2667,0,180
宿霧航空,5J312,MNL,TPE,2025-04-21,2025-04-21,7:00,9:15,0,2636,0,180
宿霧航空,5J312,MNL,TPE,2025-04-22,2025-04-22,7:00,9:15,0,2636,0,180
宿霧航空,5J312,MNL,TPE,2025-04-23,2025-04-23,7:00,9:15,0,2636,0,180
宿霧航空,5J312,MNL,TPE,2025-04-24,2025-04-24,7:00,9:15,0,2636,0,180
宿霧航空,5J312,MNL,TPE,2025-04-25,2025-04-25,7:00,9:15,0,2636,0,180
宿霧航空,5J312,MNL,TPE,2025-04-26,2025-04-26,7:00,9:15,0,2636,0,180
宿霧航空,5J312,MNL,TPE,2025-04-27,2025-04-27,7:00,9:15,0,2636,0,180
宿霧航空,5J310,MNL,TPE,2025-04-21,2025-04-21,22:40,0:55,0,2667,0,180
宿霧航空,5J310,MNL,TPE,2025-04-22,2025-04-22,22:40,0:55,0,2667,0,180
宿霧航空,5J310,MNL,TPE,2025-04-24,2025-04-24,22:40,0:55,0,2667,0,180
宿霧航空,5J310,MNL,TPE,2025-04-25,2025-04-25,22:40,0:55,0,2667,0,180
宿霧航空,5J310,MNL,TPE,2025-04-27,2025-04-27,22:40,0:55,0,2667,0,180
宿霧航空,5J311,TPE,MNL,2025-04-28,2025-04-28,2:15,4:50,0,2636,0,180
宿霧航空,5J311,TPE,MNL,2025-04-30,2025-04-30,2:15,4:50,0,2636,0,180
宿霧航空,5J311,TPE,MNL,2025-05-01,2025-05-01,2:15,4:50,0,2636,0,180
宿霧航空,5J311,TPE,MNL,2025-05-02,2025-05-02,2:15,4:50,0,2636,0,180
宿霧航空,5J311,TPE,MNL,2025-05-03,2025-05-03,2:15,4:50,0,2636,0,180
宿霧航空,5J313,TPE,MNL,2025-04-28,2025-04-28,10:30,13:05,0,2667,0,180
宿霧航空,5J313,TPE,MNL,2025-04-29,2025-04-29,10:30,13:05,0,2667,0,180
宿霧航空,5J313,TPE,MNL,2025-04-30,2025-04-30,10:30,13:05,0,2667,0,180
宿霧航空,5J313,TPE,MNL,2025-05-01,2025-05-01,10:30,13:05,0,2667,0,180
宿霧航空,5J313,TPE,MNL,2025-05-02,2025-05-02,10:30,13:05,0,2667,0,180
宿霧航空,5J313,TPE,MNL,2025-05-03,2025-05-03,10:30,13:05,0,2667,0,180
宿霧航空,5J313,TPE,MNL,2025-05-04,2025-05-04,10:30,13:05,0,2667,0,180
宿霧航空,5J312,MNL,TPE,2025-04-28,2025-04-28,7:00,9:15,0,2636,0,180
宿霧航空,5J312,MNL,TPE,2025-04-29,2025-04-29,7:00,9:15,0,2636,0,180
宿霧航空,5J312,MNL,TPE,2025-04-30,2025-04-30,7:00,9:15,0,2636,0,180
宿霧航空,5J312,MNL,TPE,2025-05-01,2025-05-01,7:00,9:15,0,2636,0,180
宿霧航空,5J312,MNL,TPE,2025-05-02,2025-05-02,7:00,9:15,0,2636,0,180
宿霧航空,5J312,MNL,TPE,2025-05-03,2025-05-03,7:00,9:15,0,2636,0,180
宿霧航空,5J312,MNL,TPE,2025-05-04,2025-05-04,7:00,9:15,0,2636,0,180
宿霧航空,5J310,MNL,TPE,2025-04-28,2025-04-28,22:40,0:55,0,2667,0,180
宿霧航空,5J310,MNL,TPE,2025-04-29,2025-04-29,22:40,0:55,0,2667,0,180
宿霧航空,5J310,MNL,TPE,2025-05-01,2025-05-01,22:40,0:55,0,2667,0,180
宿霧航空,5J310,MNL,TPE,2025-05-02,2025-05-02,22:40,0:55,0,2667,0,180
宿霧航空,5J310,MNL,TPE,2025-05-04,2025-05-04,22:40,0:55,0,2667,0,180
宿霧航空,5J311,TPE,MNL,2025-05-05,2025-05-05,2:15,4:50,0,2636,0,180
宿霧航空,5J311,TPE,MNL,2025-05-07,2025-05-07,2:15,4:50,0,2636,0,180
宿霧航空,5J311,TPE,MNL,2025-05-08,2025-05-08,2:15,4:50,0,2636,0,180
宿霧航空,5J311,TPE,MNL,2025-05-09,2025-05-09,2:15,4:50,0,2636,0,180
宿霧航空,5J311,TPE,MNL,2025-05-10,2025-05-10,2:15,4:50,0,2636,0,180
宿霧航空,5J313,TPE,MNL,2025-05-05,2025-05-05,10:30,13:05,0,2667,0,180
宿霧航空,5J313,TPE,MNL,2025-05-06,2025-05-06,10:30,13:05,0,2667,0,180
宿霧航空,5J313,TPE,MNL,2025-05-07,2025-05-07,10:30,13:05,0,2667,0,180
宿霧航空,5J313,TPE,MNL,2025-05-08,2025-05-08,10:30,13:05,0,2667,0,180
宿霧航空,5J313,TPE,MNL,2025-05-09,2025-05-09,10:30,13:05,0,2667,0,180
宿霧航空,5J313,TPE,MNL,2025-05-10,2025-05-10,10:30,13:05,0,2667,0,180
宿霧航空,5J313,TPE,MNL,2025-05-11,2025-05-11,10:30,13:05,0,2667,0,180
宿霧航空,5J312,MNL,TPE,2025-05-05,2025-05-05,7:00,9:15,0,2636,0,180
宿霧航空,5J312,MNL,TPE,2025-05-06,2025-05-06,7:00,9:15,0,2636,0,180
宿霧航空,5J312,MNL,TPE,2025-05-07,2025-05-07,7:00,9:15,0,2636,0,180
宿霧航空,5J312,MNL,TPE,2025-05-08,2025-05-08,7:00,9:15,0,2636,0,180
宿霧航空,5J312,MNL,TPE,2025-05-09,2025-05-09,7:00,9:15,0,2636,0,180
宿霧航空,5J312,MNL,TPE,2025-05-10,2025-05-10,7:00,9:15,0,2636,0,180
宿霧航空,5J312,MNL,TPE,2025-05-11,2025-05-11,7:00,9:15,0,2636,0,180
宿霧航空,5J310,MNL,TPE,2025-05-05,2025-05-05,22:40,0:55,0,2667,0,180
宿霧航空,5J310,MNL,TPE,2025-05-06,2025-05-06,22:40,0:55,0,2667,0,180
宿霧航空,5J310,MNL,TPE,2025-05-08,2025-05-08,22:40,0:55,0,2667,0,180
宿霧航空,5J310,MNL,TPE,2025-05-09,2025-05-09,22:40,0:55,0,2667,0,180
宿霧航空,5J310,MNL,TPE,2025-05-11,2025-05-11,22:40,0:55,0,2667,0,180
宿霧航空,5J311,TPE,MNL,2025-05-12,2025-05-12,2:15,4:50,0,2636,0,180
宿霧航空,5J311,TPE,MNL,2025-05-14,2025-05-14,2:15,4:50,0,2636,0,180
宿霧航空,5J311,TPE,MNL,2025-05-15,2025-05-15,2:15,4:50,0,2636,0,180
宿霧航空,5J311,TPE,MNL,2025-05-16,2025-05-16,2:15,4:50,0,2636,0,180
宿霧航空,5J311,TPE,MNL,2025-05-17,2025-05-17,2:15,4:50,0,2636,0,180
宿霧航空,5J313,TPE,MNL,2025-05-12,2025-05-12,10:30,13:05,0,2667,0,180
宿霧航空,5J313,TPE,MNL,2025-05-13,2025-05-13,10:30,13:05,0,2667,0,180
宿霧航空,5J313,TPE,MNL,2025-05-14,2025-05-14,10:30,13:05,0,2667,0,180
宿霧航空,5J313,TPE,MNL,2025-05-15,2025-05-15,10:30,13:05,0,2667,0,180
宿霧航空,5J313,TPE,MNL,2025-05-16,2025-05-16,10:30,13:05,0,2667,0,180
宿霧航空,5J313,TPE,MNL,2025-05-17,2025-05-17,10:30,13:05,0,2667,0,180
宿霧航空,5J313,TPE,MNL,2025-05-18,2025-05-18,10:30,13:05,0,2667,0,180
宿霧航空,5J312,MNL,TPE,2025-05-12,2025-05-12,7:00,9:15,0,2636,0,180
宿霧航空,5J312,MNL,TPE,2025-05-13,2025-05-13,7:00,9:15,0,2636,0,180
宿霧航空,5J312,MNL,TPE,2025-05-14,2025-05-14,7:00,9:15,0,2636,0,180
宿霧航空,5J312,MNL,TPE,2025-05-15,2025-05-15,7:00,9:15,0,2636,0,180
宿霧航空,5J312,MNL,TPE,2025-05-16,2025-05-16,7:00,9:15,0,2636,0,180
宿霧航空,5J312,MNL,TPE,2025-05-17,2025-05-17,7:00,9:15,0,2636,0,180
宿霧航空,5J312,MNL,TPE,2025-05-18,2025-05-18,7:00,9:15,0,2636,0,180
宿霧航空,5J310,MNL,TPE,2025-05-12,2025-05-12,22:40,0:55,0,2667,0,180
宿霧航空,5J310,MNL,TPE,2025-05-13,2025-05-13,22:40,0:55,0,2667,0,180
宿霧航空,5J310,MNL,TPE,2025-05-15,2025-05-15,22:40,0:55,0,2667,0,180
宿霧航空,5J310,MNL,TPE,2025-05-16,2025-05-16,22:40,0:55,0,2667,0,180
宿霧航空,5J310,MNL,TPE,2025-05-18,2025-05-18,22:40,0:55,0,2667,0,180
宿霧航空,5J311,TPE,MNL,2025-05-19,2025-05-19,2:15,4:50,0,2636,0,180
宿霧航空,5J311,TPE,MNL,2025-05-21,2025-05-21,2:15,4:50,0,2636,0,180
宿霧航空,5J311,TPE,MNL,2025-05-22,2025-05-22,2:15,4:50,0,2636,0,180
宿霧航空,5J311,TPE,MNL,2025-05-23,2025-05-23,2:15,4:50,0,2636,0,180
宿霧航空,5J311,TPE,MNL,2025-05-24,2025-05-24,2:15,4:50,0,2636,0,180
宿霧航空,5J313,TPE,MNL,2025-05-19,2025-05-19,10:30,13:05,0,2667,0,180
宿霧航空,5J313,TPE,MNL,2025-05-20,2025-05-20,10:30,13:05,0,2667,0,180
宿霧航空,5J313,TPE,MNL,2025-05-21,2025-05-21,10:30,13:05,0,2667,0,180
宿霧航空,5J313,TPE,MNL,2025-05-22,2025-05-22,10:30,13:05,0,2667,0,180
宿霧航空,5J313,TPE,MNL,2025-05-23,2025-05-23,10:30,13:05,0,2667,0,180
宿霧航空,5J313,TPE,MNL,2025-05-24,2025-05-24,10:30,13:05,0,2667,0,180
宿霧航空,5J313,TPE,MNL,2025-05-25,2025-05-25,10:30,13:05,0,2667,0,180
宿霧航空,5J312,MNL,TPE,2025-05-19,2025-05-19,7:00,9:15,0,2636,0,180
宿霧航空,5J312,MNL,TPE,2025-05-20,2025-05-20,7:00,9:15,0,2636,0,180
宿霧航空,5J312,MNL,TPE,2025-05-21,2025-05-21,7:00,9:15,0,2636,0,180
宿霧航空,5J312,MNL,TPE,2025-05-22,2025-05-22,7:00,9:15,0,2636,0,180
宿霧航空,5J312,MNL,TPE,2025-05-23,2025-05-23,7:00,9:15,0,2636,0,180
宿霧航空,5J312,MNL,TPE,2025-05-24,2025-05-24,7:00,9:15,0,2636,0,180
宿霧航空,5J312,MNL,TPE,2025-05-25,2025-05-25,7:00,9:15,0,2636,0,180
宿霧航空,5J310,MNL,TPE,2025-05-19,2025-05-19,22:40,0:55,0,2667,0,180
宿霧航空,5J310,MNL,TPE,2025-05-20,2025-05-20,22:40,0:55,0,2667,0,180
宿霧航空,5J310,MNL,TPE,2025-05-22,2025-05-22,22:40,0:55,0,2667,0,180
宿霧航空,5J310,MNL,TPE,2025-05-23,2025-05-23,22:40,0:55,0,2667,0,180
宿霧航空,5J310,MNL,TPE,2025-05-25,2025-05-25,22:40,0:55,0,2667,0,180
宿霧航空,5J311,TPE,MNL,2025-05-26,2025-05-26,2:15,4:50,0,2636,0,180
宿霧航空,5J311,TPE,MNL,2025-05-28,2025-05-28,2:15,4:50,0,2636,0,180
宿霧航空,5J311,TPE,MNL,2025-05-29,2025-05-29,2:15,4:50,0,2636,0,180
宿霧航空,5J311,TPE,MNL,2025-05-30,2025-05-30,2:15,4:50,0,2636,0,180
宿霧航空,5J311,TPE,MNL,2025-05-31,2025-05-31,2:15,4:50,0,2636,0,180
宿霧航空,5J313,TPE,MNL,2025-05-26,2025-05-26,10:30,13:05,0,2667,0,180
宿霧航空,5J313,TPE,MNL,2025-05-27,2025-05-27,10:30,13:05,0,2667,0,180
宿霧航空,5J313,TPE,MNL,2025-05-28,2025-05-28,10:30,13:05,0,2667,0,180
宿霧航空,5J313,TPE,MNL,2025-05-29,2025-05-29,10:30,13:05,0,2667,0,180
宿霧航空,5J313,TPE,MNL,2025-05-30,2025-05-30,10:30,13:05,0,2667,0,180
宿霧航空,5J313,TPE,MNL,2025-05-31,2025-05-31,10:30,13:05,0,2667,0,180
宿霧航空,5J313,TPE,MNL,2025-06-01,2025-06-01,10:30,13:05,0,2667,0,180
宿霧航空,5J312,MNL,TPE,2025-05-26,2025-05-26,7:00,9:15,0,2636,0,180
宿霧航空,5J312,MNL,TPE,2025-05-27,2025-05-27,7:00,9:15,0,2636,0,180
宿霧航空,5J312,MNL,TPE,2025-05-28,2025-05-28,7:00,9:15,0,2636,0,180
宿霧航空,5J312,MNL,TPE,2025-05-29,2025-05-29,7:00,9:15,0,2636,0,180
宿霧航空,5J312,MNL,TPE,2025-05-30,2025-05-30,7:00,9:15,0,2636,0,180
宿霧航空,5J312,MNL,TPE,2025-05-31,2025-05-31,7:00,9:15,0,2636,0,180
宿霧航空,5J312,MNL,TPE,2025-06-01,2025-06-01,7:00,9:15,0,2636,0,180
宿霧航空,5J310,MNL,TPE,2025-05-26,2025-05-26,22:40,0:55,0,2667,0,180
宿霧航空,5J310,MNL,TPE,2025-05-27,2025-05-27,22:40,0:55,0,2667,0,180
宿霧航空,5J310,MNL,TPE,2025-05-29,2025-05-29,22:40,0:55,0,2667,0,180
宿霧航空,5J310,MNL,TPE,2025-05-30,2025-05-30,22:40,0:55,0,2667,0,180
宿霧航空,5J310,MNL,TPE,2025-06-01,2025-06-01,22:40,0:55,0,2667,0,180
宿霧航空,5J311,TPE,MNL,2025-06-02,2025-06-02,2:15,4:50,0,2636,0,180
宿霧航空,5J311,TPE,MNL,2025-06-04,2025-06-04,2:15,4:50,0,2636,0,180
宿霧航空,5J311,TPE,MNL,2025-06-05,2025-06-05,2:15,4:50,0,2636,0,180
宿霧航空,5J311,TPE,MNL,2025-06-06,2025-06-06,2:15,4:50,0,2636,0,180
宿霧航空,5J311,TPE,MNL,2025-06-07,2025-06-07,2:15,4:50,0,2636,0,180
宿霧航空,5J313,TPE,MNL,2025-06-02,2025-06-02,10:30,13:05,0,2667,0,180
宿霧航空,5J313,TPE,MNL,2025-06-03,2025-06-03,10:30,13:05,0,2667,0,180
宿霧航空,5J313,TPE,MNL,2025-06-04,2025-06-04,10:30,13:05,0,2667,0,180
宿霧航空,5J313,TPE,MNL,2025-06-05,2025-06-05,10:30,13:05,0,2667,0,180
宿霧航空,5J313,TPE,MNL,2025-06-06,2025-06-06,10:30,13:05,0,2667,0,180
宿霧航空,5J313,TPE,MNL,2025-06-07,2025-06-07,10:30,13:05,0,2667,0,180
宿霧航空,5J313,TPE,MNL,2025-06-08,2025-06-08,10:30,13:05,0,2667,0,180
宿霧航空,5J312,MNL,TPE,2025-06-02,2025-06-02,7:00,9:15,0,2636,0,180
宿霧航空,5J312,MNL,TPE,2025-06-03,2025-06-03,7:00,9:15,0,2636,0,180
宿霧航空,5J312,MNL,TPE,2025-06-04,2025-06-04,7:00,9:15,0,2636,0,180
宿霧航空,5J312,MNL,TPE,2025-06-05,2025-06-05,7:00,9:15,0,2636,0,180
宿霧航空,5J312,MNL,TPE,2025-06-06,2025-06-06,7:00,9:15,0,2636,0,180
宿霧航空,5J312,MNL,TPE,2025-06-07,2025-06-07,7:00,9:15,0,2636,0,180
宿霧航空,5J312,MNL,TPE,2025-06-08,2025-06-08,7:00,9:15,0,2636,0,180
宿霧航空,5J310,MNL,TPE,2025-06-02,2025-06-02,22:40,0:55,0,2667,0,180
宿霧航空,5J310,MNL,TPE,2025-06-03,2025-06-03,22:40,0:55,0,2667,0,180
宿霧航空,5J310,MNL,TPE,2025-06-05,2025-06-05,22:40,0:55,0,2667,0,180
宿霧航空,5J310,MNL,TPE,2025-06-06,2025-06-06,22:40,0:55,0,2667,0,180
宿霧航空,5J310,MNL,TPE,2025-06-08,2025-06-08,22:40,0:55,0,2667,0,180
宿霧航空,5J311,TPE,MNL,2025-06-09,2025-06-09,2:15,4:50,0,2636,0,180
宿霧航空,5J311,TPE,MNL,2025-06-11,2025-06-11,2:15,4:50,0,2636,0,180
宿霧航空,5J311,TPE,MNL,2025-06-12,2025-06-12,2:15,4:50,0,2636,0,180
宿霧航空,5J311,TPE,MNL,2025-06-13,2025-06-13,2:15,4:50,0,2636,0,180
宿霧航空,5J311,TPE,MNL,2025-06-14,2025-06-14,2:15,4:50,0,2636,0,180
宿霧航空,5J313,TPE,MNL,2025-06-09,2025-06-09,10:30,13:05,0,2667,0,180
宿霧航空,5J313,TPE,MNL,2025-06-10,2025-06-10,10:30,13:05,0,2667,0,180
宿霧航空,5J313,TPE,MNL,2025-06-11,2025-06-11,10:30,13:05,0,2667,0,180
宿霧航空,5J313,TPE,MNL,2025-06-12,2025-06-12,10:30,13:05,0,2667,0,180
宿霧航空,5J313,TPE,MNL,2025-06-13,2025-06-13,10:30,13:05,0,2667,0,180
宿霧航空,5J313,TPE,MNL,2025-06-14,2025-06-14,10:30,13:05,0,2667,0,180
宿霧航空,5J313,TPE,MNL,2025-06-15,2025-06-15,10:30,13:05,0,2667,0,180
宿霧航空,5J312,MNL,TPE,2025-06-09,2025-06-09,7:00,9:15,0,2636,0,180
宿霧航空,5J312,MNL,TPE,2025-06-10,2025-06-10,7:00,9:15,0,2636,0,180
宿霧航空,5J312,MNL,TPE,2025-06-11,2025-06-11,7:00,9:15,0,2636,0,180
宿霧航空,5J312,MNL,TPE,2025-06-12,2025-06-12,7:00,9:15,0,2636,0,180
宿霧航空,5J312,MNL,TPE,2025-06-13,2025-06-13,7:00,9:15,0,2636,0,180
宿霧航空,5J312,MNL,TPE,2025-06-14,2025-06-14,7:00,9:15,0,2636,0,180
宿霧航空,5J312,MNL,TPE,2025-06-15,2025-06-15,7:00,9:15,0,2636,0,180
宿霧航空,5J310,MNL,TPE,2025-06-09,2025-06-09,22:40,0:55,0,2667,0,180
宿霧航空,5J310,MNL,TPE,2025-06-10,2025-06-10,22:40,0:55,0,2667,0,180
宿霧航空,5J310,MNL,TPE,2025-06-12,2025-06-12,22:40,0:55,0,2667,0,180
宿霧航空,5J310,MNL,TPE,2025-06-13,2025-06-13,22:40,0:55,0,2667,0,180
宿霧航空,5J310,MNL,TPE,2025-06-15,2025-06-15,22:40,0:55,0,2667,0,180
宿霧航空,5J311,TPE,MNL,2025-06-16,2025-06-16,2:15,4:50,0,2636,0,180
宿霧航空,5J311,TPE,MNL,2025-06-18,2025-06-18,2:15,4:50,0,2636,0,180
宿霧航空,5J311,TPE,MNL,2025-06-19,2025-06-19,2:15,4:50,0,2636,0,180
宿霧航空,5J311,TPE,MNL,2025-06-20,2025-06-20,2:15,4:50,0,2636,0,180
宿霧航空,5J311,TPE,MNL,2025-06-21,2025-06-21,2:15,4:50,0,2636,0,180
宿霧航空,5J313,TPE,MNL,2025-06-16,2025-06-16,10:30,13:05,0,2667,0,180
宿霧航空,5J313,TPE,MNL,2025-06-17,2025-06-17,10:30,13:05,0,2667,0,180
宿霧航空,5J313,TPE,MNL,2025-06-18,2025-06-18,10:30,13:05,0,2667,0,180
宿霧航空,5J313,TPE,MNL,2025-06-19,2025-06-19,10:30,13:05,0,2667,0,180
宿霧航空,5J313,TPE,MNL,2025-06-20,2025-06-20,10:30,13:05,0,2667,0,180
宿霧航空,5J313,TPE,MNL,2025-06-21,2025-06-21,10:30,13:05,0,2667,0,180
宿霧航空,5J313,TPE,MNL,2025-06-22,2025-06-22,10:30,13:05,0,2667,0,180
宿霧航空,5J312,MNL,TPE,2025-06-16,2025-06-16,7:00,9:15,0,2636,0,180
宿霧航空,5J312,MNL,TPE,2025-06-17,2025-06-17,7:00,9:15,0,2636,0,180
宿霧航空,5J312,MNL,TPE,2025-06-18,2025-06-18,7:00,9:15,0,2636,0,180
宿霧航空,5J312,MNL,TPE,2025-06-19,2025-06-19,7:00,9:15,0,2636,0,180
宿霧航空,5J312,MNL,TPE,2025-06-20,2025-06-20,7:00,9:15,0,2636,0,180
宿霧航空,5J312,MNL,TPE,2025-06-21,2025-06-21,7:00,9:15,0,2636,0,180
宿霧航空,5J312,MNL,TPE,2025-06-22,2025-06-22,7:00,9:15,0,2636,0,180
宿霧航空,5J310,MNL,TPE,2025-06-16,2025-06-16,22:40,0:55,0,2667,0,180
宿霧航空,5J310,MNL,TPE,2025-06-17,2025-06-17,22:40,0:55,0,2667,0,180
宿霧航空,5J310,MNL,TPE,2025-06-19,2025-06-19,22:40,0:55,0,2667,0,180
宿霧航空,5J310,MNL,TPE,2025-06-20,2025-06-20,22:40,0:55,0,2667,0,180
宿霧航空,5J310,MNL,TPE,2025-06-22,2025-06-22,22:40,0:55,0,2667,0,180
宿霧航空,5J311,TPE,MNL,2025-06-23,2025-06-23,2:15,4:50,0,2636,0,180
宿霧航空,5J311,TPE,MNL,2025-06-25,2025-06-25,2:15,4:50,0,2636,0,180
宿霧航空,5J311,TPE,MNL,2025-06-26,2025-06-26,2:15,4:50,0,2636,0,180
宿霧航空,5J311,TPE,MNL,2025-06-27,2025-06-27,2:15,4:50,0,2636,0,180
宿霧航空,5J311,TPE,MNL,2025-06-28,2025-06-28,2:15,4:50,0,2636,0,180
宿霧航空,5J313,TPE,MNL,2025-06-23,2025-06-23,10:30,13:05,0,2667,0,180
宿霧航空,5J313,TPE,MNL,2025-06-24,2025-06-24,10:30,13:05,0,2667,0,180
宿霧航空,5J313,TPE,MNL,2025-06-25,2025-06-25,10:30,13:05,0,2667,0,180
宿霧航空,5J313,TPE,MNL,2025-06-26,2025-06-26,10:30,13:05,0,2667,0,180
宿霧航空,5J313,TPE,MNL,2025-06-27,2025-06-27,10:30,13:05,0,2667,0,180
宿霧航空,5J313,TPE,MNL,2025-06-28,2025-06-28,10:30,13:05,0,2667,0,180
宿霧航空,5J313,TPE,MNL,2025-06-29,2025-06-29,10:30,13:05,0,2667,0,180
宿霧航空,5J312,MNL,TPE,2025-06-23,2025-06-23,7:00,9:15,0,2636,0,180
宿霧航空,5J312,MNL,TPE,2025-06-24,2025-06-24,7:00,9:15,0,2636,0,180
宿霧航空,5J312,MNL,TPE,2025-06-25,2025-06-25,7:00,9:15,0,2636,0,180
宿霧航空,5J312,MNL,TPE,2025-06-26,2025-06-26,7:00,9:15,0,2636,0,180
宿霧航空,5J312,MNL,TPE,2025-06-27,2025-06-27,7:00,9:15,0,2636,0,180
宿霧航空,5J312,MNL,TPE,2025-06-28,2025-06-28,7:00,9:15,0,2636,0,180
宿霧航空,5J312,MNL,TPE,2025-06-29,2025-06-29,7:00,9:15,0,2636,0,180
宿霧航空,5J310,MNL,TPE,2025-06-23,2025-06-23,22:40,0:55,0,2667,0,180
宿霧航空,5J310,MNL,TPE,2025-06-24,2025-06-24,22:40,0:55,0,2667,0,180
宿霧航空,5J310,MNL,TPE,2025-06-26,2025-06-26,22:40,0:55,0,2667,0,180
宿霧航空,5J310,MNL,TPE,2025-06-27,2025-06-27,22:40,0:55,0,2667,0,180
宿霧航空,5J310,MNL,TPE,2025-06-29,2025-06-29,22:40,0:55,0,2667,0,180
宿霧航空,5J311,TPE,MNL,2025-06-30,2025-06-30,2:15,4:50,0,2636,0,180
宿霧航空,5J311,TPE,MNL,2025-07-02,2025-07-02,2:15,4:50,0,2636,0,180
宿霧航空,5J311,TPE,MNL,2025-07-03,2025-07-03,2:15,4:50,0,2636,0,180
宿霧航空,5J311,TPE,MNL,2025-07-04,2025-07-04,2:15,4:50,0,2636,0,180
宿霧航空,5J311,TPE,MNL,2025-07-05,2025-07-05,2:15,4:50,0,2636,0,180
宿霧航空,5J313,TPE,MNL,2025-06-30,2025-06-30,10:30,13:05,0,2667,0,180
宿霧航空,5J313,TPE,MNL,2025-07-01,2025-07-01,10:30,13:05,0,2667,0,180
宿霧航空,5J313,TPE,MNL,2025-07-02,2025-07-02,10:30,13:05,0,2667,0,180
宿霧航空,5J313,TPE,MNL,2025-07-03,2025-07-03,10:30,13:05,0,2667,0,180
宿霧航空,5J313,TPE,MNL,2025-07-04,2025-07-04,10:30,13:05,0,2667,0,180
宿霧航空,5J313,TPE,MNL,2025-07-05,2025-07-05,10:30,13:05,0,2667,0,180
宿霧航空,5J313,TPE,MNL,2025-07-06,2025-07-06,10:30,13:05,0,2667,0,180
宿霧航空,5J312,MNL,TPE,2025-06-30,2025-06-30,7:00,9:15,0,2636,0,180
宿霧航空,5J312,MNL,TPE,2025-07-01,2025-07-01,7:00,9:15,0,2636,0,180
宿霧航空,5J312,MNL,TPE,2025-07-02,2025-07-02,7:00,9:15,0,2636,0,180
宿霧航空,5J312,MNL,TPE,2025-07-03,2025-07-03,7:00,9:15,0,2636,0,180
宿霧航空,5J312,MNL,TPE,2025-07-04,2025-07-04,7:00,9:15,0,2636,0,180
宿霧航空,5J312,MNL,TPE,2025-07-05,2025-07-05,7:00,9:15,0,2636,0,180
宿霧航空,5J312,MNL,TPE,2025-07-06,2025-07-06,7:00,9:15,0,2636,0,180
宿霧航空,5J310,MNL,TPE,2025-06-30,2025-06-30,22:40,0:55,0,2667,0,180
宿霧航空,5J310,MNL,TPE,2025-07-01,2025-07-01,22:40,0:55,0,2667,0,180
宿霧航空,5J310,MNL,TPE,2025-07-03,2025-07-03,22:40,0:55,0,2667,0,180
宿霧航空,5J310,MNL,TPE,2025-07-04,2025-07-04,22:40,0:55,0,2667,0,180
宿霧航空,5J310,MNL,TPE,2025-07-06,2025-07-06,22:40,0:55,0,2667,0,180
宿霧航空,5J311,TPE,MNL,2025-07-07,2025-07-07,2:15,4:50,0,2636,0,180
宿霧航空,5J311,TPE,MNL,2025-07-09,2025-07-09,2:15,4:50,0,2636,0,180
宿霧航空,5J311,TPE,MNL,2025-07-10,2025-07-10,2:15,4:50,0,2636,0,180
宿霧航空,5J311,TPE,MNL,2025-07-11,2025-07-11,2:15,4:50,0,2636,0,180
宿霧航空,5J311,TPE,MNL,2025-07-12,2025-07-12,2:15,4:50,0,2636,0,180
宿霧航空,5J313,TPE,MNL,2025-07-07,2025-07-07,10:30,13:05,0,2667,0,180
宿霧航空,5J313,TPE,MNL,2025-07-08,2025-07-08,10:30,13:05,0,2667,0,180
宿霧航空,5J313,TPE,MNL,2025-07-09,2025-07-09,10:30,13:05,0,2667,0,180
宿霧航空,5J313,TPE,MNL,2025-07-10,2025-07-10,10:30,13:05,0,2667,0,180
宿霧航空,5J313,TPE,MNL,2025-07-11,2025-07-11,10:30,13:05,0,2667,0,180
宿霧航空,5J313,TPE,MNL,2025-07-12,2025-07-12,10:30,13:05,0,2667,0,180
宿霧航空,5J313,TPE,MNL,2025-07-13,2025-07-13,10:30,13:05,0,2667,0,180
宿霧航空,5J312,MNL,TPE,2025-07-07,2025-07-07,7:00,9:15,0,2636,0,180
宿霧航空,5J312,MNL,TPE,2025-07-08,2025-07-08,7:00,9:15,0,2636,0,180
宿霧航空,5J312,MNL,TPE,2025-07-09,2025-07-09,7:00,9:15,0,2636,0,180
宿霧航空,5J312,MNL,TPE,2025-07-10,2025-07-10,7:00,9:15,0,2636,0,180
宿霧航空,5J312,MNL,TPE,2025-07-11,2025-07-11,7:00,9:15,0,2636,0,180
宿霧航空,5J312,MNL,TPE,2025-07-12,2025-07-12,7:00,9:15,0,2636,0,180
宿霧航空,5J312,MNL,TPE,2025-07-13,2025-07-13,7:00,9:15,0,2636,0,180
宿霧航空,5J310,MNL,TPE,2025-07-07,2025-07-07,22:40,0:55,0,2667,0,180
宿霧航空,5J310,MNL,TPE,2025-07-08,2025-07-08,22:40,0:55,0,2667,0,180
宿霧航空,5J310,MNL,TPE,2025-07-10,2025-07-10,22:40,0:55,0,2667,0,180
宿霧航空,5J310,MNL,TPE,2025-07-11,2025-07-11,22:40,0:55,0,2667,0,180
宿霧航空,5J310,MNL,TPE,2025-07-13,2025-07-13,22:40,0:55,0,2667,0,180
宿霧航空,5J311,TPE,MNL,2025-07-14,2025-07-14,2:15,4:50,0,2636,0,180
宿霧航空,5J311,TPE,MNL,2025-07-16,2025-07-16,2:15,4:50,0,2636,0,180
宿霧航空,5J311,TPE,MNL,2025-07-17,2025-07-17,2:15,4:50,0,2636,0,180
宿霧航空,5J311,TPE,MNL,2025-07-18,2025-07-18,2:15,4:50,0,2636,0,180
宿霧航空,5J311,TPE,MNL,2025-07-19,2025-07-19,2:15,4:50,0,2636,0,180
宿霧航空,5J313,TPE,MNL,2025-07-14,2025-07-14,10:30,13:05,0,2667,0,180
宿霧航空,5J313,TPE,MNL,2025-07-15,2025-07-15,10:30,13:05,0,2667,0,180
宿霧航空,5J313,TPE,MNL,2025-07-16,2025-07-16,10:30,13:05,0,2667,0,180
宿霧航空,5J313,TPE,MNL,2025-07-17,2025-07-17,10:30,13:05,0,2667,0,180
宿霧航空,5J313,TPE,MNL,2025-07-18,2025-07-18,10:30,13:05,0,2667,0,180
宿霧航空,5J313,TPE,MNL,2025-07-19,2025-07-19,10:30,13:05,0,2667,0,180
宿霧航空,5J313,TPE,MNL,2025-07-20,2025-07-20,10:30,13:05,0,2667,0,180
宿霧航空,5J312,MNL,TPE,2025-07-14,2025-07-14,7:00,9:15,0,2636,0,180
宿霧航空,5J312,MNL,TPE,2025-07-15,2025-07-15,7:00,9:15,0,2636,0,180
宿霧航空,5J312,MNL,TPE,2025-07-16,2025-07-16,7:00,9:15,0,2636,0,180
宿霧航空,5J312,MNL,TPE,2025-07-17,2025-07-17,7:00,9:15,0,2636,0,180
宿霧航空,5J312,MNL,TPE,2025-07-18,2025-07-18,7:00,9:15,0,2636,0,180
宿霧航空,5J312,MNL,TPE,2025-07-19,2025-07-19,7:00,9:15,0,2636,0,180
宿霧航空,5J312,MNL,TPE,2025-07-20,2025-07-20,7:00,9:15,0,2636,0,180
宿霧航空,5J310,MNL,TPE,2025-07-14,2025-07-14,22:40,0:55,0,2667,0,180
宿霧航空,5J310,MNL,TPE,2025-07-15,2025-07-15,22:40,0:55,0,2667,0,180
宿霧航空,5J310,MNL,TPE,2025-07-17,2025-07-17,22:40,0:55,0,2667,0,180
宿霧航空,5J310,MNL,TPE,2025-07-18,2025-07-18,22:40,0:55,0,2667,0,180
宿霧航空,5J310,MNL,TPE,2025-07-20,2025-07-20,22:40,0:55,0,2667,0,180
宿霧航空,5J311,TPE,MNL,2025-07-21,2025-07-21,2:15,4:50,0,2636,0,180
宿霧航空,5J311,TPE,MNL,2025-07-23,2025-07-23,2:15,4:50,0,2636,0,180
宿霧航空,5J311,TPE,MNL,2025-07-24,2025-07-24,2:15,4:50,0,2636,0,180
宿霧航空,5J311,TPE,MNL,2025-07-25,2025-07-25,2:15,4:50,0,2636,0,180
宿霧航空,5J311,TPE,MNL,2025-07-26,2025-07-26,2:15,4:50,0,2636,0,180
宿霧航空,5J313,TPE,MNL,2025-07-21,2025-07-21,10:30,13:05,0,2667,0,180
宿霧航空,5J313,TPE,MNL,2025-07-22,2025-07-22,10:30,13:05,0,2667,0,180
宿霧航空,5J313,TPE,MNL,2025-07-23,2025-07-23,10:30,13:05,0,2667,0,180
宿霧航空,5J313,TPE,MNL,2025-07-24,2025-07-24,10:30,13:05,0,2667,0,180
宿霧航空,5J313,TPE,MNL,2025-07-25,2025-07-25,10:30,13:05,0,2667,0,180
宿霧航空,5J313,TPE,MNL,2025-07-26,2025-07-26,10:30,13:05,0,2667,0,180
宿霧航空,5J313,TPE,MNL,2025-07-27,2025-07-27,10:30,13:05,0,2667,0,180
宿霧航空,5J312,MNL,TPE,2025-07-21,2025-07-21,7:00,9:15,0,2636,0,180
宿霧航空,5J312,MNL,TPE,2025-07-22,2025-07-22,7:00,9:15,0,2636,0,180
宿霧航空,5J312,MNL,TPE,2025-07-23,2025-07-23,7:00,9:15,0,2636,0,180
宿霧航空,5J312,MNL,TPE,2025-07-24,2025-07-24,7:00,9:15,0,2636,0,180
宿霧航空,5J312,MNL,TPE,2025-07-25,2025-07-25,7:00,9:15,0,2636,0,180
宿霧航空,5J312,MNL,TPE,2025-07-26,2025-07-26,7:00,9:15,0,2636,0,180
宿霧航空,5J312,MNL,TPE,2025-07-27,2025-07-27,7:00,9:15,0,2636,0,180
宿霧航空,5J310,MNL,TPE,2025-07-21,2025-07-21,22:40,0:55,0,2667,0,180
宿霧航空,5J310,MNL,TPE,2025-07-22,2025-07-22,22:40,0:55,0,2667,0,180
宿霧航空,5J310,MNL,TPE,2025-07-24,2025-07-24,22:40,0:55,0,2667,0,180
宿霧航空,5J310,MNL,TPE,2025-07-25,2025-07-25,22:40,0:55,0,2667,0,180
宿霧航空,5J310,MNL,TPE,2025-07-27,2025-07-27,22:40,0:55,0,2667,0,180
宿霧航空,5J311,TPE,MNL,2025-07-28,2025-07-28,2:15,4:50,0,2636,0,180
宿霧航空,5J311,TPE,MNL,2025-07-30,2025-07-30,2:15,4:50,0,2636,0,180
宿霧航空,5J311,TPE,MNL,2025-07-31,2025-07-31,2:15,4:50,0,2636,0,180
宿霧航空,5J311,TPE,MNL,2025-08-01,2025-08-01,2:15,4:50,0,2636,0,180
宿霧航空,5J311,TPE,MNL,2025-08-02,2025-08-02,2:15,4:50,0,2636,0,180
宿霧航空,5J313,TPE,MNL,2025-07-28,2025-07-28,10:30,13:05,0,2667,0,180
宿霧航空,5J313,TPE,MNL,2025-07-29,2025-07-29,10:30,13:05,0,2667,0,180
宿霧航空,5J313,TPE,MNL,2025-07-30,2025-07-30,10:30,13:05,0,2667,0,180
宿霧航空,5J313,TPE,MNL,2025-07-31,2025-07-31,10:30,13:05,0,2667,0,180
宿霧航空,5J313,TPE,MNL,2025-08-01,2025-08-01,10:30,13:05,0,2667,0,180
宿霧航空,5J313,TPE,MNL,2025-08-02,2025-08-02,10:30,13:05,0,2667,0,180
宿霧航空,5J313,TPE,MNL,2025-08-03,2025-08-03,10:30,13:05,0,2667,0,180
宿霧航空,5J312,MNL,TPE,2025-07-28,2025-07-28,7:00,9:15,0,2636,0,180
宿霧航空,5J312,MNL,TPE,2025-07-29,2025-07-29,7:00,9:15,0,2636,0,180
宿霧航空,5J312,MNL,TPE,2025-07-30,2025-07-30,7:00,9:15,0,2636,0,180
宿霧航空,5J312,MNL,TPE,2025-07-31,2025-07-31,7:00,9:15,0,2636,0,180
宿霧航空,5J312,MNL,TPE,2025-08-01,2025-08-01,7:00,9:15,0,2636,0,180
宿霧航空,5J312,MNL,TPE,2025-08-02,2025-08-02,7:00,9:15,0,2636,0,180
宿霧航空,5J312,MNL,TPE,2025-08-03,2025-08-03,7:00,9:15,0,2636,0,180
宿霧航空,5J310,MNL,TPE,2025-07-28,2025-07-28,22:40,0:55,0,2667,0,180
宿霧航空,5J310,MNL,TPE,2025-07-29,2025-07-29,22:40,0:55,0,2667,0,180
宿霧航空,5J310,MNL,TPE,2025-07-31,2025-07-31,22:40,0:55,0,2667,0,180
宿霧航空,5J310,MNL,TPE,2025-08-01,2025-08-01,22:40,0:55,0,2667,0,180
宿霧航空,5J310,MNL,TPE,2025-08-03,2025-08-03,22:40,0:55,0,2667,0,180
宿霧航空,5J311,TPE,MNL,2025-08-04,2025-08-04,2:15,4:50,0,2636,0,180
宿霧航空,5J311,TPE,MNL,2025-08-06,2025-08-06,2:15,4:50,0,2636,0,180
宿霧航空,5J311,TPE,MNL,2025-08-07,2025-08-07,2:15,4:50,0,2636,0,180
宿霧航空,5J311,TPE,MNL,2025-08-08,2025-08-08,2:15,4:50,0,2636,0,180
宿霧航空,5J311,TPE,MNL,2025-08-09,2025-08-09,2:15,4:50,0,2636,0,180
宿霧航空,5J313,TPE,MNL,2025-08-04,2025-08-04,10:30,13:05,0,2667,0,180
宿霧航空,5J313,TPE,MNL,2025-08-05,2025-08-05,10:30,13:05,0,2667,0,180
宿霧航空,5J313,TPE,MNL,2025-08-06,2025-08-06,10:30,13:05,0,2667,0,180
宿霧航空,5J313,TPE,MNL,2025-08-07,2025-08-07,10:30,13:05,0,2667,0,180
宿霧航空,5J313,TPE,MNL,2025-08-08,2025-08-08,10:30,13:05,0,2667,0,180
宿霧航空,5J313,TPE,MNL,2025-08-09,2025-08-09,10:30,13:05,0,2667,0,180
宿霧航空,5J313,TPE,MNL,2025-08-10,2025-08-10,10:30,13:05,0,2667,0,180
宿霧航空,5J312,MNL,TPE,2025-08-04,2025-08-04,7:00,9:15,0,2636,0,180
宿霧航空,5J312,MNL,TPE,2025-08-05,2025-08-05,7:00,9:15,0,2636,0,180
宿霧航空,5J312,MNL,TPE,2025-08-06,2025-08-06,7:00,9:15,0,2636,0,180
宿霧航空,5J312,MNL,TPE,2025-08-07,2025-08-07,7:00,9:15,0,2636,0,180
宿霧航空,5J312,MNL,TPE,2025-08-08,2025-08-08,7:00,9:15,0,2636,0,180
宿霧航空,5J312,MNL,TPE,2025-08-09,2025-08-09,7:00,9:15,0,2636,0,180
宿霧航空,5J312,MNL,TPE,2025-08-10,2025-08-10,7:00,9:15,0,2636,0,180
宿霧航空,5J310,MNL,TPE,2025-08-04,2025-08-04,22:40,0:55,0,2667,0,180
宿霧航空,5J310,MNL,TPE,2025-08-05,2025-08-05,22:40,0:55,0,2667,0,180
宿霧航空,5J310,MNL,TPE,2025-08-07,2025-08-07,22:40,0:55,0,2667,0,180
宿霧航空,5J310,MNL,TPE,2025-08-08,2025-08-08,22:40,0:55,0,2667,0,180
宿霧航空,5J310,MNL,TPE,2025-08-10,2025-08-10,22:40,0:55,0,2667,0,180
宿霧航空,5J311,TPE,MNL,2025-08-11,2025-08-11,2:15,4:50,0,2636,0,180
宿霧航空,5J311,TPE,MNL,2025-08-13,2025-08-13,2:15,4:50,0,2636,0,180
宿霧航空,5J311,TPE,MNL,2025-08-14,2025-08-14,2:15,4:50,0,2636,0,180
宿霧航空,5J311,TPE,MNL,2025-08-15,2025-08-15,2:15,4:50,0,2636,0,180
宿霧航空,5J311,TPE,MNL,2025-08-16,2025-08-16,2:15,4:50,0,2636,0,180
宿霧航空,5J313,TPE,MNL,2025-08-11,2025-08-11,10:30,13:05,0,2667,0,180
宿霧航空,5J313,TPE,MNL,2025-08-12,2025-08-12,10:30,13:05,0,2667,0,180
宿霧航空,5J313,TPE,MNL,2025-08-13,2025-08-13,10:30,13:05,0,2667,0,180
宿霧航空,5J313,TPE,MNL,2025-08-14,2025-08-14,10:30,13:05,0,2667,0,180
宿霧航空,5J313,TPE,MNL,2025-08-15,2025-08-15,10:30,13:05,0,2667,0,180
宿霧航空,5J313,TPE,MNL,2025-08-16,2025-08-16,10:30,13:05,0,2667,0,180
宿霧航空,5J313,TPE,MNL,2025-08-17,2025-08-17,10:30,13:05,0,2667,0,180
宿霧航空,5J312,MNL,TPE,2025-08-11,2025-08-11,7:00,9:15,0,2636,0,180
宿霧航空,5J312,MNL,TPE,2025-08-12,2025-08-12,7:00,9:15,0,2636,0,180
宿霧航空,5J312,MNL,TPE,2025-08-13,2025-08-13,7:00,9:15,0,2636,0,180
宿霧航空,5J312,MNL,TPE,2025-08-14,2025-08-14,7:00,9:15,0,2636,0,180
宿霧航空,5J312,MNL,TPE,2025-08-15,2025-08-15,7:00,9:15,0,2636,0,180
宿霧航空,5J312,MNL,TPE,2025-08-16,2025-08-16,7:00,9:15,0,2636,0,180
宿霧航空,5J312,MNL,TPE,2025-08-17,2025-08-17,7:00,9:15,0,2636,0,180
宿霧航空,5J310,MNL,TPE,2025-08-11,2025-08-11,22:40,0:55,0,2667,0,180
宿霧航空,5J310,MNL,TPE,2025-08-12,2025-08-12,22:40,0:55,0,2667,0,180
宿霧航空,5J310,MNL,TPE,2025-08-14,2025-08-14,22:40,0:55,0,2667,0,180
宿霧航空,5J310,MNL,TPE,2025-08-15,2025-08-15,22:40,0:55,0,2667,0,180
宿霧航空,5J310,MNL,TPE,2025-08-17,2025-08-17,22:40,0:55,0,2667,0,180
宿霧航空,5J311,TPE,MNL,2025-08-18,2025-08-18,2:15,4:50,0,2636,0,180
宿霧航空,5J311,TPE,MNL,2025-08-20,2025-08-20,2:15,4:50,0,2636,0,180
宿霧航空,5J311,TPE,MNL,2025-08-21,2025-08-21,2:15,4:50,0,2636,0,180
宿霧航空,5J311,TPE,MNL,2025-08-22,2025-08-22,2:15,4:50,0,2636,0,180
宿霧航空,5J311,TPE,MNL,2025-08-23,2025-08-23,2:15,4:50,0,2636,0,180
宿霧航空,5J313,TPE,MNL,2025-08-18,2025-08-18,10:30,13:05,0,2667,0,180
宿霧航空,5J313,TPE,MNL,2025-08-19,2025-08-19,10:30,13:05,0,2667,0,180
宿霧航空,5J313,TPE,MNL,2025-08-20,2025-08-20,10:30,13:05,0,2667,0,180
宿霧航空,5J313,TPE,MNL,2025-08-21,2025-08-21,10:30,13:05,0,2667,0,180
宿霧航空,5J313,TPE,MNL,2025-08-22,2025-08-22,10:30,13:05,0,2667,0,180
宿霧航空,5J313,TPE,MNL,2025-08-23,2025-08-23,10:30,13:05,0,2667,0,180
宿霧航空,5J313,TPE,MNL,2025-08-24,2025-08-24,10:30,13:05,0,2667,0,180
宿霧航空,5J312,MNL,TPE,2025-08-18,2025-08-18,7:00,9:15,0,2636,0,180
宿霧航空,5J312,MNL,TPE,2025-08-19,2025-08-19,7:00,9:15,0,2636,0,180
宿霧航空,5J312,MNL,TPE,2025-08-20,2025-08-20,7:00,9:15,0,2636,0,180
宿霧航空,5J312,MNL,TPE,2025-08-21,2025-08-21,7:00,9:15,0,2636,0,180
宿霧航空,5J312,MNL,TPE,2025-08-22,2025-08-22,7:00,9:15,0,2636,0,180
宿霧航空,5J312,MNL,TPE,2025-08-23,2025-08-23,7:00,9:15,0,2636,0,180
宿霧航空,5J312,MNL,TPE,2025-08-24,2025-08-24,7:00,9:15,0,2636,0,180
宿霧航空,5J310,MNL,TPE,2025-08-18,2025-08-18,22:40,0:55,0,2667,0,180
宿霧航空,5J310,MNL,TPE,2025-08-19,2025-08-19,22:40,0:55,0,2667,0,180
宿霧航空,5J310,MNL,TPE,2025-08-21,2025-08-21,22:40,0:55,0,2667,0,180
宿霧航空,5J310,MNL,TPE,2025-08-22,2025-08-22,22:40,0:55,0,2667,0,180
宿霧航空,5J310,MNL,TPE,2025-08-24,2025-08-24,22:40,0:55,0,2667,0,180
宿霧航空,5J311,TPE,MNL,2025-08-25,2025-08-25,2:15,4:50,0,2636,0,180
宿霧航空,5J311,TPE,MNL,2025-08-27,2025-08-27,2:15,4:50,0,2636,0,180
宿霧航空,5J311,TPE,MNL,2025-08-28,2025-08-28,2:15,4:50,0,2636,0,180
宿霧航空,5J311,TPE,MNL,2025-08-29,2025-08-29,2:15,4:50,0,2636,0,180
宿霧航空,5J311,TPE,MNL,2025-08-30,2025-08-30,2:15,4:50,0,2636,0,180
宿霧航空,5J313,TPE,MNL,2025-08-25,2025-08-25,10:30,13:05,0,2667,0,180
宿霧航空,5J313,TPE,MNL,2025-08-26,2025-08-26,10:30,13:05,0,2667,0,180
宿霧航空,5J313,TPE,MNL,2025-08-27,2025-08-27,10:30,13:05,0,2667,0,180
宿霧航空,5J313,TPE,MNL,2025-08-28,2025-08-28,10:30,13:05,0,2667,0,180
宿霧航空,5J313,TPE,MNL,2025-08-29,2025-08-29,10:30,13:05,0,2667,0,180
宿霧航空,5J313,TPE,MNL,2025-08-30,2025-08-30,10:30,13:05,0,2667,0,180
宿霧航空,5J313,TPE,MNL,2025-08-31,2025-08-31,10:30,13:05,0,2667,0,180
宿霧航空,5J312,MNL,TPE,2025-08-25,2025-08-25,7:00,9:15,0,2636,0,180
宿霧航空,5J312,MNL,TPE,2025-08-26,2025-08-26,7:00,9:15,0,2636,0,180
宿霧航空,5J312,MNL,TPE,2025-08-27,2025-08-27,7:00,9:15,0,2636,0,180
宿霧航空,5J312,MNL,TPE,2025-08-28,2025-08-28,7:00,9:15,0,2636,0,180
宿霧航空,5J312,MNL,TPE,2025-08-29,2025-08-29,7:00,9:15,0,2636,0,180
宿霧航空,5J312,MNL,TPE,2025-08-30,2025-08-30,7:00,9:15,0,2636,0,180
宿霧航空,5J312,MNL,TPE,2025-08-31,2025-08-31,7:00,9:15,0,2636,0,180
宿霧航空,5J310,MNL,TPE,2025-08-25,2025-08-25,22:40,0:55,0,2667,0,180
宿霧航空,5J310,MNL,TPE,2025-08-26,2025-08-26,22:40,0:55,0,2667,0,180
宿霧航空,5J310,MNL,TPE,2025-08-28,2025-08-28,22:40,0:55,0,2667,0,180
宿霧航空,5J310,MNL,TPE,2025-08-29,2025-08-29,22:40,0:55,0,2667,0,180
宿霧航空,5J310,MNL,TPE,2025-08-31,2025-08-31,22:40,0:55,0,2667,0,180
宿霧航空,5J311,TPE,MNL,2025-09-01,2025-09-01,2:15,4:50,0,2636,0,180
宿霧航空,5J311,TPE,MNL,2025-09-03,2025-09-03,2:15,4:50,0,2636,0,180
宿霧航空,5J311,TPE,MNL,2025-09-04,2025-09-04,2:15,4:50,0,2636,0,180
宿霧航空,5J311,TPE,MNL,2025-09-05,2025-09-05,2:15,4:50,0,2636,0,180
宿霧航空,5J311,TPE,MNL,2025-09-06,2025-09-06,2:15,4:50,0,2636,0,180
宿霧航空,5J313,TPE,MNL,2025-09-01,2025-09-01,10:30,13:05,0,2667,0,180
宿霧航空,5J313,TPE,MNL,2025-09-02,2025-09-02,10:30,13:05,0,2667,0,180
宿霧航空,5J313,TPE,MNL,2025-09-03,2025-09-03,10:30,13:05,0,2667,0,180
宿霧航空,5J313,TPE,MNL,2025-09-04,2025-09-04,10:30,13:05,0,2667,0,180
宿霧航空,5J313,TPE,MNL,2025-09-05,2025-09-05,10:30,13:05,0,2667,0,180
宿霧航空,5J313,TPE,MNL,2025-09-06,2025-09-06,10:30,13:05,0,2667,0,180
宿霧航空,5J313,TPE,MNL,2025-09-07,2025-09-07,10:30,13:05,0,2667,0,180
宿霧航空,5J312,MNL,TPE,2025-09-01,2025-09-01,7:00,9:15,0,2636,0,180
宿霧航空,5J312,MNL,TPE,2025-09-02,2025-09-02,7:00,9:15,0,2636,0,180
宿霧航空,5J312,MNL,TPE,2025-09-03,2025-09-03,7:00,9:15,0,2636,0,180
宿霧航空,5J312,MNL,TPE,2025-09-04,2025-09-04,7:00,9:15,0,2636,0,180
宿霧航空,5J312,MNL,TPE,2025-09-05,2025-09-05,7:00,9:15,0,2636,0,180
宿霧航空,5J312,MNL,TPE,2025-09-06,2025-09-06,7:00,9:15,0,2636,0,180
宿霧航空,5J312,MNL,TPE,2025-09-07,2025-09-07,7:00,9:15,0,2636,0,180
宿霧航空,5J310,MNL,TPE,2025-09-01,2025-09-01,22:40,0:55,0,2667,0,180
宿霧航空,5J310,MNL,TPE,2025-09-02,2025-09-02,22:40,0:55,0,2667,0,180
宿霧航空,5J310,MNL,TPE,2025-09-04,2025-09-04,22:40,0:55,0,2667,0,180
宿霧航空,5J310,MNL,TPE,2025-09-05,2025-09-05,22:40,0:55,0,2667,0,180
宿霧航空,5J310,MNL,TPE,2025-09-07,2025-09-07,22:40,0:55,0,2667,0,180
宿霧航空,5J311,TPE,MNL,2025-09-08,2025-09-08,2:15,4:50,0,2636,0,180
宿霧航空,5J311,TPE,MNL,2025-09-10,2025-09-10,2:15,4:50,0,2636,0,180
宿霧航空,5J311,TPE,MNL,2025-09-11,2025-09-11,2:15,4:50,0,2636,0,180
宿霧航空,5J311,TPE,MNL,2025-09-12,2025-09-12,2:15,4:50,0,2636,0,180
宿霧航空,5J311,TPE,MNL,2025-09-13,2025-09-13,2:15,4:50,0,2636,0,180
宿霧航空,5J313,TPE,MNL,2025-09-08,2025-09-08,10:30,13:05,0,2667,0,180
宿霧航空,5J313,TPE,MNL,2025-09-09,2025-09-09,10:30,13:05,0,2667,0,180
宿霧航空,5J313,TPE,MNL,2025-09-10,2025-09-10,10:30,13:05,0,2667,0,180
宿霧航空,5J313,TPE,MNL,2025-09-11,2025-09-11,10:30,13:05,0,2667,0,180
宿霧航空,5J313,TPE,MNL,2025-09-12,2025-09-12,10:30,13:05,0,2667,0,180
宿霧航空,5J313,TPE,MNL,2025-09-13,2025-09-13,10:30,13:05,0,2667,0,180
宿霧航空,5J313,TPE,MNL,2025-09-14,2025-09-14,10:30,13:05,0,2667,0,180
宿霧航空,5J312,MNL,TPE,2025-09-08,2025-09-08,7:00,9:15,0,2636,0,180
宿霧航空,5J312,MNL,TPE,2025-09-09,2025-09-09,7:00,9:15,0,2636,0,180
宿霧航空,5J312,MNL,TPE,2025-09-10,2025-09-10,7:00,9:15,0,2636,0,180
宿霧航空,5J312,MNL,TPE,2025-09-11,2025-09-11,7:00,9:15,0,2636,0,180
宿霧航空,5J312,MNL,TPE,2025-09-12,2025-09-12,7:00,9:15,0,2636,0,180
宿霧航空,5J312,MNL,TPE,2025-09-13,2025-09-13,7:00,9:15,0,2636,0,180
宿霧航空,5J312,MNL,TPE,2025-09-14,2025-09-14,7:00,9:15,0,2636,0,180
宿霧航空,5J310,MNL,TPE,2025-09-08,2025-09-08,22:40,0:55,0,2667,0,180
宿霧航空,5J310,MNL,TPE,2025-09-09,2025-09-09,22:40,0:55,0,2667,0,180
宿霧航空,5J310,MNL,TPE,2025-09-11,2025-09-11,22:40,0:55,0,2667,0,180
宿霧航空,5J310,MNL,TPE,2025-09-12,2025-09-12,22:40,0:55,0,2667,0,180
宿霧航空,5J310,MNL,TPE,2025-09-14,2025-09-14,22:40,0:55,0,2667,0,180
宿霧航空,5J311,TPE,MNL,2025-09-15,2025-09-15,2:15,4:50,0,2636,0,180
宿霧航空,5J311,TPE,MNL,2025-09-17,2025-09-17,2:15,4:50,0,2636,0,180
宿霧航空,5J311,TPE,MNL,2025-09-18,2025-09-18,2:15,4:50,0,2636,0,180
宿霧航空,5J311,TPE,MNL,2025-09-19,2025-09-19,2:15,4:50,0,2636,0,180
宿霧航空,5J311,TPE,MNL,2025-09-20,2025-09-20,2:15,4:50,0,2636,0,180
宿霧航空,5J313,TPE,MNL,2025-09-15,2025-09-15,10:30,13:05,0,2667,0,180
宿霧航空,5J313,TPE,MNL,2025-09-16,2025-09-16,10:30,13:05,0,2667,0,180
宿霧航空,5J313,TPE,MNL,2025-09-17,2025-09-17,10:30,13:05,0,2667,0,180
宿霧航空,5J313,TPE,MNL,2025-09-18,2025-09-18,10:30,13:05,0,2667,0,180
宿霧航空,5J313,TPE,MNL,2025-09-19,2025-09-19,10:30,13:05,0,2667,0,180
宿霧航空,5J313,TPE,MNL,2025-09-20,2025-09-20,10:30,13:05,0,2667,0,180
宿霧航空,5J313,TPE,MNL,2025-09-21,2025-09-21,10:30,13:05,0,2667,0,180
宿霧航空,5J312,MNL,TPE,2025-09-15,2025-09-15,7:00,9:15,0,2636,0,180
宿霧航空,5J312,MNL,TPE,2025-09-16,2025-09-16,7:00,9:15,0,2636,0,180
宿霧航空,5J312,MNL,TPE,2025-09-17,2025-09-17,7:00,9:15,0,2636,0,180
宿霧航空,5J312,MNL,TPE,2025-09-18,2025-09-18,7:00,9:15,0,2636,0,180
宿霧航空,5J312,MNL,TPE,2025-09-19,2025-09-19,7:00,9:15,0,2636,0,180
宿霧航空,5J312,MNL,TPE,2025-09-20,2025-09-20,7:00,9:15,0,2636,0,180
宿霧航空,5J312,MNL,TPE,2025-09-21,2025-09-21,7:00,9:15,0,2636,0,180
宿霧航空,5J310,MNL,TPE,2025-09-15,2025-09-15,22:40,0:55,0,2667,0,180
宿霧航空,5J310,MNL,TPE,2025-09-16,2025-09-16,22:40,0:55,0,2667,0,180
宿霧航空,5J310,MNL,TPE,2025-09-18,2025-09-18,22:40,0:55,0,2667,0,180
宿霧航空,5J310,MNL,TPE,2025-09-19,2025-09-19,22:40,0:55,0,2667,0,180
宿霧航空,5J310,MNL,TPE,2025-09-21,2025-09-21,22:40,0:55,0,2667,0,180
宿霧航空,5J311,TPE,MNL,2025-09-22,2025-09-22,2:15,4:50,0,2636,0,180
宿霧航空,5J311,TPE,MNL,2025-09-24,2025-09-24,2:15,4:50,0,2636,0,180
宿霧航空,5J311,TPE,MNL,2025-09-25,2025-09-25,2:15,4:50,0,2636,0,180
宿霧航空,5J311,TPE,MNL,2025-09-26,2025-09-26,2:15,4:50,0,2636,0,180
宿霧航空,5J311,TPE,MNL,2025-09-27,2025-09-27,2:15,4:50,0,2636,0,180
宿霧航空,5J313,TPE,MNL,2025-09-22,2025-09-22,10:30,13:05,0,2667,0,180
宿霧航空,5J313,TPE,MNL,2025-09-23,2025-09-23,10:30,13:05,0,2667,0,180
宿霧航空,5J313,TPE,MNL,2025-09-24,2025-09-24,10:30,13:05,0,2667,0,180
宿霧航空,5J313,TPE,MNL,2025-09-25,2025-09-25,10:30,13:05,0,2667,0,180
宿霧航空,5J313,TPE,MNL,2025-09-26,2025-09-26,10:30,13:05,0,2667,0,180
宿霧航空,5J313,TPE,MNL,2025-09-27,2025-09-27,10:30,13:05,0,2667,0,180
宿霧航空,5J313,TPE,MNL,2025-09-28,2025-09-28,10:30,13:05,0,2667,0,180
宿霧航空,5J312,MNL,TPE,2025-09-22,2025-09-22,7:00,9:15,0,2636,0,180
宿霧航空,5J312,MNL,TPE,2025-09-23,2025-09-23,7:00,9:15,0,2636,0,180
宿霧航空,5J312,MNL,TPE,2025-09-24,2025-09-24,7:00,9:15,0,2636,0,180
宿霧航空,5J312,MNL,TPE,2025-09-25,2025-09-25,7:00,9:15,0,2636,0,180
宿霧航空,5J312,MNL,TPE,2025-09-26,2025-09-26,7:00,9:15,0,2636,0,180
宿霧航空,5J312,MNL,TPE,2025-09-27,2025-09-27,7:00,9:15,0,2636,0,180
宿霧航空,5J312,MNL,TPE,2025-09-28,2025-09-28,7:00,9:15,0,2636,0,180
宿霧航空,5J310,MNL,TPE,2025-09-22,2025-09-22,22:40,0:55,0,2667,0,180
宿霧航空,5J310,MNL,TPE,2025-09-23,2025-09-23,22:40,0:55,0,2667,0,180
宿霧航空,5J310,MNL,TPE,2025-09-25,2025-09-25,22:40,0:55,0,2667,0,180
宿霧航空,5J310,MNL,TPE,2025-09-26,2025-09-26,22:40,0:55,0,2667,0,180
宿霧航空,5J310,MNL,TPE,2025-09-28,2025-09-28,22:40,0:55,0,2667,0,180
宿霧航空,5J311,TPE,MNL,2025-09-29,2025-09-29,2:15,4:50,0,2636,0,180
宿霧航空,5J311,TPE,MNL,2025-10-01,2025-10-01,2:15,4:50,0,2636,0,180
宿霧航空,5J311,TPE,MNL,2025-10-02,2025-10-02,2:15,4:50,0,2636,0,180
宿霧航空,5J311,TPE,MNL,2025-10-03,2025-10-03,2:15,4:50,0,2636,0,180
宿霧航空,5J311,TPE,MNL,2025-10-04,2025-10-04,2:15,4:50,0,2636,0,180
宿霧航空,5J313,TPE,MNL,2025-09-29,2025-09-29,10:30,13:05,0,2667,0,180
宿霧航空,5J313,TPE,MNL,2025-09-30,2025-09-30,10:30,13:05,0,2667,0,180
宿霧航空,5J313,TPE,MNL,2025-10-01,2025-10-01,10:30,13:05,0,2667,0,180
宿霧航空,5J313,TPE,MNL,2025-10-02,2025-10-02,10:30,13:05,0,2667,0,180
宿霧航空,5J313,TPE,MNL,2025-10-03,2025-10-03,10:30,13:05,0,2667,0,180
宿霧航空,5J313,TPE,MNL,2025-10-04,2025-10-04,10:30,13:05,0,2667,0,180
宿霧航空,5J313,TPE,MNL,2025-10-05,2025-10-05,10:30,13:05,0,2667,0,180
宿霧航空,5J312,MNL,TPE,2025-09-29,2025-09-29,7:00,9:15,0,2636,0,180
宿霧航空,5J312,MNL,TPE,2025-09-30,2025-09-30,7:00,9:15,0,2636,0,180
宿霧航空,5J312,MNL,TPE,2025-10-01,2025-10-01,7:00,9:15,0,2636,0,180
宿霧航空,5J312,MNL,TPE,2025-10-02,2025-10-02,7:00,9:15,0,2636,0,180
宿霧航空,5J312,MNL,TPE,2025-10-03,2025-10-03,7:00,9:15,0,2636,0,180
宿霧航空,5J312,MNL,TPE,2025-10-04,2025-10-04,7:00,9:15,0,2636,0,180
宿霧航空,5J312,MNL,TPE,2025-10-05,2025-10-05,7:00,9:15,0,2636,0,180
宿霧航空,5J310,MNL,TPE,2025-09-29,2025-09-29,22:40,0:55,0,2667,0,180
宿霧航空,5J310,MNL,TPE,2025-09-30,2025-09-30,22:40,0:55,0,2667,0,180
宿霧航空,5J310,MNL,TPE,2025-10-02,2025-10-02,22:40,0:55,0,2667,0,180
宿霧航空,5J310,MNL,TPE,2025-10-03,2025-10-03,22:40,0:55,0,2667,0,180
宿霧航空,5J310,MNL,TPE,2025-10-05,2025-10-05,22:40,0:55,0,2667,0,180
宿霧航空,5J311,TPE,MNL,2025-10-06,2025-10-06,2:15,4:50,0,2636,0,180
宿霧航空,5J311,TPE,MNL,2025-10-08,2025-10-08,2:15,4:50,0,2636,0,180
宿霧航空,5J311,TPE,MNL,2025-10-09,2025-10-09,2:15,4:50,0,2636,0,180
宿霧航空,5J311,TPE,MNL,2025-10-10,2025-10-10,2:15,4:50,0,2636,0,180
宿霧航空,5J311,TPE,MNL,2025-10-11,2025-10-11,2:15,4:50,0,2636,0,180
宿霧航空,5J313,TPE,MNL,2025-10-06,2025-10-06,10:30,13:05,0,2667,0,180
宿霧航空,5J313,TPE,MNL,2025-10-07,2025-10-07,10:30,13:05,0,2667,0,180
宿霧航空,5J313,TPE,MNL,2025-10-08,2025-10-08,10:30,13:05,0,2667,0,180
宿霧航空,5J313,TPE,MNL,2025-10-09,2025-10-09,10:30,13:05,0,2667,0,180
宿霧航空,5J313,TPE,MNL,2025-10-10,2025-10-10,10:30,13:05,0,2667,0,180
宿霧航空,5J313,TPE,MNL,2025-10-11,2025-10-11,10:30,13:05,0,2667,0,180
宿霧航空,5J313,TPE,MNL,2025-10-12,2025-10-12,10:30,13:05,0,2667,0,180
宿霧航空,5J312,MNL,TPE,2025-10-06,2025-10-06,7:00,9:15,0,2636,0,180
宿霧航空,5J312,MNL,TPE,2025-10-07,2025-10-07,7:00,9:15,0,2636,0,180
宿霧航空,5J312,MNL,TPE,2025-10-08,2025-10-08,7:00,9:15,0,2636,0,180
宿霧航空,5J312,MNL,TPE,2025-10-09,2025-10-09,7:00,9:15,0,2636,0,180
宿霧航空,5J312,MNL,TPE,2025-10-10,2025-10-10,7:00,9:15,0,2636,0,180
宿霧航空,5J312,MNL,TPE,2025-10-11,2025-10-11,7:00,9:15,0,2636,0,180
宿霧航空,5J312,MNL,TPE,2025-10-12,2025-10-12,7:00,9:15,0,2636,0,180
宿霧航空,5J310,MNL,TPE,2025-10-06,2025-10-06,22:40,0:55,0,2667,0,180
宿霧航空,5J310,MNL,TPE,2025-10-07,2025-10-07,22:40,0:55,0,2667,0,180
宿霧航空,5J310,MNL,TPE,2025-10-09,2025-10-09,22:40,0:55,0,2667,0,180
宿霧航空,5J310,MNL,TPE,2025-10-10,2025-10-10,22:40,0:55,0,2667,0,180
宿霧航空,5J310,MNL,TPE,2025-10-12,2025-10-12,22:40,0:55,0,2667,0,180
宿霧航空,5J311,TPE,MNL,2025-10-13,2025-10-13,2:15,4:50,0,2636,0,180
宿霧航空,5J311,TPE,MNL,2025-10-15,2025-10-15,2:15,4:50,0,2636,0,180
宿霧航空,5J311,TPE,MNL,2025-10-16,2025-10-16,2:15,4:50,0,2636,0,180
宿霧航空,5J311,TPE,MNL,2025-10-17,2025-10-17,2:15,4:50,0,2636,0,180
宿霧航空,5J311,TPE,MNL,2025-10-18,2025-10-18,2:15,4:50,0,2636,0,180
宿霧航空,5J313,TPE,MNL,2025-10-13,2025-10-13,10:30,13:05,0,2667,0,180
宿霧航空,5J313,TPE,MNL,2025-10-14,2025-10-14,10:30,13:05,0,2667,0,180
宿霧航空,5J313,TPE,MNL,2025-10-15,2025-10-15,10:30,13:05,0,2667,0,180
宿霧航空,5J313,TPE,MNL,2025-10-16,2025-10-16,10:30,13:05,0,2667,0,180
宿霧航空,5J313,TPE,MNL,2025-10-17,2025-10-17,10:30,13:05,0,2667,0,180
宿霧航空,5J313,TPE,MNL,2025-10-18,2025-10-18,10:30,13:05,0,2667,0,180
宿霧航空,5J313,TPE,MNL,2025-10-19,2025-10-19,10:30,13:05,0,2667,0,180
宿霧航空,5J312,MNL,TPE,2025-10-13,2025-10-13,7:00,9:15,0,2636,0,180
宿霧航空,5J312,MNL,TPE,2025-10-14,2025-10-14,7:00,9:15,0,2636,0,180
宿霧航空,5J312,MNL,TPE,2025-10-15,2025-10-15,7:00,9:15,0,2636,0,180
宿霧航空,5J312,MNL,TPE,2025-10-16,2025-10-16,7:00,9:15,0,2636,0,180
宿霧航空,5J312,MNL,TPE,2025-10-17,2025-10-17,7:00,9:15,0,2636,0,180
宿霧航空,5J312,MNL,TPE,2025-10-18,2025-10-18,7:00,9:15,0,2636,0,180
宿霧航空,5J312,MNL,TPE,2025-10-19,2025-10-19,7:00,9:15,0,2636,0,180
宿霧航空,5J310,MNL,TPE,2025-10-13,2025-10-13,22:40,0:55,0,2667,0,180
宿霧航空,5J310,MNL,TPE,2025-10-14,2025-10-14,22:40,0:55,0,2667,0,180
宿霧航空,5J310,MNL,TPE,2025-10-16,2025-10-16,22:40,0:55,0,2667,0,180
宿霧航空,5J310,MNL,TPE,2025-10-17,2025-10-17,22:40,0:55,0,2667,0,180
宿霧航空,5J310,MNL,TPE,2025-10-19,2025-10-19,22:40,0:55,0,2667,0,180
宿霧航空,5J311,TPE,MNL,2025-10-20,2025-10-20,2:15,4:50,0,2636,0,180
宿霧航空,5J311,TPE,MNL,2025-10-22,2025-10-22,2:15,4:50,0,2636,0,180
宿霧航空,5J311,TPE,MNL,2025-10-23,2025-10-23,2:15,4:50,0,2636,0,180
宿霧航空,5J311,TPE,MNL,2025-10-24,2025-10-24,2:15,4:50,0,2636,0,180
宿霧航空,5J311,TPE,MNL,2025-10-25,2025-10-25,2:15,4:50,0,2636,0,180
宿霧航空,5J313,TPE,MNL,2025-10-20,2025-10-20,10:30,13:05,0,2667,0,180
宿霧航空,5J313,TPE,MNL,2025-10-21,2025-10-21,10:30,13:05,0,2667,0,180
宿霧航空,5J313,TPE,MNL,2025-10-22,2025-10-22,10:30,13:05,0,2667,0,180
宿霧航空,5J313,TPE,MNL,2025-10-23,2025-10-23,10:30,13:05,0,2667,0,180
宿霧航空,5J313,TPE,MNL,2025-10-24,2025-10-24,10:30,13:05,0,2667,0,180
宿霧航空,5J313,TPE,MNL,2025-10-25,2025-10-25,10:30,13:05,0,2667,0,180
宿霧航空,5J313,TPE,MNL,2025-10-26,2025-10-26,10:30,13:05,0,2667,0,180
宿霧航空,5J312,MNL,TPE,2025-10-20,2025-10-20,7:00,9:15,0,2636,0,180
宿霧航空,5J312,MNL,TPE,2025-10-21,2025-10-21,7:00,9:15,0,2636,0,180
宿霧航空,5J312,MNL,TPE,2025-10-22,2025-10-22,7:00,9:15,0,2636,0,180
宿霧航空,5J312,MNL,TPE,2025-10-23,2025-10-23,7:00,9:15,0,2636,0,180
宿霧航空,5J312,MNL,TPE,2025-10-24,2025-10-24,7:00,9:15,0,2636,0,180
宿霧航空,5J312,MNL,TPE,2025-10-25,2025-10-25,7:00,9:15,0,2636,0,180
宿霧航空,5J312,MNL,TPE,2025-10-26,2025-10-26,7:00,9:15,0,2636,0,180
宿霧航空,5J310,MNL,TPE,2025-10-20,2025-10-20,22:40,0:55,0,2667,0,180
宿霧航空,5J310,MNL,TPE,2025-10-21,2025-10-21,22:40,0:55,0,2667,0,180
宿霧航空,5J310,MNL,TPE,2025-10-23,2025-10-23,22:40,0:55,0,2667,0,180
宿霧航空,5J310,MNL,TPE,2025-10-24,2025-10-24,22:40,0:55,0,2667,0,180
宿霧航空,5J310,MNL,TPE,2025-10-26,2025-10-26,22:40,0:55,0,2667,0,180
宿霧航空,5J311,TPE,MNL,2025-10-27,2025-10-27,2:15,4:50,0,2636,0,180
宿霧航空,5J311,TPE,MNL,2025-10-29,2025-10-29,2:15,4:50,0,2636,0,180
宿霧航空,5J311,TPE,MNL,2025-10-30,2025-10-30,2:15,4:50,0,2636,0,180
宿霧航空,5J311,TPE,MNL,2025-10-31,2025-10-31,2:15,4:50,0,2636,0,180
宿霧航空,5J311,TPE,MNL,2025-11-01,2025-11-01,2:15,4:50,0,2636,0,180
宿霧航空,5J313,TPE,MNL,2025-10-27,2025-10-27,10:30,13:05,0,2667,0,180
宿霧航空,5J313,TPE,MNL,2025-10-28,2025-10-28,10:30,13:05,0,2667,0,180
宿霧航空,5J313,TPE,MNL,2025-10-29,2025-10-29,10:30,13:05,0,2667,0,180
宿霧航空,5J313,TPE,MNL,2025-10-30,2025-10-30,10:30,13:05,0,2667,0,180
宿霧航空,5J313,TPE,MNL,2025-10-31,2025-10-31,10:30,13:05,0,2667,0,180
宿霧航空,5J313,TPE,MNL,2025-11-01,2025-11-01,10:30,13:05,0,2667,0,180
宿霧航空,5J313,TPE,MNL,2025-11-02,2025-11-02,10:30,13:05,0,2667,0,180
宿霧航空,5J312,MNL,TPE,2025-10-27,2025-10-27,7:00,9:15,0,2636,0,180
宿霧航空,5J312,MNL,TPE,2025-10-28,2025-10-28,7:00,9:15,0,2636,0,180
宿霧航空,5J312,MNL,TPE,2025-10-29,2025-10-29,7:00,9:15,0,2636,0,180
宿霧航空,5J312,MNL,TPE,2025-10-30,2025-10-30,7:00,9:15,0,2636,0,180
宿霧航空,5J312,MNL,TPE,2025-10-31,2025-10-31,7:00,9:15,0,2636,0,180
宿霧航空,5J312,MNL,TPE,2025-11-01,2025-11-01,7:00,9:15,0,2636,0,180
宿霧航空,5J312,MNL,TPE,2025-11-02,2025-11-02,7:00,9:15,0,2636,0,180
宿霧航空,5J310,MNL,TPE,2025-10-27,2025-10-27,22:40,0:55,0,2667,0,180
宿霧航空,5J310,MNL,TPE,2025-10-28,2025-10-28,22:40,0:55,0,2667,0,180
宿霧航空,5J310,MNL,TPE,2025-10-30,2025-10-30,22:40,0:55,0,2667,0,180
宿霧航空,5J310,MNL,TPE,2025-10-31,2025-10-31,22:40,0:55,0,2667,0,180
宿霧航空,5J310,MNL,TPE,2025-11-02,2025-11-02,22:40,0:55,0,2667,0,180