廈門航空,MF8690,TPE,HGH,2024-11-01,2024-11-01,12:45,15:00,11560,4670,8,162
廈門航空,MF8689,HGH,TPE,2024-11-01,2024-11-01,9:55,11:45,7570,3455,8,162
廈門航空,MF888,TPE,XMN,2024-10-28,2024-10-28,11:00,12:45,7380,4670,8,162
廈門航空,MF888,TPE,XMN,2024-10-29,2024-10-29,11:00,12:45,7380,4670,8,162
廈門航空,MF888,TPE,XMN,2024-10-30,2024-10-30,11:00,12:45,7380,4670,8,162
廈門航空,MF888,TPE,XMN,2024-10-31,2024-10-31,11:00,12:45,7380,4670,8,162
廈門航空,MF888,TPE,XMN,2024-11-01,2024-11-01,11:00,12:45,7380,4670,8,162
廈門航空,MF888,TPE,XMN,2024-11-02,2024-11-02,11:00,12:45,7380,4670,8,162
廈門航空,MF888,TPE,XMN,2024-11-03,2024-11-03,11:00,12:45,7380,4670,8,162
廈門航空,MF887,XMN,TPE,2024-10-28,2024-10-28,8:10,10:10,7570,4450,8,162
廈門航空,MF887,XMN,TPE,2024-10-29,2024-10-29,8:10,10:10,7570,4450,8,162
廈門航空,MF887,XMN,TPE,2024-10-30,2024-10-30,8:10,10:10,7570,4450,8,162
廈門航空,MF887,XMN,TPE,2024-10-31,2024-10-31,8:10,10:10,7570,4450,8,162
廈門航空,MF887,XMN,TPE,2024-11-01,2024-11-01,8:10,10:10,7570,4450,8,162
廈門航空,MF887,XMN,TPE,2024-11-02,2024-11-02,8:10,10:10,7570,4450,8,162
廈門航空,MF887,XMN,TPE,2024-11-03,2024-11-03,8:10,10:10,7570,4450,8,162
廈門航空,MF8690,TPE,HGH,2024-11-08,2024-11-08,12:45,15:00,11560,4670,8,162
廈門航空,MF8689,HGH,TPE,2024-11-08,2024-11-08,9:55,11:45,7570,3455,8,162
廈門航空,MF888,TPE,XMN,2024-11-04,2024-11-04,11:00,12:45,7380,4670,8,162
廈門航空,MF888,TPE,XMN,2024-11-05,2024-11-05,11:00,12:45,7380,4670,8,162
廈門航空,MF888,TPE,XMN,2024-11-06,2024-11-06,11:00,12:45,7380,4670,8,162
廈門航空,MF888,TPE,XMN,2024-11-07,2024-11-07,11:00,12:45,7380,4670,8,162
廈門航空,MF888,TPE,XMN,2024-11-08,2024-11-08,11:00,12:45,7380,4670,8,162
廈門航空,MF888,TPE,XMN,2024-11-09,2024-11-09,11:00,12:45,7380,4670,8,162
廈門航空,MF888,TPE,XMN,2024-11-10,2024-11-10,11:00,12:45,7380,4670,8,162
廈門航空,MF887,XMN,TPE,2024-11-04,2024-11-04,8:10,10:10,7570,4450,8,162
廈門航空,MF887,XMN,TPE,2024-11-05,2024-11-05,8:10,10:10,7570,4450,8,162
廈門航空,MF887,XMN,TPE,2024-11-06,2024-11-06,8:10,10:10,7570,4450,8,162
廈門航空,MF887,XMN,TPE,2024-11-07,2024-11-07,8:10,10:10,7570,4450,8,162
廈門航空,MF887,XMN,TPE,2024-11-08,2024-11-08,8:10,10:10,7570,4450,8,162
廈門航空,MF887,XMN,TPE,2024-11-09,2024-11-09,8:10,10:10,7570,4450,8,162
廈門航空,MF887,XMN,TPE,2024-11-10,2024-11-10,8:10,10:10,7570,4450,8,162
廈門航空,MF8690,TPE,HGH,2024-11-15,2024-11-15,12:45,15:00,11560,4670,8,162
廈門航空,MF8689,HGH,TPE,2024-11-15,2024-11-15,9:55,11:45,7570,3455,8,162
廈門航空,MF888,TPE,XMN,2024-11-11,2024-11-11,11:00,12:45,7380,4670,8,162
廈門航空,MF888,TPE,XMN,2024-11-12,2024-11-12,11:00,12:45,7380,4670,8,162
廈門航空,MF888,TPE,XMN,2024-11-13,2024-11-13,11:00,12:45,7380,4670,8,162
廈門航空,MF888,TPE,XMN,2024-11-14,2024-11-14,11:00,12:45,7380,4670,8,162
廈門航空,MF888,TPE,XMN,2024-11-15,2024-11-15,11:00,12:45,7380,4670,8,162
廈門航空,MF888,TPE,XMN,2024-11-16,2024-11-16,11:00,12:45,7380,4670,8,162
廈門航空,MF888,TPE,XMN,2024-11-17,2024-11-17,11:00,12:45,7380,4670,8,162
廈門航空,MF887,XMN,TPE,2024-11-11,2024-11-11,8:10,10:10,7570,4450,8,162
廈門航空,MF887,XMN,TPE,2024-11-12,2024-11-12,8:10,10:10,7570,4450,8,162
廈門航空,MF887,XMN,TPE,2024-11-13,2024-11-13,8:10,10:10,7570,4450,8,162
廈門航空,MF887,XMN,TPE,2024-11-14,2024-11-14,8:10,10:10,7570,4450,8,162
廈門航空,MF887,XMN,TPE,2024-11-15,2024-11-15,8:10,10:10,7570,4450,8,162
廈門航空,MF887,XMN,TPE,2024-11-16,2024-11-16,8:10,10:10,7570,4450,8,162
廈門航空,MF887,XMN,TPE,2024-11-17,2024-11-17,8:10,10:10,7570,4450,8,162
廈門航空,MF8690,TPE,HGH,2024-11-22,2024-11-22,12:45,15:00,11560,4670,8,162
廈門航空,MF8689,HGH,TPE,2024-11-22,2024-11-22,9:55,11:45,7570,3455,8,162
廈門航空,MF888,TPE,XMN,2024-11-18,2024-11-18,11:00,12:45,7380,4670,8,162
廈門航空,MF888,TPE,XMN,2024-11-19,2024-11-19,11:00,12:45,7380,4670,8,162
廈門航空,MF888,TPE,XMN,2024-11-20,2024-11-20,11:00,12:45,7380,4670,8,162
廈門航空,MF888,TPE,XMN,2024-11-21,2024-11-21,11:00,12:45,7380,4670,8,162
廈門航空,MF888,TPE,XMN,2024-11-22,2024-11-22,11:00,12:45,7380,4670,8,162
廈門航空,MF888,TPE,XMN,2024-11-23,2024-11-23,11:00,12:45,7380,4670,8,162
廈門航空,MF888,TPE,XMN,2024-11-24,2024-11-24,11:00,12:45,7380,4670,8,162
廈門航空,MF887,XMN,TPE,2024-11-18,2024-11-18,8:10,10:10,7570,4450,8,162
廈門航空,MF887,XMN,TPE,2024-11-19,2024-11-19,8:10,10:10,7570,4450,8,162
廈門航空,MF887,XMN,TPE,2024-11-20,2024-11-20,8:10,10:10,7570,4450,8,162
廈門航空,MF887,XMN,TPE,2024-11-21,2024-11-21,8:10,10:10,7570,4450,8,162
廈門航空,MF887,XMN,TPE,2024-11-22,2024-11-22,8:10,10:10,7570,4450,8,162
廈門航空,MF887,XMN,TPE,2024-11-23,2024-11-23,8:10,10:10,7570,4450,8,162
廈門航空,MF887,XMN,TPE,2024-11-24,2024-11-24,8:10,10:10,7570,4450,8,162
廈門航空,MF8690,TPE,HGH,2024-11-29,2024-11-29,12:45,15:00,11560,4670,8,162
廈門航空,MF8689,HGH,TPE,2024-11-29,2024-11-29,9:55,11:45,7570,3455,8,162
廈門航空,MF888,TPE,XMN,2024-11-25,2024-11-25,11:00,12:45,7380,4670,8,162
廈門航空,MF888,TPE,XMN,2024-11-26,2024-11-26,11:00,12:45,7380,4670,8,162
廈門航空,MF888,TPE,XMN,2024-11-27,2024-11-27,11:00,12:45,7380,4670,8,162
廈門航空,MF888,TPE,XMN,2024-11-28,2024-11-28,11:00,12:45,7380,4670,8,162
廈門航空,MF888,TPE,XMN,2024-11-29,2024-11-29,11:00,12:45,7380,4670,8,162
廈門航空,MF888,TPE,XMN,2024-11-30,2024-11-30,11:00,12:45,7380,4670,8,162
廈門航空,MF888,TPE,XMN,2024-12-01,2024-12-01,11:00,12:45,7380,4670,8,162
廈門航空,MF887,XMN,TPE,2024-11-25,2024-11-25,8:10,10:10,7570,4450,8,162
廈門航空,MF887,XMN,TPE,2024-11-26,2024-11-26,8:10,10:10,7570,4450,8,162
廈門航空,MF887,XMN,TPE,2024-11-27,2024-11-27,8:10,10:10,7570,4450,8,162
廈門航空,MF887,XMN,TPE,2024-11-28,2024-11-28,8:10,10:10,7570,4450,8,162
廈門航空,MF887,XMN,TPE,2024-11-29,2024-11-29,8:10,10:10,7570,4450,8,162
廈門航空,MF887,XMN,TPE,2024-11-30,2024-11-30,8:10,10:10,7570,4450,8,162
廈門航空,MF887,XMN,TPE,2024-12-01,2024-12-01,8:10,10:10,7570,4450,8,162
廈門航空,MF8690,TPE,HGH,2024-12-06,2024-12-06,12:45,15:00,11560,4670,8,162
廈門航空,MF8689,HGH,TPE,2024-12-06,2024-12-06,9:55,11:45,7570,3455,8,162
廈門航空,MF888,TPE,XMN,2024-12-02,2024-12-02,11:00,12:45,7380,4670,8,162
廈門航空,MF888,TPE,XMN,2024-12-03,2024-12-03,11:00,12:45,7380,4670,8,162
廈門航空,MF888,TPE,XMN,2024-12-04,2024-12-04,11:00,12:45,7380,4670,8,162
廈門航空,MF888,TPE,XMN,2024-12-05,2024-12-05,11:00,12:45,7380,4670,8,162
廈門航空,MF888,TPE,XMN,2024-12-06,2024-12-06,11:00,12:45,7380,4670,8,162
廈門航空,MF888,TPE,XMN,2024-12-07,2024-12-07,11:00,12:45,7380,4670,8,162
廈門航空,MF888,TPE,XMN,2024-12-08,2024-12-08,11:00,12:45,7380,4670,8,162
廈門航空,MF887,XMN,TPE,2024-12-02,2024-12-02,8:10,10:10,7570,4450,8,162
廈門航空,MF887,XMN,TPE,2024-12-03,2024-12-03,8:10,10:10,7570,4450,8,162
廈門航空,MF887,XMN,TPE,2024-12-04,2024-12-04,8:10,10:10,7570,4450,8,162
廈門航空,MF887,XMN,TPE,2024-12-05,2024-12-05,8:10,10:10,7570,4450,8,162
廈門航空,MF887,XMN,TPE,2024-12-06,2024-12-06,8:10,10:10,7570,4450,8,162
廈門航空,MF887,XMN,TPE,2024-12-07,2024-12-07,8:10,10:10,7570,4450,8,162
廈門航空,MF887,XMN,TPE,2024-12-08,2024-12-08,8:10,10:10,7570,4450,8,162
廈門航空,MF8690,TPE,HGH,2024-12-13,2024-12-13,12:45,15:00,11560,4670,8,162
廈門航空,MF8689,HGH,TPE,2024-12-13,2024-12-13,9:55,11:45,7570,3455,8,162
廈門航空,MF888,TPE,XMN,2024-12-09,2024-12-09,11:00,12:45,7380,4670,8,162
廈門航空,MF888,TPE,XMN,2024-12-10,2024-12-10,11:00,12:45,7380,4670,8,162
廈門航空,MF888,TPE,XMN,2024-12-11,2024-12-11,11:00,12:45,7380,4670,8,162
廈門航空,MF888,TPE,XMN,2024-12-12,2024-12-12,11:00,12:45,7380,4670,8,162
廈門航空,MF888,TPE,XMN,2024-12-13,2024-12-13,11:00,12:45,7380,4670,8,162
廈門航空,MF888,TPE,XMN,2024-12-14,2024-12-14,11:00,12:45,7380,4670,8,162
廈門航空,MF888,TPE,XMN,2024-12-15,2024-12-15,11:00,12:45,7380,4670,8,162
廈門航空,MF887,XMN,TPE,2024-12-09,2024-12-09,8:10,10:10,7570,4450,8,162
廈門航空,MF887,XMN,TPE,2024-12-10,2024-12-10,8:10,10:10,7570,4450,8,162
廈門航空,MF887,XMN,TPE,2024-12-11,2024-12-11,8:10,10:10,7570,4450,8,162
廈門航空,MF887,XMN,TPE,2024-12-12,2024-12-12,8:10,10:10,7570,4450,8,162
廈門航空,MF887,XMN,TPE,2024-12-13,2024-12-13,8:10,10:10,7570,4450,8,162
廈門航空,MF887,XMN,TPE,2024-12-14,2024-12-14,8:10,10:10,7570,4450,8,162
廈門航空,MF887,XMN,TPE,2024-12-15,2024-12-15,8:10,10:10,7570,4450,8,162
廈門航空,MF8690,TPE,HGH,2024-12-20,2024-12-20,12:45,15:00,11560,4670,8,162
廈門航空,MF8689,HGH,TPE,2024-12-20,2024-12-20,9:55,11:45,7570,3455,8,162
廈門航空,MF888,TPE,XMN,2024-12-16,2024-12-16,11:00,12:45,7380,4670,8,162
廈門航空,MF888,TPE,XMN,2024-12-17,2024-12-17,11:00,12:45,7380,4670,8,162
廈門航空,MF888,TPE,XMN,2024-12-18,2024-12-18,11:00,12:45,7380,4670,8,162
廈門航空,MF888,TPE,XMN,2024-12-19,2024-12-19,11:00,12:45,7380,4670,8,162
廈門航空,MF888,TPE,XMN,2024-12-20,2024-12-20,11:00,12:45,7380,4670,8,162
廈門航空,MF888,TPE,XMN,2024-12-21,2024-12-21,11:00,12:45,7380,4670,8,162
廈門航空,MF888,TPE,XMN,2024-12-22,2024-12-22,11:00,12:45,7380,4670,8,162
廈門航空,MF887,XMN,TPE,2024-12-16,2024-12-16,8:10,10:10,7570,4450,8,162
廈門航空,MF887,XMN,TPE,2024-12-17,2024-12-17,8:10,10:10,7570,4450,8,162
廈門航空,MF887,XMN,TPE,2024-12-18,2024-12-18,8:10,10:10,7570,4450,8,162
廈門航空,MF887,XMN,TPE,2024-12-19,2024-12-19,8:10,10:10,7570,4450,8,162
廈門航空,MF887,XMN,TPE,2024-12-20,2024-12-20,8:10,10:10,7570,4450,8,162
廈門航空,MF887,XMN,TPE,2024-12-21,2024-12-21,8:10,10:10,7570,4450,8,162
廈門航空,MF887,XMN,TPE,2024-12-22,2024-12-22,8:10,10:10,7570,4450,8,162
廈門航空,MF8690,TPE,HGH,2024-12-27,2024-12-27,12:45,15:00,11560,4670,8,162
廈門航空,MF8689,HGH,TPE,2024-12-27,2024-12-27,9:55,11:45,7570,3455,8,162
廈門航空,MF888,TPE,XMN,2024-12-23,2024-12-23,11:00,12:45,7380,4670,8,162
廈門航空,MF888,TPE,XMN,2024-12-24,2024-12-24,11:00,12:45,7380,4670,8,162
廈門航空,MF888,TPE,XMN,2024-12-25,2024-12-25,11:00,12:45,7380,4670,8,162
廈門航空,MF888,TPE,XMN,2024-12-26,2024-12-26,11:00,12:45,7380,4670,8,162
廈門航空,MF888,TPE,XMN,2024-12-27,2024-12-27,11:00,12:45,7380,4670,8,162
廈門航空,MF888,TPE,XMN,2024-12-28,2024-12-28,11:00,12:45,7380,4670,8,162
廈門航空,MF888,TPE,XMN,2024-12-29,2024-12-29,11:00,12:45,7380,4670,8,162
廈門航空,MF887,XMN,TPE,2024-12-23,2024-12-23,8:10,10:10,7570,4450,8,162
廈門航空,MF887,XMN,TPE,2024-12-24,2024-12-24,8:10,10:10,7570,4450,8,162
廈門航空,MF887,XMN,TPE,2024-12-25,2024-12-25,8:10,10:10,7570,4450,8,162
廈門航空,MF887,XMN,TPE,2024-12-26,2024-12-26,8:10,10:10,7570,4450,8,162
廈門航空,MF887,XMN,TPE,2024-12-27,2024-12-27,8:10,10:10,7570,4450,8,162
廈門航空,MF887,XMN,TPE,2024-12-28,2024-12-28,8:10,10:10,7570,4450,8,162
廈門航空,MF887,XMN,TPE,2024-12-29,2024-12-29,8:10,10:10,7570,4450,8,162
廈門航空,MF8690,TPE,HGH,2025-01-03,2025-01-03,12:45,15:00,11560,4670,8,162
廈門航空,MF8689,HGH,TPE,2025-01-03,2025-01-03,9:55,11:45,7570,3455,8,162
廈門航空,MF888,TPE,XMN,2024-12-30,2024-12-30,11:00,12:45,7380,4670,8,162
廈門航空,MF888,TPE,XMN,2024-12-31,2024-12-31,11:00,12:45,7380,4670,8,162
廈門航空,MF888,TPE,XMN,2025-01-01,2025-01-01,11:00,12:45,7380,4670,8,162
廈門航空,MF888,TPE,XMN,2025-01-02,2025-01-02,11:00,12:45,7380,4670,8,162
廈門航空,MF888,TPE,XMN,2025-01-03,2025-01-03,11:00,12:45,7380,4670,8,162
廈門航空,MF888,TPE,XMN,2025-01-04,2025-01-04,11:00,12:45,7380,4670,8,162
廈門航空,MF888,TPE,XMN,2025-01-05,2025-01-05,11:00,12:45,7380,4670,8,162
廈門航空,MF887,XMN,TPE,2024-12-30,2024-12-30,8:10,10:10,7570,4450,8,162
廈門航空,MF887,XMN,TPE,2024-12-31,2024-12-31,8:10,10:10,7570,4450,8,162
廈門航空,MF887,XMN,TPE,2025-01-01,2025-01-01,8:10,10:10,7570,4450,8,162
廈門航空,MF887,XMN,TPE,2025-01-02,2025-01-02,8:10,10:10,7570,4450,8,162
廈門航空,MF887,XMN,TPE,2025-01-03,2025-01-03,8:10,10:10,7570,4450,8,162
廈門航空,MF887,XMN,TPE,2025-01-04,2025-01-04,8:10,10:10,7570,4450,8,162
廈門航空,MF887,XMN,TPE,2025-01-05,2025-01-05,8:10,10:10,7570,4450,8,162
廈門航空,MF8690,TPE,HGH,2025-01-10,2025-01-10,12:45,15:00,11560,4670,8,162
廈門航空,MF8689,HGH,TPE,2025-01-10,2025-01-10,9:55,11:45,7570,3455,8,162
廈門航空,MF888,TPE,XMN,2025-01-06,2025-01-06,11:00,12:45,7380,4670,8,162
廈門航空,MF888,TPE,XMN,2025-01-07,2025-01-07,11:00,12:45,7380,4670,8,162
廈門航空,MF888,TPE,XMN,2025-01-08,2025-01-08,11:00,12:45,7380,4670,8,162
廈門航空,MF888,TPE,XMN,2025-01-09,2025-01-09,11:00,12:45,7380,4670,8,162
廈門航空,MF888,TPE,XMN,2025-01-10,2025-01-10,11:00,12:45,7380,4670,8,162
廈門航空,MF888,TPE,XMN,2025-01-11,2025-01-11,11:00,12:45,7380,4670,8,162
廈門航空,MF888,TPE,XMN,2025-01-12,2025-01-12,11:00,12:45,7380,4670,8,162
廈門航空,MF887,XMN,TPE,2025-01-06,2025-01-06,8:10,10:10,7570,4450,8,162
廈門航空,MF887,XMN,TPE,2025-01-07,2025-01-07,8:10,10:10,7570,4450,8,162
廈門航空,MF887,XMN,TPE,2025-01-08,2025-01-08,8:10,10:10,7570,4450,8,162
廈門航空,MF887,XMN,TPE,2025-01-09,2025-01-09,8:10,10:10,7570,4450,8,162
廈門航空,MF887,XMN,TPE,2025-01-10,2025-01-10,8:10,10:10,7570,4450,8,162
廈門航空,MF887,XMN,TPE,2025-01-11,2025-01-11,8:10,10:10,7570,4450,8,162
廈門航空,MF887,XMN,TPE,2025-01-12,2025-01-12,8:10,10:10,7570,4450,8,162
廈門航空,MF8690,TPE,HGH,2025-01-17,2025-01-17,12:45,15:00,11560,4670,8,162
廈門航空,MF8689,HGH,TPE,2025-01-17,2025-01-17,9:55,11:45,7570,3455,8,162
廈門航空,MF888,TPE,XMN,2025-01-13,2025-01-13,11:00,12:45,7380,4670,8,162
廈門航空,MF888,TPE,XMN,2025-01-14,2025-01-14,11:00,12:45,7380,4670,8,162
廈門航空,MF888,TPE,XMN,2025-01-15,2025-01-15,11:00,12:45,7380,4670,8,162
廈門航空,MF888,TPE,XMN,2025-01-16,2025-01-16,11:00,12:45,7380,4670,8,162
廈門航空,MF888,TPE,XMN,2025-01-17,2025-01-17,11:00,12:45,7380,4670,8,162
廈門航空,MF888,TPE,XMN,2025-01-18,2025-01-18,11:00,12:45,7380,4670,8,162
廈門航空,MF888,TPE,XMN,2025-01-19,2025-01-19,11:00,12:45,7380,4670,8,162
廈門航空,MF887,XMN,TPE,2025-01-13,2025-01-13,8:10,10:10,7570,4450,8,162
廈門航空,MF887,XMN,TPE,2025-01-14,2025-01-14,8:10,10:10,7570,4450,8,162
廈門航空,MF887,XMN,TPE,2025-01-15,2025-01-15,8:10,10:10,7570,4450,8,162
廈門航空,MF887,XMN,TPE,2025-01-16,2025-01-16,8:10,10:10,7570,4450,8,162
廈門航空,MF887,XMN,TPE,2025-01-17,2025-01-17,8:10,10:10,7570,4450,8,162
廈門航空,MF887,XMN,TPE,2025-01-18,2025-01-18,8:10,10:10,7570,4450,8,162
廈門航空,MF887,XMN,TPE,2025-01-19,2025-01-19,8:10,10:10,7570,4450,8,162
廈門航空,MF8690,TPE,HGH,2025-01-24,2025-01-24,12:45,15:00,11560,4670,8,162
廈門航空,MF8689,HGH,TPE,2025-01-24,2025-01-24,9:55,11:45,7570,3455,8,162
廈門航空,MF888,TPE,XMN,2025-01-20,2025-01-20,11:00,12:45,7380,4670,8,162
廈門航空,MF888,TPE,XMN,2025-01-21,2025-01-21,11:00,12:45,7380,4670,8,162
廈門航空,MF888,TPE,XMN,2025-01-22,2025-01-22,11:00,12:45,7380,4670,8,162
廈門航空,MF888,TPE,XMN,2025-01-23,2025-01-23,11:00,12:45,7380,4670,8,162
廈門航空,MF888,TPE,XMN,2025-01-24,2025-01-24,11:00,12:45,7380,4670,8,162
廈門航空,MF888,TPE,XMN,2025-01-25,2025-01-25,11:00,12:45,7380,4670,8,162
廈門航空,MF888,TPE,XMN,2025-01-26,2025-01-26,11:00,12:45,7380,4670,8,162
廈門航空,MF887,XMN,TPE,2025-01-20,2025-01-20,8:10,10:10,7570,4450,8,162
廈門航空,MF887,XMN,TPE,2025-01-21,2025-01-21,8:10,10:10,7570,4450,8,162
廈門航空,MF887,XMN,TPE,2025-01-22,2025-01-22,8:10,10:10,7570,4450,8,162
廈門航空,MF887,XMN,TPE,2025-01-23,2025-01-23,8:10,10:10,7570,4450,8,162
廈門航空,MF887,XMN,TPE,2025-01-24,2025-01-24,8:10,10:10,7570,4450,8,162
廈門航空,MF887,XMN,TPE,2025-01-25,2025-01-25,8:10,10:10,7570,4450,8,162
廈門航空,MF887,XMN,TPE,2025-01-26,2025-01-26,8:10,10:10,7570,4450,8,162
廈門航空,MF8690,TPE,HGH,2025-01-31,2025-01-31,12:45,15:00,11560,4670,8,162
廈門航空,MF8689,HGH,TPE,2025-01-31,2025-01-31,9:55,11:45,7570,3455,8,162
廈門航空,MF888,TPE,XMN,2025-01-27,2025-01-27,11:00,12:45,7380,4670,8,162
廈門航空,MF888,TPE,XMN,2025-01-28,2025-01-28,11:00,12:45,7380,4670,8,162
廈門航空,MF888,TPE,XMN,2025-01-29,2025-01-29,11:00,12:45,7380,4670,8,162
廈門航空,MF888,TPE,XMN,2025-01-30,2025-01-30,11:00,12:45,7380,4670,8,162
廈門航空,MF888,TPE,XMN,2025-01-31,2025-01-31,11:00,12:45,7380,4670,8,162
廈門航空,MF888,TPE,XMN,2025-02-01,2025-02-01,11:00,12:45,7380,4670,8,162
廈門航空,MF888,TPE,XMN,2025-02-02,2025-02-02,11:00,12:45,7380,4670,8,162
廈門航空,MF887,XMN,TPE,2025-01-27,2025-01-27,8:10,10:10,7570,4450,8,162
廈門航空,MF887,XMN,TPE,2025-01-28,2025-01-28,8:10,10:10,7570,4450,8,162
廈門航空,MF887,XMN,TPE,2025-01-29,2025-01-29,8:10,10:10,7570,4450,8,162
廈門航空,MF887,XMN,TPE,2025-01-30,2025-01-30,8:10,10:10,7570,4450,8,162
廈門航空,MF887,XMN,TPE,2025-01-31,2025-01-31,8:10,10:10,7570,4450,8,162
廈門航空,MF887,XMN,TPE,2025-02-01,2025-02-01,8:10,10:10,7570,4450,8,162
廈門航空,MF887,XMN,TPE,2025-02-02,2025-02-02,8:10,10:10,7570,4450,8,162
廈門航空,MF8690,TPE,HGH,2025-02-07,2025-02-07,12:45,15:00,11560,4670,8,162
廈門航空,MF8689,HGH,TPE,2025-02-07,2025-02-07,9:55,11:45,7570,3455,8,162
廈門航空,MF888,TPE,XMN,2025-02-03,2025-02-03,11:00,12:45,7380,4670,8,162
廈門航空,MF888,TPE,XMN,2025-02-04,2025-02-04,11:00,12:45,7380,4670,8,162
廈門航空,MF888,TPE,XMN,2025-02-05,2025-02-05,11:00,12:45,7380,4670,8,162
廈門航空,MF888,TPE,XMN,2025-02-06,2025-02-06,11:00,12:45,7380,4670,8,162
廈門航空,MF888,TPE,XMN,2025-02-07,2025-02-07,11:00,12:45,7380,4670,8,162
廈門航空,MF888,TPE,XMN,2025-02-08,2025-02-08,11:00,12:45,7380,4670,8,162
廈門航空,MF888,TPE,XMN,2025-02-09,2025-02-09,11:00,12:45,7380,4670,8,162
廈門航空,MF887,XMN,TPE,2025-02-03,2025-02-03,8:10,10:10,7570,4450,8,162
廈門航空,MF887,XMN,TPE,2025-02-04,2025-02-04,8:10,10:10,7570,4450,8,162
廈門航空,MF887,XMN,TPE,2025-02-05,2025-02-05,8:10,10:10,7570,4450,8,162
廈門航空,MF887,XMN,TPE,2025-02-06,2025-02-06,8:10,10:10,7570,4450,8,162
廈門航空,MF887,XMN,TPE,2025-02-07,2025-02-07,8:10,10:10,7570,4450,8,162
廈門航空,MF887,XMN,TPE,2025-02-08,2025-02-08,8:10,10:10,7570,4450,8,162
廈門航空,MF887,XMN,TPE,2025-02-09,2025-02-09,8:10,10:10,7570,4450,8,162
廈門航空,MF8690,TPE,HGH,2025-02-14,2025-02-14,12:45,15:00,11560,4670,8,162
廈門航空,MF8689,HGH,TPE,2025-02-14,2025-02-14,9:55,11:45,7570,3455,8,162
廈門航空,MF888,TPE,XMN,2025-02-10,2025-02-10,11:00,12:45,7380,4670,8,162
廈門航空,MF888,TPE,XMN,2025-02-11,2025-02-11,11:00,12:45,7380,4670,8,162
廈門航空,MF888,TPE,XMN,2025-02-12,2025-02-12,11:00,12:45,7380,4670,8,162
廈門航空,MF888,TPE,XMN,2025-02-13,2025-02-13,11:00,12:45,7380,4670,8,162
廈門航空,MF888,TPE,XMN,2025-02-14,2025-02-14,11:00,12:45,7380,4670,8,162
廈門航空,MF888,TPE,XMN,2025-02-15,2025-02-15,11:00,12:45,7380,4670,8,162
廈門航空,MF888,TPE,XMN,2025-02-16,2025-02-16,11:00,12:45,7380,4670,8,162
廈門航空,MF887,XMN,TPE,2025-02-10,2025-02-10,8:10,10:10,7570,4450,8,162
廈門航空,MF887,XMN,TPE,2025-02-11,2025-02-11,8:10,10:10,7570,4450,8,162
廈門航空,MF887,XMN,TPE,2025-02-12,2025-02-12,8:10,10:10,7570,4450,8,162
廈門航空,MF887,XMN,TPE,2025-02-13,2025-02-13,8:10,10:10,7570,4450,8,162
廈門航空,MF887,XMN,TPE,2025-02-14,2025-02-14,8:10,10:10,7570,4450,8,162
廈門航空,MF887,XMN,TPE,2025-02-15,2025-02-15,8:10,10:10,7570,4450,8,162
廈門航空,MF887,XMN,TPE,2025-02-16,2025-02-16,8:10,10:10,7570,4450,8,162
廈門航空,MF8690,TPE,HGH,2025-02-21,2025-02-21,12:45,15:00,11560,4670,8,162
廈門航空,MF8689,HGH,TPE,2025-02-21,2025-02-21,9:55,11:45,7570,3455,8,162
廈門航空,MF888,TPE,XMN,2025-02-17,2025-02-17,11:00,12:45,7380,4670,8,162
廈門航空,MF888,TPE,XMN,2025-02-18,2025-02-18,11:00,12:45,7380,4670,8,162
廈門航空,MF888,TPE,XMN,2025-02-19,2025-02-19,11:00,12:45,7380,4670,8,162
廈門航空,MF888,TPE,XMN,2025-02-20,2025-02-20,11:00,12:45,7380,4670,8,162
廈門航空,MF888,TPE,XMN,2025-02-21,2025-02-21,11:00,12:45,7380,4670,8,162
廈門航空,MF888,TPE,XMN,2025-02-22,2025-02-22,11:00,12:45,7380,4670,8,162
廈門航空,MF888,TPE,XMN,2025-02-23,2025-02-23,11:00,12:45,7380,4670,8,162
廈門航空,MF887,XMN,TPE,2025-02-17,2025-02-17,8:10,10:10,7570,4450,8,162
廈門航空,MF887,XMN,TPE,2025-02-18,2025-02-18,8:10,10:10,7570,4450,8,162
廈門航空,MF887,XMN,TPE,2025-02-19,2025-02-19,8:10,10:10,7570,4450,8,162
廈門航空,MF887,XMN,TPE,2025-02-20,2025-02-20,8:10,10:10,7570,4450,8,162
廈門航空,MF887,XMN,TPE,2025-02-21,2025-02-21,8:10,10:10,7570,4450,8,162
廈門航空,MF887,XMN,TPE,2025-02-22,2025-02-22,8:10,10:10,7570,4450,8,162
廈門航空,MF887,XMN,TPE,2025-02-23,2025-02-23,8:10,10:10,7570,4450,8,162
廈門航空,MF8690,TPE,HGH,2025-02-28,2025-02-28,12:45,15:00,11560,4670,8,162
廈門航空,MF8689,HGH,TPE,2025-02-28,2025-02-28,9:55,11:45,7570,3455,8,162
廈門航空,MF888,TPE,XMN,2025-02-24,2025-02-24,11:00,12:45,7380,4670,8,162
廈門航空,MF888,TPE,XMN,2025-02-25,2025-02-25,11:00,12:45,7380,4670,8,162
廈門航空,MF888,TPE,XMN,2025-02-26,2025-02-26,11:00,12:45,7380,4670,8,162
廈門航空,MF888,TPE,XMN,2025-02-27,2025-02-27,11:00,12:45,7380,4670,8,162
廈門航空,MF888,TPE,XMN,2025-02-28,2025-02-28,11:00,12:45,7380,4670,8,162
廈門航空,MF888,TPE,XMN,2025-03-01,2025-03-01,11:00,12:45,7380,4670,8,162
廈門航空,MF888,TPE,XMN,2025-03-02,2025-03-02,11:00,12:45,7380,4670,8,162
廈門航空,MF887,XMN,TPE,2025-02-24,2025-02-24,8:10,10:10,7570,4450,8,162
廈門航空,MF887,XMN,TPE,2025-02-25,2025-02-25,8:10,10:10,7570,4450,8,162
廈門航空,MF887,XMN,TPE,2025-02-26,2025-02-26,8:10,10:10,7570,4450,8,162
廈門航空,MF887,XMN,TPE,2025-02-27,2025-02-27,8:10,10:10,7570,4450,8,162
廈門航空,MF887,XMN,TPE,2025-02-28,2025-02-28,8:10,10:10,7570,4450,8,162
廈門航空,MF887,XMN,TPE,2025-03-01,2025-03-01,8:10,10:10,7570,4450,8,162
廈門航空,MF887,XMN,TPE,2025-03-02,2025-03-02,8:10,10:10,7570,4450,8,162
廈門航空,MF8690,TPE,HGH,2025-03-07,2025-03-07,12:45,15:00,11560,4670,8,162
廈門航空,MF8689,HGH,TPE,2025-03-07,2025-03-07,9:55,11:45,7570,3455,8,162
廈門航空,MF888,TPE,XMN,2025-03-03,2025-03-03,11:00,12:45,7380,4670,8,162
廈門航空,MF888,TPE,XMN,2025-03-04,2025-03-04,11:00,12:45,7380,4670,8,162
廈門航空,MF888,TPE,XMN,2025-03-05,2025-03-05,11:00,12:45,7380,4670,8,162
廈門航空,MF888,TPE,XMN,2025-03-06,2025-03-06,11:00,12:45,7380,4670,8,162
廈門航空,MF888,TPE,XMN,2025-03-07,2025-03-07,11:00,12:45,7380,4670,8,162
廈門航空,MF888,TPE,XMN,2025-03-08,2025-03-08,11:00,12:45,7380,4670,8,162
廈門航空,MF888,TPE,XMN,2025-03-09,2025-03-09,11:00,12:45,7380,4670,8,162
廈門航空,MF887,XMN,TPE,2025-03-03,2025-03-03,8:10,10:10,7570,4450,8,162
廈門航空,MF887,XMN,TPE,2025-03-04,2025-03-04,8:10,10:10,7570,4450,8,162
廈門航空,MF887,XMN,TPE,2025-03-05,2025-03-05,8:10,10:10,7570,4450,8,162
廈門航空,MF887,XMN,TPE,2025-03-06,2025-03-06,8:10,10:10,7570,4450,8,162
廈門航空,MF887,XMN,TPE,2025-03-07,2025-03-07,8:10,10:10,7570,4450,8,162
廈門航空,MF887,XMN,TPE,2025-03-08,2025-03-08,8:10,10:10,7570,4450,8,162
廈門航空,MF887,XMN,TPE,2025-03-09,2025-03-09,8:10,10:10,7570,4450,8,162
廈門航空,MF8690,TPE,HGH,2025-03-14,2025-03-14,12:45,15:00,11560,4670,8,162
廈門航空,MF8689,HGH,TPE,2025-03-14,2025-03-14,9:55,11:45,7570,3455,8,162
廈門航空,MF888,TPE,XMN,2025-03-10,2025-03-10,11:00,12:45,7380,4670,8,162
廈門航空,MF888,TPE,XMN,2025-03-11,2025-03-11,11:00,12:45,7380,4670,8,162
廈門航空,MF888,TPE,XMN,2025-03-12,2025-03-12,11:00,12:45,7380,4670,8,162
廈門航空,MF888,TPE,XMN,2025-03-13,2025-03-13,11:00,12:45,7380,4670,8,162
廈門航空,MF888,TPE,XMN,2025-03-14,2025-03-14,11:00,12:45,7380,4670,8,162
廈門航空,MF888,TPE,XMN,2025-03-15,2025-03-15,11:00,12:45,7380,4670,8,162
廈門航空,MF888,TPE,XMN,2025-03-16,2025-03-16,11:00,12:45,7380,4670,8,162
廈門航空,MF887,XMN,TPE,2025-03-10,2025-03-10,8:10,10:10,7570,4450,8,162
廈門航空,MF887,XMN,TPE,2025-03-11,2025-03-11,8:10,10:10,7570,4450,8,162
廈門航空,MF887,XMN,TPE,2025-03-12,2025-03-12,8:10,10:10,7570,4450,8,162
廈門航空,MF887,XMN,TPE,2025-03-13,2025-03-13,8:10,10:10,7570,4450,8,162
廈門航空,MF887,XMN,TPE,2025-03-14,2025-03-14,8:10,10:10,7570,4450,8,162
廈門航空,MF887,XMN,TPE,2025-03-15,2025-03-15,8:10,10:10,7570,4450,8,162
廈門航空,MF887,XMN,TPE,2025-03-16,2025-03-16,8:10,10:10,7570,4450,8,162
廈門航空,MF8690,TPE,HGH,2025-03-21,2025-03-21,12:45,15:00,11560,4670,8,162
廈門航空,MF8689,HGH,TPE,2025-03-21,2025-03-21,9:55,11:45,7570,3455,8,162
廈門航空,MF888,TPE,XMN,2025-03-17,2025-03-17,11:00,12:45,7380,4670,8,162
廈門航空,MF888,TPE,XMN,2025-03-18,2025-03-18,11:00,12:45,7380,4670,8,162
廈門航空,MF888,TPE,XMN,2025-03-19,2025-03-19,11:00,12:45,7380,4670,8,162
廈門航空,MF888,TPE,XMN,2025-03-20,2025-03-20,11:00,12:45,7380,4670,8,162
廈門航空,MF888,TPE,XMN,2025-03-21,2025-03-21,11:00,12:45,7380,4670,8,162
廈門航空,MF888,TPE,XMN,2025-03-22,2025-03-22,11:00,12:45,7380,4670,8,162
廈門航空,MF888,TPE,XMN,2025-03-23,2025-03-23,11:00,12:45,7380,4670,8,162
廈門航空,MF887,XMN,TPE,2025-03-17,2025-03-17,8:10,10:10,7570,4450,8,162
廈門航空,MF887,XMN,TPE,2025-03-18,2025-03-18,8:10,10:10,7570,4450,8,162
廈門航空,MF887,XMN,TPE,2025-03-19,2025-03-19,8:10,10:10,7570,4450,8,162
廈門航空,MF887,XMN,TPE,2025-03-20,2025-03-20,8:10,10:10,7570,4450,8,162
廈門航空,MF887,XMN,TPE,2025-03-21,2025-03-21,8:10,10:10,7570,4450,8,162
廈門航空,MF887,XMN,TPE,2025-03-22,2025-03-22,8:10,10:10,7570,4450,8,162
廈門航空,MF887,XMN,TPE,2025-03-23,2025-03-23,8:10,10:10,7570,4450,8,162
廈門航空,MF8690,TPE,HGH,2025-03-28,2025-03-28,12:45,15:00,11560,4670,8,162
廈門航空,MF8689,HGH,TPE,2025-03-28,2025-03-28,9:55,11:45,7570,3455,8,162
廈門航空,MF888,TPE,XMN,2025-03-24,2025-03-24,11:00,12:45,7380,4670,8,162
廈門航空,MF888,TPE,XMN,2025-03-25,2025-03-25,11:00,12:45,7380,4670,8,162
廈門航空,MF888,TPE,XMN,2025-03-26,2025-03-26,11:00,12:45,7380,4670,8,162
廈門航空,MF888,TPE,XMN,2025-03-27,2025-03-27,11:00,12:45,7380,4670,8,162
廈門航空,MF888,TPE,XMN,2025-03-28,2025-03-28,11:00,12:45,7380,4670,8,162
廈門航空,MF888,TPE,XMN,2025-03-29,2025-03-29,11:00,12:45,7380,4670,8,162
廈門航空,MF888,TPE,XMN,2025-03-30,2025-03-30,11:00,12:45,7380,4670,8,162
廈門航空,MF887,XMN,TPE,2025-03-24,2025-03-24,8:10,10:10,7570,4450,8,162
廈門航空,MF887,XMN,TPE,2025-03-25,2025-03-25,8:10,10:10,7570,4450,8,162
廈門航空,MF887,XMN,TPE,2025-03-26,2025-03-26,8:10,10:10,7570,4450,8,162
廈門航空,MF887,XMN,TPE,2025-03-27,2025-03-27,8:10,10:10,7570,4450,8,162
廈門航空,MF887,XMN,TPE,2025-03-28,2025-03-28,8:10,10:10,7570,4450,8,162
廈門航空,MF887,XMN,TPE,2025-03-29,2025-03-29,8:10,10:10,7570,4450,8,162
廈門航空,MF887,XMN,TPE,2025-03-30,2025-03-30,8:10,10:10,7570,4450,8,162
廈門航空,MF8690,TPE,HGH,2025-04-04,2025-04-04,12:45,15:00,11560,4670,8,162
廈門航空,MF8689,HGH,TPE,2025-04-04,2025-04-04,9:55,11:45,7570,3455,8,162
廈門航空,MF888,TPE,XMN,2025-03-31,2025-03-31,11:00,12:45,7380,4670,8,162
廈門航空,MF888,TPE,XMN,2025-04-01,2025-04-01,11:00,12:45,7380,4670,8,162
廈門航空,MF888,TPE,XMN,2025-04-02,2025-04-02,11:00,12:45,7380,4670,8,162
廈門航空,MF888,TPE,XMN,2025-04-03,2025-04-03,11:00,12:45,7380,4670,8,162
廈門航空,MF888,TPE,XMN,2025-04-04,2025-04-04,11:00,12:45,7380,4670,8,162
廈門航空,MF888,TPE,XMN,2025-04-05,2025-04-05,11:00,12:45,7380,4670,8,162
廈門航空,MF888,TPE,XMN,2025-04-06,2025-04-06,11:00,12:45,7380,4670,8,162
廈門航空,MF887,XMN,TPE,2025-03-31,2025-03-31,8:10,10:10,7570,4450,8,162
廈門航空,MF887,XMN,TPE,2025-04-01,2025-04-01,8:10,10:10,7570,4450,8,162
廈門航空,MF887,XMN,TPE,2025-04-02,2025-04-02,8:10,10:10,7570,4450,8,162
廈門航空,MF887,XMN,TPE,2025-04-03,2025-04-03,8:10,10:10,7570,4450,8,162
廈門航空,MF887,XMN,TPE,2025-04-04,2025-04-04,8:10,10:10,7570,4450,8,162
廈門航空,MF887,XMN,TPE,2025-04-05,2025-04-05,8:10,10:10,7570,4450,8,162
廈門航空,MF887,XMN,TPE,2025-04-06,2025-04-06,8:10,10:10,7570,4450,8,162
廈門航空,MF8690,TPE,HGH,2025-04-11,2025-04-11,12:45,15:00,11560,4670,8,162
廈門航空,MF8689,HGH,TPE,2025-04-11,2025-04-11,9:55,11:45,7570,3455,8,162
廈門航空,MF888,TPE,XMN,2025-04-07,2025-04-07,11:00,12:45,7380,4670,8,162
廈門航空,MF888,TPE,XMN,2025-04-08,2025-04-08,11:00,12:45,7380,4670,8,162
廈門航空,MF888,TPE,XMN,2025-04-09,2025-04-09,11:00,12:45,7380,4670,8,162
廈門航空,MF888,TPE,XMN,2025-04-10,2025-04-10,11:00,12:45,7380,4670,8,162
廈門航空,MF888,TPE,XMN,2025-04-11,2025-04-11,11:00,12:45,7380,4670,8,162
廈門航空,MF888,TPE,XMN,2025-04-12,2025-04-12,11:00,12:45,7380,4670,8,162
廈門航空,MF888,TPE,XMN,2025-04-13,2025-04-13,11:00,12:45,7380,4670,8,162
廈門航空,MF887,XMN,TPE,2025-04-07,2025-04-07,8:10,10:10,7570,4450,8,162
廈門航空,MF887,XMN,TPE,2025-04-08,2025-04-08,8:10,10:10,7570,4450,8,162
廈門航空,MF887,XMN,TPE,2025-04-09,2025-04-09,8:10,10:10,7570,4450,8,162
廈門航空,MF887,XMN,TPE,2025-04-10,2025-04-10,8:10,10:10,7570,4450,8,162
廈門航空,MF887,XMN,TPE,2025-04-11,2025-04-11,8:10,10:10,7570,4450,8,162
廈門航空,MF887,XMN,TPE,2025-04-12,2025-04-12,8:10,10:10,7570,4450,8,162
廈門航空,MF887,XMN,TPE,2025-04-13,2025-04-13,8:10,10:10,7570,4450,8,162
廈門航空,MF8690,TPE,HGH,2025-04-18,2025-04-18,12:45,15:00,11560,4670,8,162
廈門航空,MF8689,HGH,TPE,2025-04-18,2025-04-18,9:55,11:45,7570,3455,8,162
廈門航空,MF888,TPE,XMN,2025-04-14,2025-04-14,11:00,12:45,7380,4670,8,162
廈門航空,MF888,TPE,XMN,2025-04-15,2025-04-15,11:00,12:45,7380,4670,8,162
廈門航空,MF888,TPE,XMN,2025-04-16,2025-04-16,11:00,12:45,7380,4670,8,162
廈門航空,MF888,TPE,XMN,2025-04-17,2025-04-17,11:00,12:45,7380,4670,8,162
廈門航空,MF888,TPE,XMN,2025-04-18,2025-04-18,11:00,12:45,7380,4670,8,162
廈門航空,MF888,TPE,XMN,2025-04-19,2025-04-19,11:00,12:45,7380,4670,8,162
廈門航空,MF888,TPE,XMN,2025-04-20,2025-04-20,11:00,12:45,7380,4670,8,162
廈門航空,MF887,XMN,TPE,2025-04-14,2025-04-14,8:10,10:10,7570,4450,8,162
廈門航空,MF887,XMN,TPE,2025-04-15,2025-04-15,8:10,10:10,7570,4450,8,162
廈門航空,MF887,XMN,TPE,2025-04-16,2025-04-16,8:10,10:10,7570,4450,8,162
廈門航空,MF887,XMN,TPE,2025-04-17,2025-04-17,8:10,10:10,7570,4450,8,162
廈門航空,MF887,XMN,TPE,2025-04-18,2025-04-18,8:10,10:10,7570,4450,8,162
廈門航空,MF887,XMN,TPE,2025-04-19,2025-04-19,8:10,10:10,7570,4450,8,162
廈門航空,MF887,XMN,TPE,2025-04-20,2025-04-20,8:10,10:10,7570,4450,8,162
廈門航空,MF8690,TPE,HGH,2025-04-25,2025-04-25,12:45,15:00,11560,4670,8,162
廈門航空,MF8689,HGH,TPE,2025-04-25,2025-04-25,9:55,11:45,7570,3455,8,162
廈門航空,MF888,TPE,XMN,2025-04-21,2025-04-21,11:00,12:45,7380,4670,8,162
廈門航空,MF888,TPE,XMN,2025-04-22,2025-04-22,11:00,12:45,7380,4670,8,162
廈門航空,MF888,TPE,XMN,2025-04-23,2025-04-23,11:00,12:45,7380,4670,8,162
廈門航空,MF888,TPE,XMN,2025-04-24,2025-04-24,11:00,12:45,7380,4670,8,162
廈門航空,MF888,TPE,XMN,2025-04-25,2025-04-25,11:00,12:45,7380,4670,8,162
廈門航空,MF888,TPE,XMN,2025-04-26,2025-04-26,11:00,12:45,7380,4670,8,162
廈門航空,MF888,TPE,XMN,2025-04-27,2025-04-27,11:00,12:45,7380,4670,8,162
廈門航空,MF887,XMN,TPE,2025-04-21,2025-04-21,8:10,10:10,7570,4450,8,162
廈門航空,MF887,XMN,TPE,2025-04-22,2025-04-22,8:10,10:10,7570,4450,8,162
廈門航空,MF887,XMN,TPE,2025-04-23,2025-04-23,8:10,10:10,7570,4450,8,162
廈門航空,MF887,XMN,TPE,2025-04-24,2025-04-24,8:10,10:10,7570,4450,8,162
廈門航空,MF887,XMN,TPE,2025-04-25,2025-04-25,8:10,10:10,7570,4450,8,162
廈門航空,MF887,XMN,TPE,2025-04-26,2025-04-26,8:10,10:10,7570,4450,8,162
廈門航空,MF887,XMN,TPE,2025-04-27,2025-04-27,8:10,10:10,7570,4450,8,162
廈門航空,MF8690,TPE,HGH,2025-05-02,2025-05-02,12:45,15:00,11560,4670,8,162
廈門航空,MF8689,HGH,TPE,2025-05-02,2025-05-02,9:55,11:45,7570,3455,8,162
廈門航空,MF888,TPE,XMN,2025-04-28,2025-04-28,11:00,12:45,7380,4670,8,162
廈門航空,MF888,TPE,XMN,2025-04-29,2025-04-29,11:00,12:45,7380,4670,8,162
廈門航空,MF888,TPE,XMN,2025-04-30,2025-04-30,11:00,12:45,7380,4670,8,162
廈門航空,MF888,TPE,XMN,2025-05-01,2025-05-01,11:00,12:45,7380,4670,8,162
廈門航空,MF888,TPE,XMN,2025-05-02,2025-05-02,11:00,12:45,7380,4670,8,162
廈門航空,MF888,TPE,XMN,2025-05-03,2025-05-03,11:00,12:45,7380,4670,8,162
廈門航空,MF888,TPE,XMN,2025-05-04,2025-05-04,11:00,12:45,7380,4670,8,162
廈門航空,MF887,XMN,TPE,2025-04-28,2025-04-28,8:10,10:10,7570,4450,8,162
廈門航空,MF887,XMN,TPE,2025-04-29,2025-04-29,8:10,10:10,7570,4450,8,162
廈門航空,MF887,XMN,TPE,2025-04-30,2025-04-30,8:10,10:10,7570,4450,8,162
廈門航空,MF887,XMN,TPE,2025-05-01,2025-05-01,8:10,10:10,7570,4450,8,162
廈門航空,MF887,XMN,TPE,2025-05-02,2025-05-02,8:10,10:10,7570,4450,8,162
廈門航空,MF887,XMN,TPE,2025-05-03,2025-05-03,8:10,10:10,7570,4450,8,162
廈門航空,MF887,XMN,TPE,2025-05-04,2025-05-04,8:10,10:10,7570,4450,8,162
廈門航空,MF8690,TPE,HGH,2025-05-09,2025-05-09,12:45,15:00,11560,4670,8,162
廈門航空,MF8689,HGH,TPE,2025-05-09,2025-05-09,9:55,11:45,7570,3455,8,162
廈門航空,MF888,TPE,XMN,2025-05-05,2025-05-05,11:00,12:45,7380,4670,8,162
廈門航空,MF888,TPE,XMN,2025-05-06,2025-05-06,11:00,12:45,7380,4670,8,162
廈門航空,MF888,TPE,XMN,2025-05-07,2025-05-07,11:00,12:45,7380,4670,8,162
廈門航空,MF888,TPE,XMN,2025-05-08,2025-05-08,11:00,12:45,7380,4670,8,162
廈門航空,MF888,TPE,XMN,2025-05-09,2025-05-09,11:00,12:45,7380,4670,8,162
廈門航空,MF888,TPE,XMN,2025-05-10,2025-05-10,11:00,12:45,7380,4670,8,162
廈門航空,MF888,TPE,XMN,2025-05-11,2025-05-11,11:00,12:45,7380,4670,8,162
廈門航空,MF887,XMN,TPE,2025-05-05,2025-05-05,8:10,10:10,7570,4450,8,162
廈門航空,MF887,XMN,TPE,2025-05-06,2025-05-06,8:10,10:10,7570,4450,8,162
廈門航空,MF887,XMN,TPE,2025-05-07,2025-05-07,8:10,10:10,7570,4450,8,162
廈門航空,MF887,XMN,TPE,2025-05-08,2025-05-08,8:10,10:10,7570,4450,8,162
廈門航空,MF887,XMN,TPE,2025-05-09,2025-05-09,8:10,10:10,7570,4450,8,162
廈門航空,MF887,XMN,TPE,2025-05-10,2025-05-10,8:10,10:10,7570,4450,8,162
廈門航空,MF887,XMN,TPE,2025-05-11,2025-05-11,8:10,10:10,7570,4450,8,162
廈門航空,MF8690,TPE,HGH,2025-05-16,2025-05-16,12:45,15:00,11560,4670,8,162
廈門航空,MF8689,HGH,TPE,2025-05-16,2025-05-16,9:55,11:45,7570,3455,8,162
廈門航空,MF888,TPE,XMN,2025-05-12,2025-05-12,11:00,12:45,7380,4670,8,162
廈門航空,MF888,TPE,XMN,2025-05-13,2025-05-13,11:00,12:45,7380,4670,8,162
廈門航空,MF888,TPE,XMN,2025-05-14,2025-05-14,11:00,12:45,7380,4670,8,162
廈門航空,MF888,TPE,XMN,2025-05-15,2025-05-15,11:00,12:45,7380,4670,8,162
廈門航空,MF888,TPE,XMN,2025-05-16,2025-05-16,11:00,12:45,7380,4670,8,162
廈門航空,MF888,TPE,XMN,2025-05-17,2025-05-17,11:00,12:45,7380,4670,8,162
廈門航空,MF888,TPE,XMN,2025-05-18,2025-05-18,11:00,12:45,7380,4670,8,162
廈門航空,MF887,XMN,TPE,2025-05-12,2025-05-12,8:10,10:10,7570,4450,8,162
廈門航空,MF887,XMN,TPE,2025-05-13,2025-05-13,8:10,10:10,7570,4450,8,162
廈門航空,MF887,XMN,TPE,2025-05-14,2025-05-14,8:10,10:10,7570,4450,8,162
廈門航空,MF887,XMN,TPE,2025-05-15,2025-05-15,8:10,10:10,7570,4450,8,162
廈門航空,MF887,XMN,TPE,2025-05-16,2025-05-16,8:10,10:10,7570,4450,8,162
廈門航空,MF887,XMN,TPE,2025-05-17,2025-05-17,8:10,10:10,7570,4450,8,162
廈門航空,MF887,XMN,TPE,2025-05-18,2025-05-18,8:10,10:10,7570,4450,8,162
廈門航空,MF8690,TPE,HGH,2025-05-23,2025-05-23,12:45,15:00,11560,4670,8,162
廈門航空,MF8689,HGH,TPE,2025-05-23,2025-05-23,9:55,11:45,7570,3455,8,162
廈門航空,MF888,TPE,XMN,2025-05-19,2025-05-19,11:00,12:45,7380,4670,8,162
廈門航空,MF888,TPE,XMN,2025-05-20,2025-05-20,11:00,12:45,7380,4670,8,162
廈門航空,MF888,TPE,XMN,2025-05-21,2025-05-21,11:00,12:45,7380,4670,8,162
廈門航空,MF888,TPE,XMN,2025-05-22,2025-05-22,11:00,12:45,7380,4670,8,162
廈門航空,MF888,TPE,XMN,2025-05-23,2025-05-23,11:00,12:45,7380,4670,8,162
廈門航空,MF888,TPE,XMN,2025-05-24,2025-05-24,11:00,12:45,7380,4670,8,162
廈門航空,MF888,TPE,XMN,2025-05-25,2025-05-25,11:00,12:45,7380,4670,8,162
廈門航空,MF887,XMN,TPE,2025-05-19,2025-05-19,8:10,10:10,7570,4450,8,162
廈門航空,MF887,XMN,TPE,2025-05-20,2025-05-20,8:10,10:10,7570,4450,8,162
廈門航空,MF887,XMN,TPE,2025-05-21,2025-05-21,8:10,10:10,7570,4450,8,162
廈門航空,MF887,XMN,TPE,2025-05-22,2025-05-22,8:10,10:10,7570,4450,8,162
廈門航空,MF887,XMN,TPE,2025-05-23,2025-05-23,8:10,10:10,7570,4450,8,162
廈門航空,MF887,XMN,TPE,2025-05-24,2025-05-24,8:10,10:10,7570,4450,8,162
廈門航空,MF887,XMN,TPE,2025-05-25,2025-05-25,8:10,10:10,7570,4450,8,162
廈門航空,MF8690,TPE,HGH,2025-05-30,2025-05-30,12:45,15:00,11560,4670,8,162
廈門航空,MF8689,HGH,TPE,2025-05-30,2025-05-30,9:55,11:45,7570,3455,8,162
廈門航空,MF888,TPE,XMN,2025-05-26,2025-05-26,11:00,12:45,7380,4670,8,162
廈門航空,MF888,TPE,XMN,2025-05-27,2025-05-27,11:00,12:45,7380,4670,8,162
廈門航空,MF888,TPE,XMN,2025-05-28,2025-05-28,11:00,12:45,7380,4670,8,162
廈門航空,MF888,TPE,XMN,2025-05-29,2025-05-29,11:00,12:45,7380,4670,8,162
廈門航空,MF888,TPE,XMN,2025-05-30,2025-05-30,11:00,12:45,7380,4670,8,162
廈門航空,MF888,TPE,XMN,2025-05-31,2025-05-31,11:00,12:45,7380,4670,8,162
廈門航空,MF888,TPE,XMN,2025-06-01,2025-06-01,11:00,12:45,7380,4670,8,162
廈門航空,MF887,XMN,TPE,2025-05-26,2025-05-26,8:10,10:10,7570,4450,8,162
廈門航空,MF887,XMN,TPE,2025-05-27,2025-05-27,8:10,10:10,7570,4450,8,162
廈門航空,MF887,XMN,TPE,2025-05-28,2025-05-28,8:10,10:10,7570,4450,8,162
廈門航空,MF887,XMN,TPE,2025-05-29,2025-05-29,8:10,10:10,7570,4450,8,162
廈門航空,MF887,XMN,TPE,2025-05-30,2025-05-30,8:10,10:10,7570,4450,8,162
廈門航空,MF887,XMN,TPE,2025-05-31,2025-05-31,8:10,10:10,7570,4450,8,162
廈門航空,MF887,XMN,TPE,2025-06-01,2025-06-01,8:10,10:10,7570,4450,8,162
廈門航空,MF8690,TPE,HGH,2025-06-06,2025-06-06,12:45,15:00,11560,4670,8,162
廈門航空,MF8689,HGH,TPE,2025-06-06,2025-06-06,9:55,11:45,7570,3455,8,162
廈門航空,MF888,TPE,XMN,2025-06-02,2025-06-02,11:00,12:45,7380,4670,8,162
廈門航空,MF888,TPE,XMN,2025-06-03,2025-06-03,11:00,12:45,7380,4670,8,162
廈門航空,MF888,TPE,XMN,2025-06-04,2025-06-04,11:00,12:45,7380,4670,8,162
廈門航空,MF888,TPE,XMN,2025-06-05,2025-06-05,11:00,12:45,7380,4670,8,162
廈門航空,MF888,TPE,XMN,2025-06-06,2025-06-06,11:00,12:45,7380,4670,8,162
廈門航空,MF888,TPE,XMN,2025-06-07,2025-06-07,11:00,12:45,7380,4670,8,162
廈門航空,MF888,TPE,XMN,2025-06-08,2025-06-08,11:00,12:45,7380,4670,8,162
廈門航空,MF887,XMN,TPE,2025-06-02,2025-06-02,8:10,10:10,7570,4450,8,162
廈門航空,MF887,XMN,TPE,2025-06-03,2025-06-03,8:10,10:10,7570,4450,8,162
廈門航空,MF887,XMN,TPE,2025-06-04,2025-06-04,8:10,10:10,7570,4450,8,162
廈門航空,MF887,XMN,TPE,2025-06-05,2025-06-05,8:10,10:10,7570,4450,8,162
廈門航空,MF887,XMN,TPE,2025-06-06,2025-06-06,8:10,10:10,7570,4450,8,162
廈門航空,MF887,XMN,TPE,2025-06-07,2025-06-07,8:10,10:10,7570,4450,8,162
廈門航空,MF887,XMN,TPE,2025-06-08,2025-06-08,8:10,10:10,7570,4450,8,162
廈門航空,MF8690,TPE,HGH,2025-06-13,2025-06-13,12:45,15:00,11560,4670,8,162
廈門航空,MF8689,HGH,TPE,2025-06-13,2025-06-13,9:55,11:45,7570,3455,8,162
廈門航空,MF888,TPE,XMN,2025-06-09,2025-06-09,11:00,12:45,7380,4670,8,162
廈門航空,MF888,TPE,XMN,2025-06-10,2025-06-10,11:00,12:45,7380,4670,8,162
廈門航空,MF888,TPE,XMN,2025-06-11,2025-06-11,11:00,12:45,7380,4670,8,162
廈門航空,MF888,TPE,XMN,2025-06-12,2025-06-12,11:00,12:45,7380,4670,8,162
廈門航空,MF888,TPE,XMN,2025-06-13,2025-06-13,11:00,12:45,7380,4670,8,162
廈門航空,MF888,TPE,XMN,2025-06-14,2025-06-14,11:00,12:45,7380,4670,8,162
廈門航空,MF888,TPE,XMN,2025-06-15,2025-06-15,11:00,12:45,7380,4670,8,162
廈門航空,MF887,XMN,TPE,2025-06-09,2025-06-09,8:10,10:10,7570,4450,8,162
廈門航空,MF887,XMN,TPE,2025-06-10,2025-06-10,8:10,10:10,7570,4450,8,162
廈門航空,MF887,XMN,TPE,2025-06-11,2025-06-11,8:10,10:10,7570,4450,8,162
廈門航空,MF887,XMN,TPE,2025-06-12,2025-06-12,8:10,10:10,7570,4450,8,162
廈門航空,MF887,XMN,TPE,2025-06-13,2025-06-13,8:10,10:10,7570,4450,8,162
廈門航空,MF887,XMN,TPE,2025-06-14,2025-06-14,8:10,10:10,7570,4450,8,162
廈門航空,MF887,XMN,TPE,2025-06-15,2025-06-15,8:10,10:10,7570,4450,8,162
廈門航空,MF8690,TPE,HGH,2025-06-20,2025-06-20,12:45,15:00,11560,4670,8,162
廈門航空,MF8689,HGH,TPE,2025-06-20,2025-06-20,9:55,11:45,7570,3455,8,162
廈門航空,MF888,TPE,XMN,2025-06-16,2025-06-16,11:00,12:45,7380,4670,8,162
廈門航空,MF888,TPE,XMN,2025-06-17,2025-06-17,11:00,12:45,7380,4670,8,162
廈門航空,MF888,TPE,XMN,2025-06-18,2025-06-18,11:00,12:45,7380,4670,8,162
廈門航空,MF888,TPE,XMN,2025-06-19,2025-06-19,11:00,12:45,7380,4670,8,162
廈門航空,MF888,TPE,XMN,2025-06-20,2025-06-20,11:00,12:45,7380,4670,8,162
廈門航空,MF888,TPE,XMN,2025-06-21,2025-06-21,11:00,12:45,7380,4670,8,162
廈門航空,MF888,TPE,XMN,2025-06-22,2025-06-22,11:00,12:45,7380,4670,8,162
廈門航空,MF887,XMN,TPE,2025-06-16,2025-06-16,8:10,10:10,7570,4450,8,162
廈門航空,MF887,XMN,TPE,2025-06-17,2025-06-17,8:10,10:10,7570,4450,8,162
廈門航空,MF887,XMN,TPE,2025-06-18,2025-06-18,8:10,10:10,7570,4450,8,162
廈門航空,MF887,XMN,TPE,2025-06-19,2025-06-19,8:10,10:10,7570,4450,8,162
廈門航空,MF887,XMN,TPE,2025-06-20,2025-06-20,8:10,10:10,7570,4450,8,162
廈門航空,MF887,XMN,TPE,2025-06-21,2025-06-21,8:10,10:10,7570,4450,8,162
廈門航空,MF887,XMN,TPE,2025-06-22,2025-06-22,8:10,10:10,7570,4450,8,162
廈門航空,MF8690,TPE,HGH,2025-06-27,2025-06-27,12:45,15:00,11560,4670,8,162
廈門航空,MF8689,HGH,TPE,2025-06-27,2025-06-27,9:55,11:45,7570,3455,8,162
廈門航空,MF888,TPE,XMN,2025-06-23,2025-06-23,11:00,12:45,7380,4670,8,162
廈門航空,MF888,TPE,XMN,2025-06-24,2025-06-24,11:00,12:45,7380,4670,8,162
廈門航空,MF888,TPE,XMN,2025-06-25,2025-06-25,11:00,12:45,7380,4670,8,162
廈門航空,MF888,TPE,XMN,2025-06-26,2025-06-26,11:00,12:45,7380,4670,8,162
廈門航空,MF888,TPE,XMN,2025-06-27,2025-06-27,11:00,12:45,7380,4670,8,162
廈門航空,MF888,TPE,XMN,2025-06-28,2025-06-28,11:00,12:45,7380,4670,8,162
廈門航空,MF888,TPE,XMN,2025-06-29,2025-06-29,11:00,12:45,7380,4670,8,162
廈門航空,MF887,XMN,TPE,2025-06-23,2025-06-23,8:10,10:10,7570,4450,8,162
廈門航空,MF887,XMN,TPE,2025-06-24,2025-06-24,8:10,10:10,7570,4450,8,162
廈門航空,MF887,XMN,TPE,2025-06-25,2025-06-25,8:10,10:10,7570,4450,8,162
廈門航空,MF887,XMN,TPE,2025-06-26,2025-06-26,8:10,10:10,7570,4450,8,162
廈門航空,MF887,XMN,TPE,2025-06-27,2025-06-27,8:10,10:10,7570,4450,8,162
廈門航空,MF887,XMN,TPE,2025-06-28,2025-06-28,8:10,10:10,7570,4450,8,162
廈門航空,MF887,XMN,TPE,2025-06-29,2025-06-29,8:10,10:10,7570,4450,8,162
廈門航空,MF8690,TPE,HGH,2025-07-04,2025-07-04,12:45,15:00,11560,4670,8,162
廈門航空,MF8689,HGH,TPE,2025-07-04,2025-07-04,9:55,11:45,7570,3455,8,162
廈門航空,MF888,TPE,XMN,2025-06-30,2025-06-30,11:00,12:45,7380,4670,8,162
廈門航空,MF888,TPE,XMN,2025-07-01,2025-07-01,11:00,12:45,7380,4670,8,162
廈門航空,MF888,TPE,XMN,2025-07-02,2025-07-02,11:00,12:45,7380,4670,8,162
廈門航空,MF888,TPE,XMN,2025-07-03,2025-07-03,11:00,12:45,7380,4670,8,162
廈門航空,MF888,TPE,XMN,2025-07-04,2025-07-04,11:00,12:45,7380,4670,8,162
廈門航空,MF888,TPE,XMN,2025-07-05,2025-07-05,11:00,12:45,7380,4670,8,162
廈門航空,MF888,TPE,XMN,2025-07-06,2025-07-06,11:00,12:45,7380,4670,8,162
廈門航空,MF887,XMN,TPE,2025-06-30,2025-06-30,8:10,10:10,7570,4450,8,162
廈門航空,MF887,XMN,TPE,2025-07-01,2025-07-01,8:10,10:10,7570,4450,8,162
廈門航空,MF887,XMN,TPE,2025-07-02,2025-07-02,8:10,10:10,7570,4450,8,162
廈門航空,MF887,XMN,TPE,2025-07-03,2025-07-03,8:10,10:10,7570,4450,8,162
廈門航空,MF887,XMN,TPE,2025-07-04,2025-07-04,8:10,10:10,7570,4450,8,162
廈門航空,MF887,XMN,TPE,2025-07-05,2025-07-05,8:10,10:10,7570,4450,8,162
廈門航空,MF887,XMN,TPE,2025-07-06,2025-07-06,8:10,10:10,7570,4450,8,162
廈門航空,MF8690,TPE,HGH,2025-07-11,2025-07-11,12:45,15:00,11560,4670,8,162
廈門航空,MF8689,HGH,TPE,2025-07-11,2025-07-11,9:55,11:45,7570,3455,8,162
廈門航空,MF888,TPE,XMN,2025-07-07,2025-07-07,11:00,12:45,7380,4670,8,162
廈門航空,MF888,TPE,XMN,2025-07-08,2025-07-08,11:00,12:45,7380,4670,8,162
廈門航空,MF888,TPE,XMN,2025-07-09,2025-07-09,11:00,12:45,7380,4670,8,162
廈門航空,MF888,TPE,XMN,2025-07-10,2025-07-10,11:00,12:45,7380,4670,8,162
廈門航空,MF888,TPE,XMN,2025-07-11,2025-07-11,11:00,12:45,7380,4670,8,162
廈門航空,MF888,TPE,XMN,2025-07-12,2025-07-12,11:00,12:45,7380,4670,8,162
廈門航空,MF888,TPE,XMN,2025-07-13,2025-07-13,11:00,12:45,7380,4670,8,162
廈門航空,MF887,XMN,TPE,2025-07-07,2025-07-07,8:10,10:10,7570,4450,8,162
廈門航空,MF887,XMN,TPE,2025-07-08,2025-07-08,8:10,10:10,7570,4450,8,162
廈門航空,MF887,XMN,TPE,2025-07-09,2025-07-09,8:10,10:10,7570,4450,8,162
廈門航空,MF887,XMN,TPE,2025-07-10,2025-07-10,8:10,10:10,7570,4450,8,162
廈門航空,MF887,XMN,TPE,2025-07-11,2025-07-11,8:10,10:10,7570,4450,8,162
廈門航空,MF887,XMN,TPE,2025-07-12,2025-07-12,8:10,10:10,7570,4450,8,162
廈門航空,MF887,XMN,TPE,2025-07-13,2025-07-13,8:10,10:10,7570,4450,8,162
廈門航空,MF8690,TPE,HGH,2025-07-18,2025-07-18,12:45,15:00,11560,4670,8,162
廈門航空,MF8689,HGH,TPE,2025-07-18,2025-07-18,9:55,11:45,7570,3455,8,162
廈門航空,MF888,TPE,XMN,2025-07-14,2025-07-14,11:00,12:45,7380,4670,8,162
廈門航空,MF888,TPE,XMN,2025-07-15,2025-07-15,11:00,12:45,7380,4670,8,162
廈門航空,MF888,TPE,XMN,2025-07-16,2025-07-16,11:00,12:45,7380,4670,8,162
廈門航空,MF888,TPE,XMN,2025-07-17,2025-07-17,11:00,12:45,7380,4670,8,162
廈門航空,MF888,TPE,XMN,2025-07-18,2025-07-18,11:00,12:45,7380,4670,8,162
廈門航空,MF888,TPE,XMN,2025-07-19,2025-07-19,11:00,12:45,7380,4670,8,162
廈門航空,MF888,TPE,XMN,2025-07-20,2025-07-20,11:00,12:45,7380,4670,8,162
廈門航空,MF887,XMN,TPE,2025-07-14,2025-07-14,8:10,10:10,7570,4450,8,162
廈門航空,MF887,XMN,TPE,2025-07-15,2025-07-15,8:10,10:10,7570,4450,8,162
廈門航空,MF887,XMN,TPE,2025-07-16,2025-07-16,8:10,10:10,7570,4450,8,162
廈門航空,MF887,XMN,TPE,2025-07-17,2025-07-17,8:10,10:10,7570,4450,8,162
廈門航空,MF887,XMN,TPE,2025-07-18,2025-07-18,8:10,10:10,7570,4450,8,162
廈門航空,MF887,XMN,TPE,2025-07-19,2025-07-19,8:10,10:10,7570,4450,8,162
廈門航空,MF887,XMN,TPE,2025-07-20,2025-07-20,8:10,10:10,7570,4450,8,162
廈門航空,MF8690,TPE,HGH,2025-07-25,2025-07-25,12:45,15:00,11560,4670,8,162
廈門航空,MF8689,HGH,TPE,2025-07-25,2025-07-25,9:55,11:45,7570,3455,8,162
廈門航空,MF888,TPE,XMN,2025-07-21,2025-07-21,11:00,12:45,7380,4670,8,162
廈門航空,MF888,TPE,XMN,2025-07-22,2025-07-22,11:00,12:45,7380,4670,8,162
廈門航空,MF888,TPE,XMN,2025-07-23,2025-07-23,11:00,12:45,7380,4670,8,162
廈門航空,MF888,TPE,XMN,2025-07-24,2025-07-24,11:00,12:45,7380,4670,8,162
廈門航空,MF888,TPE,XMN,2025-07-25,2025-07-25,11:00,12:45,7380,4670,8,162
廈門航空,MF888,TPE,XMN,2025-07-26,2025-07-26,11:00,12:45,7380,4670,8,162
廈門航空,MF888,TPE,XMN,2025-07-27,2025-07-27,11:00,12:45,7380,4670,8,162
廈門航空,MF887,XMN,TPE,2025-07-21,2025-07-21,8:10,10:10,7570,4450,8,162
廈門航空,MF887,XMN,TPE,2025-07-22,2025-07-22,8:10,10:10,7570,4450,8,162
廈門航空,MF887,XMN,TPE,2025-07-23,2025-07-23,8:10,10:10,7570,4450,8,162
廈門航空,MF887,XMN,TPE,2025-07-24,2025-07-24,8:10,10:10,7570,4450,8,162
廈門航空,MF887,XMN,TPE,2025-07-25,2025-07-25,8:10,10:10,7570,4450,8,162
廈門航空,MF887,XMN,TPE,2025-07-26,2025-07-26,8:10,10:10,7570,4450,8,162
廈門航空,MF887,XMN,TPE,2025-07-27,2025-07-27,8:10,10:10,7570,4450,8,162
廈門航空,MF8690,TPE,HGH,2025-08-01,2025-08-01,12:45,15:00,11560,4670,8,162
廈門航空,MF8689,HGH,TPE,2025-08-01,2025-08-01,9:55,11:45,7570,3455,8,162
廈門航空,MF888,TPE,XMN,2025-07-28,2025-07-28,11:00,12:45,7380,4670,8,162
廈門航空,MF888,TPE,XMN,2025-07-29,2025-07-29,11:00,12:45,7380,4670,8,162
廈門航空,MF888,TPE,XMN,2025-07-30,2025-07-30,11:00,12:45,7380,4670,8,162
廈門航空,MF888,TPE,XMN,2025-07-31,2025-07-31,11:00,12:45,7380,4670,8,162
廈門航空,MF888,TPE,XMN,2025-08-01,2025-08-01,11:00,12:45,7380,4670,8,162
廈門航空,MF888,TPE,XMN,2025-08-02,2025-08-02,11:00,12:45,7380,4670,8,162
廈門航空,MF888,TPE,XMN,2025-08-03,2025-08-03,11:00,12:45,7380,4670,8,162
廈門航空,MF887,XMN,TPE,2025-07-28,2025-07-28,8:10,10:10,7570,4450,8,162
廈門航空,MF887,XMN,TPE,2025-07-29,2025-07-29,8:10,10:10,7570,4450,8,162
廈門航空,MF887,XMN,TPE,2025-07-30,2025-07-30,8:10,10:10,7570,4450,8,162
廈門航空,MF887,XMN,TPE,2025-07-31,2025-07-31,8:10,10:10,7570,4450,8,162
廈門航空,MF887,XMN,TPE,2025-08-01,2025-08-01,8:10,10:10,7570,4450,8,162
廈門航空,MF887,XMN,TPE,2025-08-02,2025-08-02,8:10,10:10,7570,4450,8,162
廈門航空,MF887,XMN,TPE,2025-08-03,2025-08-03,8:10,10:10,7570,4450,8,162
廈門航空,MF8690,TPE,HGH,2025-08-08,2025-08-08,12:45,15:00,11560,4670,8,162
廈門航空,MF8689,HGH,TPE,2025-08-08,2025-08-08,9:55,11:45,7570,3455,8,162
廈門航空,MF888,TPE,XMN,2025-08-04,2025-08-04,11:00,12:45,7380,4670,8,162
廈門航空,MF888,TPE,XMN,2025-08-05,2025-08-05,11:00,12:45,7380,4670,8,162
廈門航空,MF888,TPE,XMN,2025-08-06,2025-08-06,11:00,12:45,7380,4670,8,162
廈門航空,MF888,TPE,XMN,2025-08-07,2025-08-07,11:00,12:45,7380,4670,8,162
廈門航空,MF888,TPE,XMN,2025-08-08,2025-08-08,11:00,12:45,7380,4670,8,162
廈門航空,MF888,TPE,XMN,2025-08-09,2025-08-09,11:00,12:45,7380,4670,8,162
廈門航空,MF888,TPE,XMN,2025-08-10,2025-08-10,11:00,12:45,7380,4670,8,162
廈門航空,MF887,XMN,TPE,2025-08-04,2025-08-04,8:10,10:10,7570,4450,8,162
廈門航空,MF887,XMN,TPE,2025-08-05,2025-08-05,8:10,10:10,7570,4450,8,162
廈門航空,MF887,XMN,TPE,2025-08-06,2025-08-06,8:10,10:10,7570,4450,8,162
廈門航空,MF887,XMN,TPE,2025-08-07,2025-08-07,8:10,10:10,7570,4450,8,162
廈門航空,MF887,XMN,TPE,2025-08-08,2025-08-08,8:10,10:10,7570,4450,8,162
廈門航空,MF887,XMN,TPE,2025-08-09,2025-08-09,8:10,10:10,7570,4450,8,162
廈門航空,MF887,XMN,TPE,2025-08-10,2025-08-10,8:10,10:10,7570,4450,8,162
廈門航空,MF8690,TPE,HGH,2025-08-15,2025-08-15,12:45,15:00,11560,4670,8,162
廈門航空,MF8689,HGH,TPE,2025-08-15,2025-08-15,9:55,11:45,7570,3455,8,162
廈門航空,MF888,TPE,XMN,2025-08-11,2025-08-11,11:00,12:45,7380,4670,8,162
廈門航空,MF888,TPE,XMN,2025-08-12,2025-08-12,11:00,12:45,7380,4670,8,162
廈門航空,MF888,TPE,XMN,2025-08-13,2025-08-13,11:00,12:45,7380,4670,8,162
廈門航空,MF888,TPE,XMN,2025-08-14,2025-08-14,11:00,12:45,7380,4670,8,162
廈門航空,MF888,TPE,XMN,2025-08-15,2025-08-15,11:00,12:45,7380,4670,8,162
廈門航空,MF888,TPE,XMN,2025-08-16,2025-08-16,11:00,12:45,7380,4670,8,162
廈門航空,MF888,TPE,XMN,2025-08-17,2025-08-17,11:00,12:45,7380,4670,8,162
廈門航空,MF887,XMN,TPE,2025-08-11,2025-08-11,8:10,10:10,7570,4450,8,162
廈門航空,MF887,XMN,TPE,2025-08-12,2025-08-12,8:10,10:10,7570,4450,8,162
廈門航空,MF887,XMN,TPE,2025-08-13,2025-08-13,8:10,10:10,7570,4450,8,162
廈門航空,MF887,XMN,TPE,2025-08-14,2025-08-14,8:10,10:10,7570,4450,8,162
廈門航空,MF887,XMN,TPE,2025-08-15,2025-08-15,8:10,10:10,7570,4450,8,162
廈門航空,MF887,XMN,TPE,2025-08-16,2025-08-16,8:10,10:10,7570,4450,8,162
廈門航空,MF887,XMN,TPE,2025-08-17,2025-08-17,8:10,10:10,7570,4450,8,162
廈門航空,MF8690,TPE,HGH,2025-08-22,2025-08-22,12:45,15:00,11560,4670,8,162
廈門航空,MF8689,HGH,TPE,2025-08-22,2025-08-22,9:55,11:45,7570,3455,8,162
廈門航空,MF888,TPE,XMN,2025-08-18,2025-08-18,11:00,12:45,7380,4670,8,162
廈門航空,MF888,TPE,XMN,2025-08-19,2025-08-19,11:00,12:45,7380,4670,8,162
廈門航空,MF888,TPE,XMN,2025-08-20,2025-08-20,11:00,12:45,7380,4670,8,162
廈門航空,MF888,TPE,XMN,2025-08-21,2025-08-21,11:00,12:45,7380,4670,8,162
廈門航空,MF888,TPE,XMN,2025-08-22,2025-08-22,11:00,12:45,7380,4670,8,162
廈門航空,MF888,TPE,XMN,2025-08-23,2025-08-23,11:00,12:45,7380,4670,8,162
廈門航空,MF888,TPE,XMN,2025-08-24,2025-08-24,11:00,12:45,7380,4670,8,162
廈門航空,MF887,XMN,TPE,2025-08-18,2025-08-18,8:10,10:10,7570,4450,8,162
廈門航空,MF887,XMN,TPE,2025-08-19,2025-08-19,8:10,10:10,7570,4450,8,162
廈門航空,MF887,XMN,TPE,2025-08-20,2025-08-20,8:10,10:10,7570,4450,8,162
廈門航空,MF887,XMN,TPE,2025-08-21,2025-08-21,8:10,10:10,7570,4450,8,162
廈門航空,MF887,XMN,TPE,2025-08-22,2025-08-22,8:10,10:10,7570,4450,8,162
廈門航空,MF887,XMN,TPE,2025-08-23,2025-08-23,8:10,10:10,7570,4450,8,162
廈門航空,MF887,XMN,TPE,2025-08-24,2025-08-24,8:10,10:10,7570,4450,8,162
廈門航空,MF8690,TPE,HGH,2025-08-29,2025-08-29,12:45,15:00,11560,4670,8,162
廈門航空,MF8689,HGH,TPE,2025-08-29,2025-08-29,9:55,11:45,7570,3455,8,162
廈門航空,MF888,TPE,XMN,2025-08-25,2025-08-25,11:00,12:45,7380,4670,8,162
廈門航空,MF888,TPE,XMN,2025-08-26,2025-08-26,11:00,12:45,7380,4670,8,162
廈門航空,MF888,TPE,XMN,2025-08-27,2025-08-27,11:00,12:45,7380,4670,8,162
廈門航空,MF888,TPE,XMN,2025-08-28,2025-08-28,11:00,12:45,7380,4670,8,162
廈門航空,MF888,TPE,XMN,2025-08-29,2025-08-29,11:00,12:45,7380,4670,8,162
廈門航空,MF888,TPE,XMN,2025-08-30,2025-08-30,11:00,12:45,7380,4670,8,162
廈門航空,MF888,TPE,XMN,2025-08-31,2025-08-31,11:00,12:45,7380,4670,8,162
廈門航空,MF887,XMN,TPE,2025-08-25,2025-08-25,8:10,10:10,7570,4450,8,162
廈門航空,MF887,XMN,TPE,2025-08-26,2025-08-26,8:10,10:10,7570,4450,8,162
廈門航空,MF887,XMN,TPE,2025-08-27,2025-08-27,8:10,10:10,7570,4450,8,162
廈門航空,MF887,XMN,TPE,2025-08-28,2025-08-28,8:10,10:10,7570,4450,8,162
廈門航空,MF887,XMN,TPE,2025-08-29,2025-08-29,8:10,10:10,7570,4450,8,162
廈門航空,MF887,XMN,TPE,2025-08-30,2025-08-30,8:10,10:10,7570,4450,8,162
廈門航空,MF887,XMN,TPE,2025-08-31,2025-08-31,8:10,10:10,7570,4450,8,162
廈門航空,MF8690,TPE,HGH,2025-09-05,2025-09-05,12:45,15:00,11560,4670,8,162
廈門航空,MF8689,HGH,TPE,2025-09-05,2025-09-05,9:55,11:45,7570,3455,8,162
廈門航空,MF888,TPE,XMN,2025-09-01,2025-09-01,11:00,12:45,7380,4670,8,162
廈門航空,MF888,TPE,XMN,2025-09-02,2025-09-02,11:00,12:45,7380,4670,8,162
廈門航空,MF888,TPE,XMN,2025-09-03,2025-09-03,11:00,12:45,7380,4670,8,162
廈門航空,MF888,TPE,XMN,2025-09-04,2025-09-04,11:00,12:45,7380,4670,8,162
廈門航空,MF888,TPE,XMN,2025-09-05,2025-09-05,11:00,12:45,7380,4670,8,162
廈門航空,MF888,TPE,XMN,2025-09-06,2025-09-06,11:00,12:45,7380,4670,8,162
廈門航空,MF888,TPE,XMN,2025-09-07,2025-09-07,11:00,12:45,7380,4670,8,162
廈門航空,MF887,XMN,TPE,2025-09-01,2025-09-01,8:10,10:10,7570,4450,8,162
廈門航空,MF887,XMN,TPE,2025-09-02,2025-09-02,8:10,10:10,7570,4450,8,162
廈門航空,MF887,XMN,TPE,2025-09-03,2025-09-03,8:10,10:10,7570,4450,8,162
廈門航空,MF887,XMN,TPE,2025-09-04,2025-09-04,8:10,10:10,7570,4450,8,162
廈門航空,MF887,XMN,TPE,2025-09-05,2025-09-05,8:10,10:10,7570,4450,8,162
廈門航空,MF887,XMN,TPE,2025-09-06,2025-09-06,8:10,10:10,7570,4450,8,162
廈門航空,MF887,XMN,TPE,2025-09-07,2025-09-07,8:10,10:10,7570,4450,8,162
廈門航空,MF8690,TPE,HGH,2025-09-12,2025-09-12,12:45,15:00,11560,4670,8,162
廈門航空,MF8689,HGH,TPE,2025-09-12,2025-09-12,9:55,11:45,7570,3455,8,162
廈門航空,MF888,TPE,XMN,2025-09-08,2025-09-08,11:00,12:45,7380,4670,8,162
廈門航空,MF888,TPE,XMN,2025-09-09,2025-09-09,11:00,12:45,7380,4670,8,162
廈門航空,MF888,TPE,XMN,2025-09-10,2025-09-10,11:00,12:45,7380,4670,8,162
廈門航空,MF888,TPE,XMN,2025-09-11,2025-09-11,11:00,12:45,7380,4670,8,162
廈門航空,MF888,TPE,XMN,2025-09-12,2025-09-12,11:00,12:45,7380,4670,8,162
廈門航空,MF888,TPE,XMN,2025-09-13,2025-09-13,11:00,12:45,7380,4670,8,162
廈門航空,MF888,TPE,XMN,2025-09-14,2025-09-14,11:00,12:45,7380,4670,8,162
廈門航空,MF887,XMN,TPE,2025-09-08,2025-09-08,8:10,10:10,7570,4450,8,162
廈門航空,MF887,XMN,TPE,2025-09-09,2025-09-09,8:10,10:10,7570,4450,8,162
廈門航空,MF887,XMN,TPE,2025-09-10,2025-09-10,8:10,10:10,7570,4450,8,162
廈門航空,MF887,XMN,TPE,2025-09-11,2025-09-11,8:10,10:10,7570,4450,8,162
廈門航空,MF887,XMN,TPE,2025-09-12,2025-09-12,8:10,10:10,7570,4450,8,162
廈門航空,MF887,XMN,TPE,2025-09-13,2025-09-13,8:10,10:10,7570,4450,8,162
廈門航空,MF887,XMN,TPE,2025-09-14,2025-09-14,8:10,10:10,7570,4450,8,162
廈門航空,MF8690,TPE,HGH,2025-09-19,2025-09-19,12:45,15:00,11560,4670,8,162
廈門航空,MF8689,HGH,TPE,2025-09-19,2025-09-19,9:55,11:45,7570,3455,8,162
廈門航空,MF888,TPE,XMN,2025-09-15,2025-09-15,11:00,12:45,7380,4670,8,162
廈門航空,MF888,TPE,XMN,2025-09-16,2025-09-16,11:00,12:45,7380,4670,8,162
廈門航空,MF888,TPE,XMN,2025-09-17,2025-09-17,11:00,12:45,7380,4670,8,162
廈門航空,MF888,TPE,XMN,2025-09-18,2025-09-18,11:00,12:45,7380,4670,8,162
廈門航空,MF888,TPE,XMN,2025-09-19,2025-09-19,11:00,12:45,7380,4670,8,162
廈門航空,MF888,TPE,XMN,2025-09-20,2025-09-20,11:00,12:45,7380,4670,8,162
廈門航空,MF888,TPE,XMN,2025-09-21,2025-09-21,11:00,12:45,7380,4670,8,162
廈門航空,MF887,XMN,TPE,2025-09-15,2025-09-15,8:10,10:10,7570,4450,8,162
廈門航空,MF887,XMN,TPE,2025-09-16,2025-09-16,8:10,10:10,7570,4450,8,162
廈門航空,MF887,XMN,TPE,2025-09-17,2025-09-17,8:10,10:10,7570,4450,8,162
廈門航空,MF887,XMN,TPE,2025-09-18,2025-09-18,8:10,10:10,7570,4450,8,162
廈門航空,MF887,XMN,TPE,2025-09-19,2025-09-19,8:10,10:10,7570,4450,8,162
廈門航空,MF887,XMN,TPE,2025-09-20,2025-09-20,8:10,10:10,7570,4450,8,162
廈門航空,MF887,XMN,TPE,2025-09-21,2025-09-21,8:10,10:10,7570,4450,8,162
廈門航空,MF8690,TPE,HGH,2025-09-26,2025-09-26,12:45,15:00,11560,4670,8,162
廈門航空,MF8689,HGH,TPE,2025-09-26,2025-09-26,9:55,11:45,7570,3455,8,162
廈門航空,MF888,TPE,XMN,2025-09-22,2025-09-22,11:00,12:45,7380,4670,8,162
廈門航空,MF888,TPE,XMN,2025-09-23,2025-09-23,11:00,12:45,7380,4670,8,162
廈門航空,MF888,TPE,XMN,2025-09-24,2025-09-24,11:00,12:45,7380,4670,8,162
廈門航空,MF888,TPE,XMN,2025-09-25,2025-09-25,11:00,12:45,7380,4670,8,162
廈門航空,MF888,TPE,XMN,2025-09-26,2025-09-26,11:00,12:45,7380,4670,8,162
廈門航空,MF888,TPE,XMN,2025-09-27,2025-09-27,11:00,12:45,7380,4670,8,162
廈門航空,MF888,TPE,XMN,2025-09-28,2025-09-28,11:00,12:45,7380,4670,8,162
廈門航空,MF887,XMN,TPE,2025-09-22,2025-09-22,8:10,10:10,7570,4450,8,162
廈門航空,MF887,XMN,TPE,2025-09-23,2025-09-23,8:10,10:10,7570,4450,8,162
廈門航空,MF887,XMN,TPE,2025-09-24,2025-09-24,8:10,10:10,7570,4450,8,162
廈門航空,MF887,XMN,TPE,2025-09-25,2025-09-25,8:10,10:10,7570,4450,8,162
廈門航空,MF887,XMN,TPE,2025-09-26,2025-09-26,8:10,10:10,7570,4450,8,162
廈門航空,MF887,XMN,TPE,2025-09-27,2025-09-27,8:10,10:10,7570,4450,8,162
廈門航空,MF887,XMN,TPE,2025-09-28,2025-09-28,8:10,10:10,7570,4450,8,162
廈門航空,MF8690,TPE,HGH,2025-10-03,2025-10-03,12:45,15:00,11560,4670,8,162
廈門航空,MF8689,HGH,TPE,2025-10-03,2025-10-03,9:55,11:45,7570,3455,8,162
廈門航空,MF888,TPE,XMN,2025-09-29,2025-09-29,11:00,12:45,7380,4670,8,162
廈門航空,MF888,TPE,XMN,2025-09-30,2025-09-30,11:00,12:45,7380,4670,8,162
廈門航空,MF888,TPE,XMN,2025-10-01,2025-10-01,11:00,12:45,7380,4670,8,162
廈門航空,MF888,TPE,XMN,2025-10-02,2025-10-02,11:00,12:45,7380,4670,8,162
廈門航空,MF888,TPE,XMN,2025-10-03,2025-10-03,11:00,12:45,7380,4670,8,162
廈門航空,MF888,TPE,XMN,2025-10-04,2025-10-04,11:00,12:45,7380,4670,8,162
廈門航空,MF888,TPE,XMN,2025-10-05,2025-10-05,11:00,12:45,7380,4670,8,162
廈門航空,MF887,XMN,TPE,2025-09-29,2025-09-29,8:10,10:10,7570,4450,8,162
廈門航空,MF887,XMN,TPE,2025-09-30,2025-09-30,8:10,10:10,7570,4450,8,162
廈門航空,MF887,XMN,TPE,2025-10-01,2025-10-01,8:10,10:10,7570,4450,8,162
廈門航空,MF887,XMN,TPE,2025-10-02,2025-10-02,8:10,10:10,7570,4450,8,162
廈門航空,MF887,XMN,TPE,2025-10-03,2025-10-03,8:10,10:10,7570,4450,8,162
廈門航空,MF887,XMN,TPE,2025-10-04,2025-10-04,8:10,10:10,7570,4450,8,162
廈門航空,MF887,XMN,TPE,2025-10-05,2025-10-05,8:10,10:10,7570,4450,8,162
廈門航空,MF8690,TPE,HGH,2025-10-10,2025-10-10,12:45,15:00,11560,4670,8,162
廈門航空,MF8689,HGH,TPE,2025-10-10,2025-10-10,9:55,11:45,7570,3455,8,162
廈門航空,MF888,TPE,XMN,2025-10-06,2025-10-06,11:00,12:45,7380,4670,8,162
廈門航空,MF888,TPE,XMN,2025-10-07,2025-10-07,11:00,12:45,7380,4670,8,162
廈門航空,MF888,TPE,XMN,2025-10-08,2025-10-08,11:00,12:45,7380,4670,8,162
廈門航空,MF888,TPE,XMN,2025-10-09,2025-10-09,11:00,12:45,7380,4670,8,162
廈門航空,MF888,TPE,XMN,2025-10-10,2025-10-10,11:00,12:45,7380,4670,8,162
廈門航空,MF888,TPE,XMN,2025-10-11,2025-10-11,11:00,12:45,7380,4670,8,162
廈門航空,MF888,TPE,XMN,2025-10-12,2025-10-12,11:00,12:45,7380,4670,8,162
廈門航空,MF887,XMN,TPE,2025-10-06,2025-10-06,8:10,10:10,7570,4450,8,162
廈門航空,MF887,XMN,TPE,2025-10-07,2025-10-07,8:10,10:10,7570,4450,8,162
廈門航空,MF887,XMN,TPE,2025-10-08,2025-10-08,8:10,10:10,7570,4450,8,162
廈門航空,MF887,XMN,TPE,2025-10-09,2025-10-09,8:10,10:10,7570,4450,8,162
廈門航空,MF887,XMN,TPE,2025-10-10,2025-10-10,8:10,10:10,7570,4450,8,162
廈門航空,MF887,XMN,TPE,2025-10-11,2025-10-11,8:10,10:10,7570,4450,8,162
廈門航空,MF887,XMN,TPE,2025-10-12,2025-10-12,8:10,10:10,7570,4450,8,162
廈門航空,MF8690,TPE,HGH,2025-10-17,2025-10-17,12:45,15:00,11560,4670,8,162
廈門航空,MF8689,HGH,TPE,2025-10-17,2025-10-17,9:55,11:45,7570,3455,8,162
廈門航空,MF888,TPE,XMN,2025-10-13,2025-10-13,11:00,12:45,7380,4670,8,162
廈門航空,MF888,TPE,XMN,2025-10-14,2025-10-14,11:00,12:45,7380,4670,8,162
廈門航空,MF888,TPE,XMN,2025-10-15,2025-10-15,11:00,12:45,7380,4670,8,162
廈門航空,MF888,TPE,XMN,2025-10-16,2025-10-16,11:00,12:45,7380,4670,8,162
廈門航空,MF888,TPE,XMN,2025-10-17,2025-10-17,11:00,12:45,7380,4670,8,162
廈門航空,MF888,TPE,XMN,2025-10-18,2025-10-18,11:00,12:45,7380,4670,8,162
廈門航空,MF888,TPE,XMN,2025-10-19,2025-10-19,11:00,12:45,7380,4670,8,162
廈門航空,MF887,XMN,TPE,2025-10-13,2025-10-13,8:10,10:10,7570,4450,8,162
廈門航空,MF887,XMN,TPE,2025-10-14,2025-10-14,8:10,10:10,7570,4450,8,162
廈門航空,MF887,XMN,TPE,2025-10-15,2025-10-15,8:10,10:10,7570,4450,8,162
廈門航空,MF887,XMN,TPE,2025-10-16,2025-10-16,8:10,10:10,7570,4450,8,162
廈門航空,MF887,XMN,TPE,2025-10-17,2025-10-17,8:10,10:10,7570,4450,8,162
廈門航空,MF887,XMN,TPE,2025-10-18,2025-10-18,8:10,10:10,7570,4450,8,162
廈門航空,MF887,XMN,TPE,2025-10-19,2025-10-19,8:10,10:10,7570,4450,8,162
廈門航空,MF8690,TPE,HGH,2025-10-24,2025-10-24,12:45,15:00,11560,4670,8,162
廈門航空,MF8689,HGH,TPE,2025-10-24,2025-10-24,9:55,11:45,7570,3455,8,162
廈門航空,MF888,TPE,XMN,2025-10-20,2025-10-20,11:00,12:45,7380,4670,8,162
廈門航空,MF888,TPE,XMN,2025-10-21,2025-10-21,11:00,12:45,7380,4670,8,162
廈門航空,MF888,TPE,XMN,2025-10-22,2025-10-22,11:00,12:45,7380,4670,8,162
廈門航空,MF888,TPE,XMN,2025-10-23,2025-10-23,11:00,12:45,7380,4670,8,162
廈門航空,MF888,TPE,XMN,2025-10-24,2025-10-24,11:00,12:45,7380,4670,8,162
廈門航空,MF888,TPE,XMN,2025-10-25,2025-10-25,11:00,12:45,7380,4670,8,162
廈門航空,MF888,TPE,XMN,2025-10-26,2025-10-26,11:00,12:45,7380,4670,8,162
廈門航空,MF887,XMN,TPE,2025-10-20,2025-10-20,8:10,10:10,7570,4450,8,162
廈門航空,MF887,XMN,TPE,2025-10-21,2025-10-21,8:10,10:10,7570,4450,8,162
廈門航空,MF887,XMN,TPE,2025-10-22,2025-10-22,8:10,10:10,7570,4450,8,162
廈門航空,MF887,XMN,TPE,2025-10-23,2025-10-23,8:10,10:10,7570,4450,8,162
廈門航空,MF887,XMN,TPE,2025-10-24,2025-10-24,8:10,10:10,7570,4450,8,162
廈門航空,MF887,XMN,TPE,2025-10-25,2025-10-25,8:10,10:10,7570,4450,8,162
廈門航空,MF887,XMN,TPE,2025-10-26,2025-10-26,8:10,10:10,7570,4450,8,162
廈門航空,MF8690,TPE,HGH,2025-10-31,2025-10-31,12:45,15:00,11560,4670,8,162
廈門航空,MF8689,HGH,TPE,2025-10-31,2025-10-31,9:55,11:45,7570,3455,8,162
廈門航空,MF888,TPE,XMN,2025-10-27,2025-10-27,11:00,12:45,7380,4670,8,162
廈門航空,MF888,TPE,XMN,2025-10-28,2025-10-28,11:00,12:45,7380,4670,8,162
廈門航空,MF888,TPE,XMN,2025-10-29,2025-10-29,11:00,12:45,7380,4670,8,162
廈門航空,MF888,TPE,XMN,2025-10-30,2025-10-30,11:00,12:45,7380,4670,8,162
廈門航空,MF888,TPE,XMN,2025-10-31,2025-10-31,11:00,12:45,7380,4670,8,162
廈門航空,MF888,TPE,XMN,2025-11-01,2025-11-01,11:00,12:45,7380,4670,8,162
廈門航空,MF888,TPE,XMN,2025-11-02,2025-11-02,11:00,12:45,7380,4670,8,162
廈門航空,MF887,XMN,TPE,2025-10-27,2025-10-27,8:10,10:10,7570,4450,8,162
廈門航空,MF887,XMN,TPE,2025-10-28,2025-10-28,8:10,10:10,7570,4450,8,162
廈門航空,MF887,XMN,TPE,2025-10-29,2025-10-29,8:10,10:10,7570,4450,8,162
廈門航空,MF887,XMN,TPE,2025-10-30,2025-10-30,8:10,10:10,7570,4450,8,162
廈門航空,MF887,XMN,TPE,2025-10-31,2025-10-31,8:10,10:10,7570,4450,8,162
廈門航空,MF887,XMN,TPE,2025-11-01,2025-11-01,8:10,10:10,7570,4450,8,162
廈門航空,MF887,XMN,TPE,2025-11-02,2025-11-02,8:10,10:10,7570,4450,8,162